tensorflow,https://github.com/tensorflow/tensorflow/commit/35af094b674629be64b2efa02c8d5a8f15de5f18
tensorflow,https://github.com/tensorflow/tensorflow/commit/c3b618f959f8afcec8c42a6ab9639c047e61c518
tensorflow,https://github.com/tensorflow/tensorflow/commit/c9c83bb391380374bf476b30448693e139e8752c
tensorflow,https://github.com/tensorflow/tensorflow/commit/3f9da0a5aa614b8832f4e8ec657ff2a306274f0a
tensorflow,https://github.com/tensorflow/tensorflow/commit/5b43e7d9f8773988ce71efb958df833f03b1d0f5
tensorflow,https://github.com/tensorflow/tensorflow/commit/49d64711af8a28aafb1eca4cdf20661a5511700e
tensorflow,https://github.com/tensorflow/tensorflow/commit/cab540c99addebd0a232ab46041dc559ef643fa7
tensorflow,https://github.com/tensorflow/tensorflow/commit/71dd9fee078d76ed97559bf47469a3ad3f81619a
tensorflow,https://github.com/tensorflow/tensorflow/commit/6a0c81249b8a451be900125e5cf5aa7e6ce85c9f
tensorflow,https://github.com/tensorflow/tensorflow/commit/11ac97b2e881973ffb332ff2aba9c45a86629fd5
tensorflow,https://github.com/tensorflow/tensorflow/commit/3f7f0be0eded089f3615a9d14fc5b0a2c5a7ad36
tensorflow,https://github.com/tensorflow/tensorflow/commit/a2291251e3b9b7cae26666aedf0557d059241afc
tensorflow,https://github.com/tensorflow/tensorflow/commit/bea53c9ad42dd5150ef9954c4aefc4bc2fd90de4
tensorflow,https://github.com/tensorflow/tensorflow/commit/542172b0394127cc67fc8130e1b3658cdf0174a5
tensorflow,https://github.com/tensorflow/tensorflow/commit/c72dbfc17b8aba90da3d26036387016cee23bc2f
tensorflow,https://github.com/tensorflow/tensorflow/commit/221220f141dd47a393d8b8dcafd9a3289137fc36
tensorflow,https://github.com/tensorflow/tensorflow/commit/5cfe3aca5e1b006528d1c71e00e641c69cff7928
tensorflow,https://github.com/tensorflow/tensorflow/commit/aa29a22fddfee7510e9d9239f56aecfa0260ef59
tensorflow,https://github.com/tensorflow/tensorflow/commit/c395b48cdbbad799e93415fd2bf5c9d3726967b5
tensorflow,https://github.com/tensorflow/tensorflow/commit/ba451bde470e0d5cfe6d40c42f17035b17fd9538
tensorflow,https://github.com/tensorflow/tensorflow/commit/b5b8550ff099b4ace636ce6784d7a4d46268e9e7
tensorflow,https://github.com/tensorflow/tensorflow/commit/662e615ccfa2ba1aa20c52be122a81343558d9cf
tensorflow,https://github.com/tensorflow/tensorflow/commit/1123fb3da1b2a8977bb01fc285a7be8f81914201
tensorflow,https://github.com/tensorflow/tensorflow/commit/e0b4ce7751e929ae4de6a0e43bf6b8081c8e5d25
tensorflow,https://github.com/tensorflow/tensorflow/commit/397096ed623d97bd9a44dbd4c9ac91f7a1455449
tensorflow,https://github.com/tensorflow/tensorflow/commit/ee3b0a6c7c0273cf3a9314e0e89dc1520471581a
tensorflow,https://github.com/tensorflow/tensorflow/commit/28da2fbf14db06df78a3eb4553fde4b5c762d903
tensorflow,https://github.com/tensorflow/tensorflow/commit/e6538d9e0b7b61d3b1865a052ad7cb62b0add5a7
tensorflow,https://github.com/tensorflow/tensorflow/commit/5f5d1433f9b75464d748f553128e37e36ab55c12
tensorflow,https://github.com/tensorflow/tensorflow/commit/85ea63741928b4ff2182112f8cf7f12673cc9fe0
tensorflow,https://github.com/tensorflow/tensorflow/commit/eb24a0da6f2b25abd5a128b8ac6aeb1bb6eaa290
tensorflow,https://github.com/tensorflow/tensorflow/commit/30b8166b0ed8e61260e961e3cd60a61678544316
tensorflow,https://github.com/tensorflow/tensorflow/commit/86f124fe7d01d8de95a9457f99b8a8d499dafc65
tensorflow,https://github.com/tensorflow/tensorflow/commit/6c1a8e4dcc8b6a05cfbb3c47bb85ef5f9e8d8800
tensorflow,https://github.com/tensorflow/tensorflow/commit/07e48f1c97963b9918e9ae6aaba79143226162de
tensorflow,https://github.com/tensorflow/tensorflow/commit/e1cd322f067a222c7cb91a4213196d1ecbc057b1
tensorflow,https://github.com/tensorflow/tensorflow/commit/4e800be1bdc2bc4fb07123527c6b5b3361c9cca7
tensorflow,https://github.com/tensorflow/tensorflow/commit/70b6a4811eb0f964f55ed9ccec9fda7dc3c3b2a2
tensorflow,https://github.com/tensorflow/tensorflow/commit/61163051af7315f10c18d4fd99d7a6f40d8cd766
tensorflow,https://github.com/tensorflow/tensorflow/commit/972a7e1689cea57854c788ba6ffdff2983d36fc4
tensorflow,https://github.com/tensorflow/tensorflow/commit/ba549a246d9d466de305a42640c878e43cbaf796
tensorflow,https://github.com/tensorflow/tensorflow/commit/8a7e1efc79d862ada733f3dc583910e430fded67
tensorflow,https://github.com/tensorflow/tensorflow/commit/e9476d0fd503f95377b76b47798bf0829085709b
tensorflow,https://github.com/tensorflow/tensorflow/commit/0a1a2f68de95cda539858eaf1dddbe512dbac4db
tensorflow,https://github.com/tensorflow/tensorflow/commit/aee99960dc090f7f9f18fa37e889689eede0aab8
tensorflow,https://github.com/tensorflow/tensorflow/commit/89f97d1aa691a1042705134ddf70a51d8a86e591
tensorflow,https://github.com/tensorflow/tensorflow/commit/64c943c7633c79d97fc7205c8801a054e354b1e1
tensorflow,https://github.com/tensorflow/tensorflow/commit/bc195281edfbe5c93fe1e7a05354d3747215ea91
tensorflow,https://github.com/tensorflow/tensorflow/commit/8ac217e9cf2af6f519e3adc6790dfcd9a86440b6
tensorflow,https://github.com/tensorflow/tensorflow/commit/82c6bf83059bd1d37633c537a4fa24587861fa60
tensorflow,https://github.com/tensorflow/tensorflow/commit/1cd945adaf5fcee4bc4497c87529586765e52e10
tensorflow,https://github.com/tensorflow/tensorflow/commit/46e1b1550863e28c725753721859e031034adf81
tensorflow,https://github.com/tensorflow/tensorflow/commit/7bccbcb5461050cd0dcfe0304924312fabe2256a
tensorflow,https://github.com/tensorflow/tensorflow/commit/a60b0b68007c8bd0687fa420e86ed4adf88805c4
tensorflow,https://github.com/tensorflow/tensorflow/commit/64740d5dfdc689ba04f2a95c2ff565ef2c0a9f53
tensorflow,https://github.com/tensorflow/tensorflow/commit/55cce91af005a2d2ab3a0f9c7546a86be3ee3187
tensorflow,https://github.com/tensorflow/tensorflow/commit/d7a541ea2d67543660bb1c14255afb6c1b999b08
tensorflow,https://github.com/tensorflow/tensorflow/commit/1b1d9407422ef2a8b6a04c6918d75459de9b6355
tensorflow,https://github.com/tensorflow/tensorflow/commit/2f972a133a1fac16a73fd5e2df722664cf7c1523
tensorflow,https://github.com/tensorflow/tensorflow/commit/9c6855830b455991ee58cc2258518483c6adb2fe
tensorflow,https://github.com/tensorflow/tensorflow/commit/0983cbc9dcd8ab4ced5364c29e18d63ea2adec05
tensorflow,https://github.com/tensorflow/tensorflow/commit/aba50056eff560a068b29f13f34c5c3f7ab8e3c4
tensorflow,https://github.com/tensorflow/tensorflow/commit/dce9eeac57d02fd34bc3b146a55c583c38cb490c
tensorflow,https://github.com/tensorflow/tensorflow/commit/c2599b4a371e11973a2e7bc4cc032beb51fa4945
tensorflow,https://github.com/tensorflow/tensorflow/commit/a773acefff893ea3435c0c2eb763ddef21408db5
tensorflow,https://github.com/tensorflow/tensorflow/commit/f28921d9bb59159eef5731e035d7640aadf8f2cb
tensorflow,https://github.com/tensorflow/tensorflow/commit/50c9f5a5a4584b33069365c8f6d2b484f7a9bc4c
tensorflow,https://github.com/tensorflow/tensorflow/commit/d8e12967e08de8f39c2e3cf3ba5b12b24201633a
tensorflow,https://github.com/tensorflow/tensorflow/commit/3397fd5ec6a229a7e1840b2bff6ec262289b10b8
tensorflow,https://github.com/tensorflow/tensorflow/commit/fe32e229b996dd04abfc0c3d60018aa6f5c31bf2
tensorflow,https://github.com/tensorflow/tensorflow/commit/a88761e42734464249ebb3061366eafd8ff3a0bc
tensorflow,https://github.com/tensorflow/tensorflow/commit/48cc5bba3e1c6b32488020840e27c46ea3131ed8
tensorflow,https://github.com/tensorflow/tensorflow/commit/42d629bda0a984fe0d242dd811269f241f85a41d
tensorflow,https://github.com/tensorflow/tensorflow/commit/aa89782b20e7f4a9aa8ffbebb06ffb0232b69eee
tensorflow,https://github.com/tensorflow/tensorflow/commit/8eaa962ff3c25831ff68d44f8d7113b7af827e75
tensorflow,https://github.com/tensorflow/tensorflow/commit/2f605c58a81522bb86a63aa2c48728ac2cbea6ca
tensorflow,https://github.com/tensorflow/tensorflow/commit/16660960d6e7a02349e6dfce250698cdd83eb20c
tensorflow,https://github.com/tensorflow/tensorflow/commit/0a28fc96f161f0420aca2bb608fe1b7b1fb6c32c
tensorflow,https://github.com/tensorflow/tensorflow/commit/5fc08bdd5eef1e5a42d97b10c53536c6cdaf5425
tensorflow,https://github.com/tensorflow/tensorflow/commit/57d59b5d20b893c44e22ad532de5f875e51f2146
tensorflow,https://github.com/tensorflow/tensorflow/commit/0f08501e37a1a66016bddd52046ef85121d8253b
tensorflow,https://github.com/tensorflow/tensorflow/commit/f849de0732b5bc677311a3d4b9fe55ecf5b68adf
tensorflow,https://github.com/tensorflow/tensorflow/commit/558d9806cc343c3b795cf52ea4201aff4b7f3f62
tensorflow,https://github.com/tensorflow/tensorflow/commit/8e8ee3834146461a7472de086742752eb7aca245
tensorflow,https://github.com/tensorflow/tensorflow/commit/a88a81a7db64070b0f66e77f88b1e54c9981106d
tensorflow,https://github.com/tensorflow/tensorflow/commit/98830e91ac878d1ee15b7539dc72bb06adb2fc2f
tensorflow,https://github.com/tensorflow/tensorflow/commit/8cdcf82b1f07d5f76614eb5d30a2c4f2304e35f9
tensorflow,https://github.com/tensorflow/tensorflow/commit/73a8d4db003c1b4389c841988814e9972509555b
tensorflow,https://github.com/tensorflow/tensorflow/commit/08c29382bd212cdb4cbb5c98a5e56699962163c9
tensorflow,https://github.com/tensorflow/tensorflow/commit/68527ed01390828ac8b4c4179386014de83adfa6
tensorflow,https://github.com/tensorflow/tensorflow/commit/a78977d76960c5332e52f0baba8aa26676b33231
tensorflow,https://github.com/tensorflow/tensorflow/commit/2800ecbea2e747fcf2ccb79f63c5299221b1c1b6
tensorflow,https://github.com/tensorflow/tensorflow/commit/322a00563ebd72a0bc5957a3c4669f7dc74a4540
tensorflow,https://github.com/tensorflow/tensorflow/commit/bea180d0b61ec4c33f0551080fc5ce73e20c74ab
tensorflow,https://github.com/tensorflow/tensorflow/commit/255d8a4c173e7946885abaac9f12d3b1059ca9b5
tensorflow,https://github.com/tensorflow/tensorflow/commit/176048ad39a1d928208b92e1503e2d8d2cd35d28
tensorflow,https://github.com/tensorflow/tensorflow/commit/7ad5a7612918285ddca49633d63c462262bd3dc9
tensorflow,https://github.com/tensorflow/tensorflow/commit/07e29ebc36cb7668a024cb05b8d6547a405762cb
tensorflow,https://github.com/tensorflow/tensorflow/commit/8e926821abc628ea8f1c200b377b7749517671da
tensorflow,https://github.com/tensorflow/tensorflow/commit/8d92a38403c21991bbb512349fb1ac10aac09d1f
tensorflow,https://github.com/tensorflow/tensorflow/commit/2ec7dd0d5a9359871dbdd5c23811885b18d37dad
tensorflow,https://github.com/tensorflow/tensorflow/commit/edecd8b88aa51d0dee3cbe363b055ce7c15fd04d
tensorflow,https://github.com/tensorflow/tensorflow/commit/2b164c8cd6b5ae3dd6c664127ebdf1104836eeda
tensorflow,https://github.com/tensorflow/tensorflow/commit/fdf0f5d3e67ccd6064ac09256ab78d7031d2d38d
tensorflow,https://github.com/tensorflow/tensorflow/commit/e8cc764cd7dab7495b91e0c973a41d258f18c568
tensorflow,https://github.com/tensorflow/tensorflow/commit/0da14e1673f9912d746f0ad93e77aef441238d69
tensorflow,https://github.com/tensorflow/tensorflow/commit/a3ef3ad4db453ca64453ad7c8cc3a219e70887c8
tensorflow,https://github.com/tensorflow/tensorflow/commit/1668cc3c7371287fdd17988eb0e218c8231fc10f
tensorflow,https://github.com/tensorflow/tensorflow/commit/d0cc3eac5e49eec973703974b89e0e1bbe2e71b7
tensorflow,https://github.com/tensorflow/tensorflow/commit/2e0fc8942c653693ab852f120597a7c693162d7f
tensorflow,https://github.com/tensorflow/tensorflow/commit/291fc6ea5fef9b4738b9f53d00cf68ec82a32a10
tensorflow,https://github.com/tensorflow/tensorflow/commit/c847c724ff8b3dce4429cf231e9a61f3f291be3c
tensorflow,https://github.com/tensorflow/tensorflow/commit/199a18266efec83914c77c2b4a10fb3e63db1a3a
tensorflow,https://github.com/tensorflow/tensorflow/commit/29a18334f92f114e21d44dfeb8c65910f6e08229
tensorflow,https://github.com/tensorflow/tensorflow/commit/4302e75d573574add89f352dc9b36ae6b5ec299f
tensorflow,https://github.com/tensorflow/tensorflow/commit/04e3026affc1bddb8c1d2efa433e45ab0a5ad1f9
tensorflow,https://github.com/tensorflow/tensorflow/commit/fc640c7c9ef550ea27d1ba417ea5febdf97fcff2
tensorflow,https://github.com/tensorflow/tensorflow/commit/412507ea238ba7fe489ead5ea8913f648d7fd180
tensorflow,https://github.com/tensorflow/tensorflow/commit/d53659f26b49fc435d523cd17acc3ad18c9e9f41
tensorflow,https://github.com/tensorflow/tensorflow/commit/012abd75500333f1aa076b0282c86f0ec73db8d3
tensorflow,https://github.com/tensorflow/tensorflow/commit/a3f32b72881de481d73935ca902dcf0ecb73358a
tensorflow,https://github.com/tensorflow/tensorflow/commit/321bf8ad77631f1316903eed289809989da4f972
tensorflow,https://github.com/tensorflow/tensorflow/commit/5c6dc6c062ac1d59176d0a8d75b547bb42104421
tensorflow,https://github.com/tensorflow/tensorflow/commit/9523d5b0abac64e09c96a7a9b02f527854a449d0
tensorflow,https://github.com/tensorflow/tensorflow/commit/6045ccea11b31174d5d9b147fddedf1b5f5af384
tensorflow,https://github.com/tensorflow/tensorflow/commit/710dfc7e888af209f5fcb65a5f339ad1505cca7d
tensorflow,https://github.com/tensorflow/tensorflow/commit/06e915ff90544ff47a71f874b07c533fff9d5faf
tensorflow,https://github.com/tensorflow/tensorflow/commit/7ed3c00bb4bdbff7c29f42796237a17f6090db0c
tensorflow,https://github.com/tensorflow/tensorflow/commit/c510c1b8b1ef5be1d65971f5b9e21e61becd0bb3
tensorflow,https://github.com/tensorflow/tensorflow/commit/fc24a5a3b3b79cb6eec10d39990d4eea3412b45b
tensorflow,https://github.com/tensorflow/tensorflow/commit/66d401491c7bd9380d9c87a21b4a0cb40fbad14a
tensorflow,https://github.com/tensorflow/tensorflow/commit/ad4ef2768ef5a74e828d65b30bca7c21ea41a132
tensorflow,https://github.com/tensorflow/tensorflow/commit/06b89ed1bdf606adb21d66664ca7ab5eaffdd58f
tensorflow,https://github.com/tensorflow/tensorflow/commit/74054d82edbc261e26b8fc5fbc3e9263a1f3f05e
tensorflow,https://github.com/tensorflow/tensorflow/commit/94d932cdc14ef1b5beea35976445eee697986f0d
tensorflow,https://github.com/tensorflow/tensorflow/commit/877236294cf5aa0aa980bf470713e4d62d35dbbc
tensorflow,https://github.com/tensorflow/tensorflow/commit/a2383e62036c7a4036a10755a8de54855e9ac9a5
tensorflow,https://github.com/tensorflow/tensorflow/commit/238630e74c9c1b6d078914dd7f4b044993eb010c
tensorflow,https://github.com/tensorflow/tensorflow/commit/d4fc6f9cad02c96a69dff07d5daa0cd04929aeb0
tensorflow,https://github.com/tensorflow/tensorflow/commit/712a3734b58e501bfacdb1774d6da166de7be5d2
tensorflow,https://github.com/tensorflow/tensorflow/commit/d5862d423742ec26c46737d4526eca3b8b8a0d9b
tensorflow,https://github.com/tensorflow/tensorflow/commit/db386203e2b8d13e2809c068e0e2008fa2873170
tensorflow,https://github.com/tensorflow/tensorflow/commit/d3b04b8d84c4124c5fc311b59afc1434b3eb1963
tensorflow,https://github.com/tensorflow/tensorflow/commit/1a1a381b5be7701843c3f1e34aa1846ae2a1d0ce
tensorflow,https://github.com/tensorflow/tensorflow/commit/09b2e52e6dd1fd746503d8d457f16d09e272b03c
tensorflow,https://github.com/tensorflow/tensorflow/commit/9718fed7b9aba244359b3d38c2a1dc20e50428bd
tensorflow,https://github.com/tensorflow/tensorflow/commit/6172674b1f4633aaa943d29f5dee12a9ea996b1b
tensorflow,https://github.com/tensorflow/tensorflow/commit/6f6c70a3add1c96adcafe58a527eb7eec2dc6fae
tensorflow,https://github.com/tensorflow/tensorflow/commit/62163c54c55e82a6c1ed17ed78370f96c3675875
tensorflow,https://github.com/tensorflow/tensorflow/commit/e7f1e9465258d6231489134d740344e2b2e3e557
tensorflow,https://github.com/tensorflow/tensorflow/commit/285f3989d3c1912769145fde65c882cf0818c464
tensorflow,https://github.com/tensorflow/tensorflow/commit/24db4f6013aca0b6c98d97b2a3dc130c8bbb9901
tensorflow,https://github.com/tensorflow/tensorflow/commit/ba39c91f2a788636a84f042389e456b5c1918c35
tensorflow,https://github.com/tensorflow/tensorflow/commit/0ce4b3b2bb431418b9c12b02deb760661e803c42
tensorflow,https://github.com/tensorflow/tensorflow/commit/c0a3117d09daf89717441cb6b302439486732500
tensorflow,https://github.com/tensorflow/tensorflow/commit/4aa9e0ad4e58a9036ee19e87141da025a18b0b1c
tensorflow,https://github.com/tensorflow/tensorflow/commit/58441cf1baf6c721134be5a2ac87b643b6c71081
tensorflow,https://github.com/tensorflow/tensorflow/commit/eb53ea3258b1e1d998474e073b75f9e9dc9ad6e4
tensorflow,https://github.com/tensorflow/tensorflow/commit/70b2702091d8842d0ca853d5d1cd8d1ad2c3a983
tensorflow,https://github.com/tensorflow/tensorflow/commit/98fb4f6e48627cf30cd747848505b7eae28f1ded
tensorflow,https://github.com/tensorflow/tensorflow/commit/42a3e76a69981ae3011ef9a37e9ff726fe7fbaf8
tensorflow,https://github.com/tensorflow/tensorflow/commit/798b2ebda0cc6f12f1ca6460611f760149771a11
tensorflow,https://github.com/tensorflow/tensorflow/commit/98b74424fc078c2c82b3bc6f4ecc010bf9bf93ba
tensorflow,https://github.com/tensorflow/tensorflow/commit/cdd0ec33b8ef3b32e41b3a65a56ba54a6e7e371a
tensorflow,https://github.com/tensorflow/tensorflow/commit/71af215f4ed19707309bea5dcc34adc2e489b5b5
tensorflow,https://github.com/tensorflow/tensorflow/commit/6e501b2347bf73877aad74b6227195c1425f565e
tensorflow,https://github.com/tensorflow/tensorflow/commit/b05b16e432538eee630d51c5aae9eaf9887283ff
tensorflow,https://github.com/tensorflow/tensorflow/commit/f4e3029e2fdbddcad6a64c8c39617b3b784950c8
tensorflow,https://github.com/tensorflow/tensorflow/commit/7494487575eecff08ddbffc12e038661876ee835
tensorflow,https://github.com/tensorflow/tensorflow/commit/788486f6c3c5ae651cf0cb409c5d85286d2f61ce
tensorflow,https://github.com/tensorflow/tensorflow/commit/adb0d424d4c2312f39def8360db82e01c0c1e073
tensorflow,https://github.com/tensorflow/tensorflow/commit/1e406f7f9b6ffd333b3850a8e647b11532439824
tensorflow,https://github.com/tensorflow/tensorflow/commit/86b08fc6d076fb333f68d07cbba72775d5e6d49d
tensorflow,https://github.com/tensorflow/tensorflow/commit/cd93d80b50aaf728bb3af862134a9c4b6661e284
tensorflow,https://github.com/tensorflow/tensorflow/commit/81eb80487fcdf94b4d1999d4c6ba72dc3163ca06
tensorflow,https://github.com/tensorflow/tensorflow/commit/a3b980f89b5f744dd88b2167058c93de45614bae
tensorflow,https://github.com/tensorflow/tensorflow/commit/fe22631a2516bcac1a91fb7f4b000a150e142be8
tensorflow,https://github.com/tensorflow/tensorflow/commit/8e4c0f2f36e9f0d035d1378530f6a826583e181a
tensorflow,https://github.com/tensorflow/tensorflow/commit/aa9fd8992a7e0f79f5bef59087746efb6506851e
tensorflow,https://github.com/tensorflow/tensorflow/commit/e093b7135d247a19199b460c1f7c46f6087797ed
tensorflow,https://github.com/tensorflow/tensorflow/commit/f3819de491f740984b2975294bed0e642c66c802
tensorflow,https://github.com/tensorflow/tensorflow/commit/5ad49f0d049e8ef546844a2b5f1a1fd920ec1c5f
tensorflow,https://github.com/tensorflow/tensorflow/commit/03e79733843b4678b803389d0297c82825a20659
tensorflow,https://github.com/tensorflow/tensorflow/commit/aa3692791a661713b6df0b8219f96ccd31a37c81
tensorflow,https://github.com/tensorflow/tensorflow/commit/b59abe629e614d9cacf1169c0cbdc9070f23dd48
tensorflow,https://github.com/tensorflow/tensorflow/commit/bf6b44836f2f84f712c2d6417d50c709e225d24e
tensorflow,https://github.com/tensorflow/tensorflow/commit/85a5052bb80dab0deb648ce60445b16695d5ebc0
tensorflow,https://github.com/tensorflow/tensorflow/commit/20c05898b344c0fe17fab13cc355b1e94e3864ec
tensorflow,https://github.com/tensorflow/tensorflow/commit/57b50130e34035192a8a45ad74a98520e7255cd2
tensorflow,https://github.com/tensorflow/tensorflow/commit/9da5526ee0e967a829c730f9851f7d83871a1dde
tensorflow,https://github.com/tensorflow/tensorflow/commit/ee10e3d87270153265f78c061bcbdfc0a34f0201
tensorflow,https://github.com/tensorflow/tensorflow/commit/b8494a08185e0ea1021e4859d862dfaff654c16b
tensorflow,https://github.com/tensorflow/tensorflow/commit/50299228e5df92b486548ee1cb856e79de69ad43
tensorflow,https://github.com/tensorflow/tensorflow/commit/dc9ba8cd2226aac23360f9f7cac105618b1cb8c9
tensorflow,https://github.com/tensorflow/tensorflow/commit/d1ad87b61c28834a48d84d709f21aeedbd9c6521
tensorflow,https://github.com/tensorflow/tensorflow/commit/c7e6871736d594e8296aecf769fa835d8ccab3f1
tensorflow,https://github.com/tensorflow/tensorflow/commit/b487f0246c5804978f86f0a6bf2add1b911af23c
tensorflow,https://github.com/tensorflow/tensorflow/commit/6589436d0000cdb5885e360e2151c0d30a1044a1
tensorflow,https://github.com/tensorflow/tensorflow/commit/36b005ff53e4ed4626e17927e2327b8edddf0541
tensorflow,https://github.com/tensorflow/tensorflow/commit/f25c22bc494573699c05ee7c38b6154da8c8fc62
tensorflow,https://github.com/tensorflow/tensorflow/commit/fdb6a156163aadd760d0a6c9b384f9247316d47a
tensorflow,https://github.com/tensorflow/tensorflow/commit/ea43e6c27cd1bdccf9daa05ff04a0008defe1a32
tensorflow,https://github.com/tensorflow/tensorflow/commit/a76a87f7ad9fbfc9f5495f4bd82c98a450d92784
tensorflow,https://github.com/tensorflow/tensorflow/commit/14b0d574be4726e3c8c6f6f369cedb72e6036aea
tensorflow,https://github.com/tensorflow/tensorflow/commit/7e49357b9ebb225708fd75a29c261bb43f63e2a0
tensorflow,https://github.com/tensorflow/tensorflow/commit/81ff894c113a5912ba52078ac27e36d06831112e
tensorflow,https://github.com/tensorflow/tensorflow/commit/e44f8a08051baa58bde9130a844a1b82a8179526
tensorflow,https://github.com/tensorflow/tensorflow/commit/ae709a6f0780160d9451fa1b81cc25aef2a5d2aa
tensorflow,https://github.com/tensorflow/tensorflow/commit/7793f575e8efb345e4dd673137a5f4ff0c55f583
tensorflow,https://github.com/tensorflow/tensorflow/commit/893aa7518fe3175739ac1ba70d7355a0b091115c
tensorflow,https://github.com/tensorflow/tensorflow/commit/b5953b857b7e8f4f0eb6e67ac7c3c40c9d4ddae3
tensorflow,https://github.com/tensorflow/tensorflow/commit/86aa7ef960146497a436ffb0bc3369706f930a40
tensorflow,https://github.com/tensorflow/tensorflow/commit/cb7e91648889efd1c09c65707dc6108c47672bc6
tensorflow,https://github.com/tensorflow/tensorflow/commit/807c635d82e9dae1072390dd360aecd6733d1b85
tensorflow,https://github.com/tensorflow/tensorflow/commit/95585e9d25942d4015ec04f7eced82c40536a1b7
tensorflow,https://github.com/tensorflow/tensorflow/commit/0aecf379b7bbdbe93be91643825f0ae94171d509
tensorflow,https://github.com/tensorflow/tensorflow/commit/9101aa36a498f39f179e640f1201a2a37691e19d
tensorflow,https://github.com/tensorflow/tensorflow/commit/f3ac9cb0cce336c388695e76d27a188af05df6a5
tensorflow,https://github.com/tensorflow/tensorflow/commit/7fcb746bc98b8b10042aca8c415e6619e981ac61
tensorflow,https://github.com/tensorflow/tensorflow/commit/db6c71f6c7c7160674c25eca628a02242e830188
tensorflow,https://github.com/tensorflow/tensorflow/commit/ad39c958186235fa84e6574ec74ab0ae333d9bd7
tensorflow,https://github.com/tensorflow/tensorflow/commit/63feaf321165e1e2795f43e3834c007364921df6
tensorflow,https://github.com/tensorflow/tensorflow/commit/9e524f09bb697bdf5e6cdf3f1b52841f98bc4247
tensorflow,https://github.com/tensorflow/tensorflow/commit/0b86e66216e547c8dd5c825457ecbd54b40c8ffe
tensorflow,https://github.com/tensorflow/tensorflow/commit/7dbcb2cd968a7b53848f9a7b1ed4f465436ddb9f
tensorflow,https://github.com/tensorflow/tensorflow/commit/c2ae731c249b9ad452304a505929a7de8faf12a8
tensorflow,https://github.com/tensorflow/tensorflow/commit/450dec35448a73b3fcb5d4f82108d5fdcb3f59b4
tensorflow,https://github.com/tensorflow/tensorflow/commit/422d09c0badb4bc56fb554a8a50e7e7346a2c972
tensorflow,https://github.com/tensorflow/tensorflow/commit/e6da72d8c1c7969e409488b843fe66cdf85e341f
tensorflow,https://github.com/tensorflow/tensorflow/commit/fea0c082192a4063faf3b2f54a48b52cbb602487
tensorflow,https://github.com/tensorflow/tensorflow/commit/917c9e33a40cf07725f86700ab3960681a98180c
tensorflow,https://github.com/tensorflow/tensorflow/commit/00a17d7451a789a4df994dac7d616ce2f4438ff0
tensorflow,https://github.com/tensorflow/tensorflow/commit/8618e98cb9ddd073908534fc4645a01f5328f60a
tensorflow,https://github.com/tensorflow/tensorflow/commit/0a03fa6be53b915cdac744854c4f7ee59f364aa6
tensorflow,https://github.com/tensorflow/tensorflow/commit/bc6d7a48432f1c7e1fd9b34ee3e90c919982ab8c
tensorflow,https://github.com/tensorflow/tensorflow/commit/e41bd3f8ddf9a85356f10977b432afb4b4f6d6a6
tensorflow,https://github.com/tensorflow/tensorflow/commit/74a206527e98a8da65a8c341a8ac182b2c8ee377
tensorflow,https://github.com/tensorflow/tensorflow/commit/1803461c464ebbfaf04f30bed78f1b455171b6f0
tensorflow,https://github.com/tensorflow/tensorflow/commit/af731a2dba19517a868e4208e30f2420d6b4023a
tensorflow,https://github.com/tensorflow/tensorflow/commit/4e9db184297de547884b4b3c1d1422658ec37a6e
tensorflow,https://github.com/tensorflow/tensorflow/commit/643e43b101c336611f6adc3da91dbff6ad11aa5f
tensorflow,https://github.com/tensorflow/tensorflow/commit/907fb5bddf7eafea7166748109a537fdf7195d8c
tensorflow,https://github.com/tensorflow/tensorflow/commit/3cba63ada1e1ef45bee5567f596d9a358aa1b826
tensorflow,https://github.com/tensorflow/tensorflow/commit/ccf1b0ae66d658e8ec5ec7e5f6dce91fa58c9f2d
tensorflow,https://github.com/tensorflow/tensorflow/commit/4ea07593c071931b31f380c91b81e40dd10efcc0
tensorflow,https://github.com/tensorflow/tensorflow/commit/0788925f3ae2af11c8bdbaf183774b9c53fcb6e6
tensorflow,https://github.com/tensorflow/tensorflow/commit/512f4b101762dba010e75f93b84cb096b075992c
tensorflow,https://github.com/tensorflow/tensorflow/commit/11030308c5d25df5b36f8a583f1b4607e4ea2b7f
tensorflow,https://github.com/tensorflow/tensorflow/commit/61b272d94361b8b80896b77e5bad35ed45c3b3b4
tensorflow,https://github.com/tensorflow/tensorflow/commit/3d50778c6d32129afd13abfdcbb7e8e118feb1d4
tensorflow,https://github.com/tensorflow/tensorflow/commit/5322fd40cd58cfa8c551e602fede7a3be19fff95
tensorflow,https://github.com/tensorflow/tensorflow/commit/935ce2ea1c3c848d213f04c9ff68ea4c51e02f89
tensorflow,https://github.com/tensorflow/tensorflow/commit/c0a59d7d11f967e1adac45a71add4f281c3423f4
tensorflow,https://github.com/tensorflow/tensorflow/commit/332e1fef23cd09b0972b7b6d7520bf5507afbda6
tensorflow,https://github.com/tensorflow/tensorflow/commit/94eb84b051eb1435c1930ddad8f474c188a234b9
tensorflow,https://github.com/tensorflow/tensorflow/commit/e56206755ff0c98269eb3e50c98fccbaadb6884d
tensorflow,https://github.com/tensorflow/tensorflow/commit/49d8609eec3513f92a69dc082d36e14e59b695ff
tensorflow,https://github.com/tensorflow/tensorflow/commit/c8d3be19e82cf61eff6532bb8e5c12fe460c9e90
tensorflow,https://github.com/tensorflow/tensorflow/commit/02fae87e23f8f72bf62d6d83a4ee1f1069da05ba
tensorflow,https://github.com/tensorflow/tensorflow/commit/40b1af6bfe83041d62eb866fb80d5e397917b958
tensorflow,https://github.com/tensorflow/tensorflow/commit/f636be3bb1f556c15dba3028e61a8969d90dadd9
tensorflow,https://github.com/tensorflow/tensorflow/commit/45e168338903ebd51912e45233953df126769825
tensorflow,https://github.com/tensorflow/tensorflow/commit/43fd10302bcc8447e7a7205bae848a3a88624775
tensorflow,https://github.com/tensorflow/tensorflow/commit/2c859ef44fa21de902ca062e712aca2e84444365
tensorflow,https://github.com/tensorflow/tensorflow/commit/0a493a025153b13426e1ace91adf4084508ed11e
tensorflow,https://github.com/tensorflow/tensorflow/commit/871c66527e419f969c1fa9d210bf9f0608016cbd
tensorflow,https://github.com/tensorflow/tensorflow/commit/85d5a350394b8b26baed04fbba0c019e1a5693b0
tensorflow,https://github.com/tensorflow/tensorflow/commit/cf5c14e10a465a9e6ede1640d08289e7e68be324
tensorflow,https://github.com/tensorflow/tensorflow/commit/632d43cb0bb054e8bf479f4e93f126a0928a44df
tensorflow,https://github.com/tensorflow/tensorflow/commit/6639d33e31b1f782f1b44fbc8b8914c7c0f4f459
tensorflow,https://github.com/tensorflow/tensorflow/commit/675d73c284396a100555300fe2eab5d02f4bd847
tensorflow,https://github.com/tensorflow/tensorflow/commit/00517642a356c5e04f009ea61c74638d89746392
tensorflow,https://github.com/tensorflow/tensorflow/commit/44f0ae5b380a5b6285e72193167ce4d717ba51c1
tensorflow,https://github.com/tensorflow/tensorflow/commit/40c7fe94824100338ef0c495143b26501b1c367e
tensorflow,https://github.com/tensorflow/tensorflow/commit/ad2702d2ea290544ea4b72b9aded9b56e2ee8853
tensorflow,https://github.com/tensorflow/tensorflow/commit/c2da6c528594f361d03fb106e6db0279ea9fec22
tensorflow,https://github.com/tensorflow/tensorflow/commit/87ded6c7697af6fdb9dbc022b385dbbaf7a4892a
tensorflow,https://github.com/tensorflow/tensorflow/commit/b4aadb17b7aa5ea926b5220008e41f33e582baed
tensorflow,https://github.com/tensorflow/tensorflow/commit/a12cc0e9f198834605399c287eb95be76c8a9ad3
tensorflow,https://github.com/tensorflow/tensorflow/commit/bfdd3a38b04ce4e371db29204d6d691ed2cab1b1
tensorflow,https://github.com/tensorflow/tensorflow/commit/91b04be7fdac04467d537b81826057f8fc26dea0
tensorflow,https://github.com/tensorflow/tensorflow/commit/ebb292f6efcd690e6e2152ce3f69a4ab0e1194f6
tensorflow,https://github.com/tensorflow/tensorflow/commit/5c1559b3a8fe45c7b5d1c4381cc2e79406936a28
tensorflow,https://github.com/tensorflow/tensorflow/commit/9720b405905dee209a3f7d003de21d388e1aaef4
tensorflow,https://github.com/tensorflow/tensorflow/commit/68ac48475e4cb3b497cbbefaeb4db6ff721bf132
tensorflow,https://github.com/tensorflow/tensorflow/commit/4c6462ae7660bbb2356f8a4021eed3cced0e8b93
tensorflow,https://github.com/tensorflow/tensorflow/commit/9699c77c03796217a213556186acf9b5717ba83e
tensorflow,https://github.com/tensorflow/tensorflow/commit/31746a9e3a93d2fcf7b3db50aa39f19357f36850
tensorflow,https://github.com/tensorflow/tensorflow/commit/29c4baf11ca656d061bc493c620310e9e88c948f
tensorflow,https://github.com/tensorflow/tensorflow/commit/b3e4bdf978e32239e6c818c45628ee53fdada6d9
tensorflow,https://github.com/tensorflow/tensorflow/commit/e1ad3b74ad44b883c7b3fdc3a19adcea1d28bfbc
tensorflow,https://github.com/tensorflow/tensorflow/commit/5006a30cce50b6f613317a2ba5db16edd34cf02e
tensorflow,https://github.com/tensorflow/tensorflow/commit/6e153325b66330dafea4e4e8b67b5d56b1a37852
tensorflow,https://github.com/tensorflow/tensorflow/commit/3a8b4ffe6f1402b967709d2fc7120f808c5c198c
tensorflow,https://github.com/tensorflow/tensorflow/commit/2c4a76e24531e94d1ed6ab88b434ad7ea7fdc130
tensorflow,https://github.com/tensorflow/tensorflow/commit/7af32ab11fda194da4c1a179a7046293c3e25ade
tensorflow,https://github.com/tensorflow/tensorflow/commit/c4d31b0f488f02fa7fe1bbccf3f75b34d651cf3a
tensorflow,https://github.com/tensorflow/tensorflow/commit/24f323096dd48615ca59c208708ca2cb8d88685f
tensorflow,https://github.com/tensorflow/tensorflow/commit/4b81db961b41c66607aaae3850143c799e6f64b9
tensorflow,https://github.com/tensorflow/tensorflow/commit/2eec7c50ae23e8693b4e574c441e89a317de2530
tensorflow,https://github.com/tensorflow/tensorflow/commit/1295151bb6dd0fcdfe960309052f53fc7234e1cd
tensorflow,https://github.com/tensorflow/tensorflow/commit/66e0cb1d9afd251931f4f920c5d7bd638bc882b4
tensorflow,https://github.com/tensorflow/tensorflow/commit/877ee485f7c4968eab6fe4e30cee4d83d3f6abd9
tensorflow,https://github.com/tensorflow/tensorflow/commit/8b116e21d125efe69764316a86af4f109bb3d5b6
tensorflow,https://github.com/tensorflow/tensorflow/commit/bc9028e1c9f1fa43c85e606bf8d367214db8ca23
tensorflow,https://github.com/tensorflow/tensorflow/commit/cf3cb9930f095698638a3dfa7bf52f507b825c51
tensorflow,https://github.com/tensorflow/tensorflow/commit/43c1558988ee3c9cf40258ee8c555c35da746b8b
tensorflow,https://github.com/tensorflow/tensorflow/commit/5903091865a9f2246ff6020b890cc58bea5ffd5c
tensorflow,https://github.com/tensorflow/tensorflow/commit/f32eaafca6748212d625738d6bd35330b1dfa82a
tensorflow,https://github.com/tensorflow/tensorflow/commit/e61f2619b926de10b021427e81d76db42db5757c
tensorflow,https://github.com/tensorflow/tensorflow/commit/c0ce55fe41095c6b202d71210e299d9f6d3a0100
tensorflow,https://github.com/tensorflow/tensorflow/commit/586392c0fdff62e8086267a5bf8327bc372366e7
tensorflow,https://github.com/tensorflow/tensorflow/commit/436797e27e8004ddca62654985cf38d813d1fbea
tensorflow,https://github.com/tensorflow/tensorflow/commit/1fe6358dfcec371088c238df51a20977814bbb11
tensorflow,https://github.com/tensorflow/tensorflow/commit/807d9f4651e53211057debb8cdb2f467a6ab245e
tensorflow,https://github.com/tensorflow/tensorflow/commit/eded6e3e006affda0dab153d4ec08ea6ea8e4e3f
tensorflow,https://github.com/tensorflow/tensorflow/commit/86d21dc7906d237b03b4b67f171798a47896098a
tensorflow,https://github.com/tensorflow/tensorflow/commit/8015777f8b17c713c9ff11c20bf014ff354bcd37
tensorflow,https://github.com/tensorflow/tensorflow/commit/59f72585f5e5ee4f91c59f176ee360788e9246c1
tensorflow,https://github.com/tensorflow/tensorflow/commit/cfb8642bd60e0e877cfa3771372bea5b16657b7e
tensorflow,https://github.com/tensorflow/tensorflow/commit/a07df0a6837b518a8cb42e3c8b541d20b64dc8cf
tensorflow,https://github.com/tensorflow/tensorflow/commit/fb3f7d1ec4e476a71510ae659b08abd83252914f
tensorflow,https://github.com/tensorflow/tensorflow/commit/c9db8ed3ac73fea121191c14b4fb9e8f943edbea
tensorflow,https://github.com/tensorflow/tensorflow/commit/6d23f75dbd9ad81475b7f8c416e3ffd86d9bd155
tensorflow,https://github.com/tensorflow/tensorflow/commit/2dcf5bb323ab773ad13633cd0e4998d420eff0b4
tensorflow,https://github.com/tensorflow/tensorflow/commit/6f274344fa277a74e18b742357ad421ca464dea1
tensorflow,https://github.com/tensorflow/tensorflow/commit/78e644e4abf3bbc34199b7f36ad0b636944c4281
tensorflow,https://github.com/tensorflow/tensorflow/commit/b97f0f708cb9a7039a12c605391c6ec90f767f49
tensorflow,https://github.com/tensorflow/tensorflow/commit/8dcc7fc1fb1aa0274bed7c401a9f2bc344f16609
tensorflow,https://github.com/tensorflow/tensorflow/commit/9060a4006211f4608674143a62e619ad84e9c729
tensorflow,https://github.com/tensorflow/tensorflow/commit/9243f0660cc5368da2e1f0c925b2c41c486bca26
tensorflow,https://github.com/tensorflow/tensorflow/commit/527ee65d0f37ac0ed955c4a1f8f47f300f7767f9
tensorflow,https://github.com/tensorflow/tensorflow/commit/bc27c5a90f3a009c63072a57495f6b7b8d9f1dc1
tensorflow,https://github.com/tensorflow/tensorflow/commit/62cb54f2caf48480dc6b3c1ce9629eaac4688f83
tensorflow,https://github.com/tensorflow/tensorflow/commit/faa297d6c2b464da970cabfdf7832e63f22cf27b
tensorflow,https://github.com/tensorflow/tensorflow/commit/0628ecce9cfcd35fb223916fd7d1ff6a5a2d2f0a
tensorflow,https://github.com/tensorflow/tensorflow/commit/4a2949ae3e248d2797712c546fdb0b18dcae557f
tensorflow,https://github.com/tensorflow/tensorflow/commit/765d636b976a59db6615e500ca23c29d313ab92d
tensorflow,https://github.com/tensorflow/tensorflow/commit/cbc3af9def940723038acd8a5ca5c928cebebb7d
tensorflow,https://github.com/tensorflow/tensorflow/commit/046d5e1fe905a5aa3849d8c203324da67e0ea73b
tensorflow,https://github.com/tensorflow/tensorflow/commit/898aafc95ddbe6e21dbd16d7e3e41c1eab51a73c
tensorflow,https://github.com/tensorflow/tensorflow/commit/4377a561b7757ed83757f07532e6564c42c286ba
tensorflow,https://github.com/tensorflow/tensorflow/commit/b40420ef4c2064b7eb5e26f9d1a1c6abdc3db0f4
tensorflow,https://github.com/tensorflow/tensorflow/commit/feb3d1c5f8b40f1504b758b620edb25d4d3beef1
tensorflow,https://github.com/tensorflow/tensorflow/commit/97e71dbd75ed93cbd56e50baef870c20a7077221
tensorflow,https://github.com/tensorflow/tensorflow/commit/504055c5bb4e8a4b1bb32f4dde7c02362b4aaeda
tensorflow,https://github.com/tensorflow/tensorflow/commit/9215e215eac4f94e51e3a27384788cedee3673ca
tensorflow,https://github.com/tensorflow/tensorflow/commit/39620f464abef7f7580abf234779d62da9619830
tensorflow,https://github.com/tensorflow/tensorflow/commit/1655614153d93b9c95190168969419b20683d235
tensorflow,https://github.com/tensorflow/tensorflow/commit/03d38ef5265d84d486d99aae9edd2040f79328af
tensorflow,https://github.com/tensorflow/tensorflow/commit/12366f607c3e05d5a724f235b4daae0f4068c6cc
tensorflow,https://github.com/tensorflow/tensorflow/commit/edbd32b06b2e0c7bef36f27309b72a4d6d38b9e9
tensorflow,https://github.com/tensorflow/tensorflow/commit/00444b5ba215f8c23f84d065650bda1a581a8bbb
tensorflow,https://github.com/tensorflow/tensorflow/commit/178d62a63ea043a4b9969b4cd6f8983eb8eae523
tensorflow,https://github.com/tensorflow/tensorflow/commit/8f6b9d3830a059209ec4f40d94fb46a043e0149e
tensorflow,https://github.com/tensorflow/tensorflow/commit/d070aa7f0f409825e42358b6b29491f4842ceba3
tensorflow,https://github.com/tensorflow/tensorflow/commit/7175c60d92eef9d4971157be27c17899b7b32d7c
tensorflow,https://github.com/tensorflow/tensorflow/commit/518f6b812b157ae45fbf5fc83a75c22489c74d75
tensorflow,https://github.com/tensorflow/tensorflow/commit/9a4b6b6bcc7a813162bf0378727950e321aca19c
tensorflow,https://github.com/tensorflow/tensorflow/commit/84d7bf6f64fd9c8677f7f26511ce3031fe8d35a6
tensorflow,https://github.com/tensorflow/tensorflow/commit/b7d44fb5b5aeb132bfa6ae700981b0e1ca0609b1
tensorflow,https://github.com/tensorflow/tensorflow/commit/924f80a4fdb34230965a7a8a4476901847463645
tensorflow,https://github.com/tensorflow/tensorflow/commit/c692f5cab7e014e8adb30dd514bf70e148d1d499
tensorflow,https://github.com/tensorflow/tensorflow/commit/fd3125f62cfbbb5ad81c5ca7d102c94bc1bee3d3
tensorflow,https://github.com/tensorflow/tensorflow/commit/c8e72edd06906a324451a4b62648ca69a7f4f884
tensorflow,https://github.com/tensorflow/tensorflow/commit/47eaa828a1dd4bf50ec4203ef4bbb348b3ef0dd0
tensorflow,https://github.com/tensorflow/tensorflow/commit/8b742f8559e88474735d0a2c03e00da65e40b412
tensorflow,https://github.com/tensorflow/tensorflow/commit/4e2550c49878333534ab845391392dbd029f14fa
tensorflow,https://github.com/tensorflow/tensorflow/commit/b72d0d639076ca2ef3c847c8c99dc3c39c98123f
tensorflow,https://github.com/tensorflow/tensorflow/commit/066b2829ac3e3ee3999a1b249d2cf07d509c4124
tensorflow,https://github.com/tensorflow/tensorflow/commit/b4c517a381cbac8b5229c522ba6a7b2410fa3302
tensorflow,https://github.com/tensorflow/tensorflow/commit/f3f71e81bece7c5de9e818dd9091b8bb6a2f8359
tensorflow,https://github.com/tensorflow/tensorflow/commit/ae74390104b5c7bc2c78da5cf39c7e93ff422958
tensorflow,https://github.com/tensorflow/tensorflow/commit/8a2e7deb21f02e4072d6b62cf7f447b9264afe01
tensorflow,https://github.com/tensorflow/tensorflow/commit/feccc770edd2d8d148b24b1a3d6f934553e62ef1
tensorflow,https://github.com/tensorflow/tensorflow/commit/8003984e7b28c9896d50f6b26f5a34d62c35550a
tensorflow,https://github.com/tensorflow/tensorflow/commit/ef049bdfc4f307c8b3a9dc480a90a5ff287f3d55
tensorflow,https://github.com/tensorflow/tensorflow/commit/3f77fe3261b957c452318e89460a65152e0f64f3
tensorflow,https://github.com/tensorflow/tensorflow/commit/6eef86b9a7927445ce6e3f74e10939f2b9e9c965
tensorflow,https://github.com/tensorflow/tensorflow/commit/c2ff14318050e26302785a49a1719d29ddcc91b4
tensorflow,https://github.com/tensorflow/tensorflow/commit/7ee6022b17404a7232c887002ff6eb43d008be6d
tensorflow,https://github.com/tensorflow/tensorflow/commit/93586411565dedc2d6499f6ee4ed13679c4089e8
tensorflow,https://github.com/tensorflow/tensorflow/commit/1610da3f992487bd9a8181d1e83cae99fe1e34d9
tensorflow,https://github.com/tensorflow/tensorflow/commit/9bf011d5b043a8f30c767201885b583bb1d4e5c0
tensorflow,https://github.com/tensorflow/tensorflow/commit/edd9fb416e04b8ca4398c4eea65f14dc6704a44a
tensorflow,https://github.com/tensorflow/tensorflow/commit/ac33d8be96181423966436a33a6261ec19575ea9
tensorflow,https://github.com/tensorflow/tensorflow/commit/3a6e6a7c963e836cb9a31787a439ee22e2c3fee3
tensorflow,https://github.com/tensorflow/tensorflow/commit/47425cd44dab7a8ad66e8b852d99a2afebb78663
tensorflow,https://github.com/tensorflow/tensorflow/commit/91ad0dc5be74a6b6a1ffd6d18027818bc5ccee7f
tensorflow,https://github.com/tensorflow/tensorflow/commit/0638ad24672557263ff3543be005272c53040976
tensorflow,https://github.com/tensorflow/tensorflow/commit/54259a98b15de187b59237c38cc6c1bcb899e139
tensorflow,https://github.com/tensorflow/tensorflow/commit/5aa7e8df3d52c9f86b58f83905264056c3daf5ad
tensorflow,https://github.com/tensorflow/tensorflow/commit/bf8ed61080613850f0b4d7f64dd901bb9ab635ca
tensorflow,https://github.com/tensorflow/tensorflow/commit/65c5dd69676db159ddd3a1fd7b2f6836dfe37f49
tensorflow,https://github.com/tensorflow/tensorflow/commit/685418cd85e09bc2117fa15bc1b6a75d21248348
tensorflow,https://github.com/tensorflow/tensorflow/commit/2277516077e8b20818bc870a0bcf34f5653b3816
tensorflow,https://github.com/tensorflow/tensorflow/commit/f63a7faca9fb635345ae00b73393a889abea615f
tensorflow,https://github.com/tensorflow/tensorflow/commit/d50366e4b4762395738140fa8fc0f160f2270775
tensorflow,https://github.com/tensorflow/tensorflow/commit/22ebc1f628ecfec156a48f518f756d54d0ea1c07
tensorflow,https://github.com/tensorflow/tensorflow/commit/e870f93875d3608a19bc8b6b9b5d705396154c51
tensorflow,https://github.com/tensorflow/tensorflow/commit/0e2077363049f3d242ccff3e203c7d0ad4572c1d
tensorflow,https://github.com/tensorflow/tensorflow/commit/145aa06401fb704a7e9911e5ac937d50bb8b5982
tensorflow,https://github.com/tensorflow/tensorflow/commit/a9aa884e1eae90bc473a8c78372d4ce3750af947
tensorflow,https://github.com/tensorflow/tensorflow/commit/a0dc73569fc193c1ce26a7bd2d4a8776e7b813ac
tensorflow,https://github.com/tensorflow/tensorflow/commit/2465d4e77654f0d4f7799bc46d5fd5812590acc6
tensorflow,https://github.com/tensorflow/tensorflow/commit/4e3aa1be23915aefee90835338b1f24532cbb87f
tensorflow,https://github.com/tensorflow/tensorflow/commit/e02bd022e5eb527a32142f8e7813de9e782d6fb6
tensorflow,https://github.com/tensorflow/tensorflow/commit/9703112bf08271219a51ec2994dae61e6ec1c3d0
tensorflow,https://github.com/tensorflow/tensorflow/commit/6ecc07270e41eae2b7aaca1482bad9c3462c3c9c
tensorflow,https://github.com/tensorflow/tensorflow/commit/c2fc1f2b5a8b8152c43b81cf31394f3e0a2cb837
tensorflow,https://github.com/tensorflow/tensorflow/commit/36504a15c444095a714bbbef267adf276dbb0b77
tensorflow,https://github.com/tensorflow/tensorflow/commit/dcbb664ab9b0fa1078ca30e4f4b24ad478c9a8b7
tensorflow,https://github.com/tensorflow/tensorflow/commit/cd5f64d6d5b362db615714697ddb0ee1995db350
tensorflow,https://github.com/tensorflow/tensorflow/commit/163fff81dd2b3c0ec3ec409312d529527ac105ba
tensorflow,https://github.com/tensorflow/tensorflow/commit/85c7ae4332f54fb6259186e37e774c9b4a9bd6b0
tensorflow,https://github.com/tensorflow/tensorflow/commit/aaf1f47074abe21c3b2766fca7e58fa1b531694a
tensorflow,https://github.com/tensorflow/tensorflow/commit/51c4b0628a57148796a9e4bd2407dbd8b6b93df1
tensorflow,https://github.com/tensorflow/tensorflow/commit/920f576f4a20c4e95acc3e140512affb2434a5d0
tensorflow,https://github.com/tensorflow/tensorflow/commit/80b65ab79bf8dd6ec03c570b59a1208bb27fec24
tensorflow,https://github.com/tensorflow/tensorflow/commit/8c3822edbb31cf71cedaf49f2167e45c1e2d0b83
tensorflow,https://github.com/tensorflow/tensorflow/commit/130376141b52d78be9c5fe936804c67f97c0186c
tensorflow,https://github.com/tensorflow/tensorflow/commit/86997ae9416e3ab6a1073397999343a04b881a82
tensorflow,https://github.com/tensorflow/tensorflow/commit/259ff3bedacabaf5c9dc78a636506700eef5c79b
tensorflow,https://github.com/tensorflow/tensorflow/commit/3dd7a2c566bc96d925200fd60edc6a3dfe512f5b
tensorflow,https://github.com/tensorflow/tensorflow/commit/2fe459733d2abed0cfce6aaa95acd61e6134ac1f
tensorflow,https://github.com/tensorflow/tensorflow/commit/82481f6e967b0523165067687384395570712236
tensorflow,https://github.com/tensorflow/tensorflow/commit/cf19da405c7865bd53a6886c2648a5c5278d3e32
tensorflow,https://github.com/tensorflow/tensorflow/commit/cee06db8fe1cc58a513dc135189eed01d2408c5e
tensorflow,https://github.com/tensorflow/tensorflow/commit/f818d251238f0c089fe40fdc8d2dccf499608b6a
tensorflow,https://github.com/tensorflow/tensorflow/commit/076f909b70b251daea6c443c9b1929b9745aed20
tensorflow,https://github.com/tensorflow/tensorflow/commit/9bef202848856f4c08ac29a1d874241813a3f6a0
tensorflow,https://github.com/tensorflow/tensorflow/commit/9a0de0ca6a39f3037e1be6ec740829863bcda3e8
tensorflow,https://github.com/tensorflow/tensorflow/commit/a21ec782601aca6c7e0461093d72596f26229e44
tensorflow,https://github.com/tensorflow/tensorflow/commit/546b973d27ba487e8f09e0ce5db5214af376b6b7
tensorflow,https://github.com/tensorflow/tensorflow/commit/d1408cb569c15f4f79ce9857bdd68ae40d5e7ef2
tensorflow,https://github.com/tensorflow/tensorflow/commit/aa1f74f80a71a501b27fa815ee2da6c72750c101
tensorflow,https://github.com/tensorflow/tensorflow/commit/c0ef25c8ad7366dfa2a70361c607ce70753675b1
tensorflow,https://github.com/tensorflow/tensorflow/commit/2547314a01549add2dde112279badee2c3c860ae
tensorflow,https://github.com/tensorflow/tensorflow/commit/db76ae546c6063b3880197dfce15ee7a1075bbc0
tensorflow,https://github.com/tensorflow/tensorflow/commit/36476f3c09b434220abc71cf18fb415695e246ae
tensorflow,https://github.com/tensorflow/tensorflow/commit/95246dd292e535ab5d98ddb362dab4fa7029dd83
tensorflow,https://github.com/tensorflow/tensorflow/commit/ab60b0ee51a8924a0f02b0152cd6a78ba64d3e94
tensorflow,https://github.com/tensorflow/tensorflow/commit/7bb504daa0c4d0823bfa56cbfdd62ff13e396ea7
tensorflow,https://github.com/tensorflow/tensorflow/commit/1b0db88af3638acb44a96332802ab005c616e8a8
tensorflow,https://github.com/tensorflow/tensorflow/commit/971f48d2e270d0517114ca117b42633813887b12
tensorflow,https://github.com/tensorflow/tensorflow/commit/dd1e58d3030ca15a1435318638035579b5038074
tensorflow,https://github.com/tensorflow/tensorflow/commit/d669ad1858a759cc2f916a5da02c081b62546d52
tensorflow,https://github.com/tensorflow/tensorflow/commit/062ed0a2aeb54fe84526298c0f7d0317cbcaa1e7
tensorflow,https://github.com/tensorflow/tensorflow/commit/d6bc770374310f20672bcf0b71dd47f356a10334
tensorflow,https://github.com/tensorflow/tensorflow/commit/48d3e51a1bd128554dd129251a51b6e12918a604
tensorflow,https://github.com/tensorflow/tensorflow/commit/bf9f2f21ff03500c2cdbcbd35a4c1daf194cb07c
tensorflow,https://github.com/tensorflow/tensorflow/commit/623a2f128b7e40ea990c82f56add4810244877d6
tensorflow,https://github.com/tensorflow/tensorflow/commit/764eae38919b45556373a320af1079ac54e70521
tensorflow,https://github.com/tensorflow/tensorflow/commit/e99e31597c1b5cc9f0cbc8a3dea71674d81c20b1
tensorflow,https://github.com/tensorflow/tensorflow/commit/b0e4bcdc6dc2cb740dc6ee6cfcaa306228dad8ea
tensorflow,https://github.com/tensorflow/tensorflow/commit/a63f3006f703428ff980748cdbe24d6a13f761e2
tensorflow,https://github.com/tensorflow/tensorflow/commit/bbbe095a3ae243d10752ca16b914a8fa11221d07
tensorflow,https://github.com/tensorflow/tensorflow/commit/15027d978a0a84a2d66ed917981d25aa76c4ec1c
tensorflow,https://github.com/tensorflow/tensorflow/commit/24b8ded9e921e78f91ed3fec50d7623803ac4bd4
tensorflow,https://github.com/tensorflow/tensorflow/commit/5c34f96527605c3e2f34a8dd9d46b8e15d3cbec0
tensorflow,https://github.com/tensorflow/tensorflow/commit/df79fabdb2461b855cddf3e223e909ed54391dba
tensorflow,https://github.com/tensorflow/tensorflow/commit/925eea39b40b677e05d048285c2cc2edf3ac1351
tensorflow,https://github.com/tensorflow/tensorflow/commit/c34cf295303bfc96673fe5b731936ffe0cce70fe
tensorflow,https://github.com/tensorflow/tensorflow/commit/5ed3c7881f1f039b1bb502eb68c65250de3bbac8
tensorflow,https://github.com/tensorflow/tensorflow/commit/dde9a23595d1937e7376bcc467142c0987fa02fc
tensorflow,https://github.com/tensorflow/tensorflow/commit/9910b18b4bc3066352ec02b227d450c4f7749c6b
tensorflow,https://github.com/tensorflow/tensorflow/commit/b677392e4af8095dbde8068b0ceb60bca815e94b
tensorflow,https://github.com/tensorflow/tensorflow/commit/7b7c9067d9989f8361f7c0a48b7a0cf5fc8d4f7a
tensorflow,https://github.com/tensorflow/tensorflow/commit/f9de907e7b98506279bc2be13b2e12be94c7d416
tensorflow,https://github.com/tensorflow/tensorflow/commit/220b5b17840823d767a70fced913f83b78050867
tensorflow,https://github.com/tensorflow/tensorflow/commit/274df2f1a41c7bed4bd1be64ba67b72053fd98ce
tensorflow,https://github.com/tensorflow/tensorflow/commit/dd7d791e02396346d98b7b2c58137d7e51756c0c
tensorflow,https://github.com/tensorflow/tensorflow/commit/ee61a6bd8c724cd8061b5b143eff0e9066e84929
tensorflow,https://github.com/tensorflow/tensorflow/commit/b86b0fc59db40956f36e2566e5c6d6bc4221da4e
tensorflow,https://github.com/tensorflow/tensorflow/commit/843f37336f6bf0dc9e51923348fc3cff9615a447
tensorflow,https://github.com/tensorflow/tensorflow/commit/da52e9745e72d148edae31a654447fd7c308af5d
tensorflow,https://github.com/tensorflow/tensorflow/commit/ee004b18b976eeb5a758020af8880236cd707d05
tensorflow,https://github.com/tensorflow/tensorflow/commit/ea460a531a997ba18abf09d06db428641e04b447
tensorflow,https://github.com/tensorflow/tensorflow/commit/c5f7a7791c173666bfe59878fbe27fef80b71bc7
tensorflow,https://github.com/tensorflow/tensorflow/commit/2a052ebf19897e0dc91b8b18f8e23ecc35e7a5fe
tensorflow,https://github.com/tensorflow/tensorflow/commit/1a593163a1354cc65aa78bb4c34f4cfa6e4763af
tensorflow,https://github.com/tensorflow/tensorflow/commit/7e2b115e088e84d7d18486b6ba7055c7e2ba5791
tensorflow,https://github.com/tensorflow/tensorflow/commit/4769fbd3938dabf64a027ea187f0724e1ab13559
tensorflow,https://github.com/tensorflow/tensorflow/commit/fede9fdbe051a3d081a7525e4dbd8ead467fdf6e
tensorflow,https://github.com/tensorflow/tensorflow/commit/02c160640b40ee403151eb1841dd5eca19b573b6
tensorflow,https://github.com/tensorflow/tensorflow/commit/9f4acbb8bec2473f889127361279f898871c1dd7
tensorflow,https://github.com/tensorflow/tensorflow/commit/bec8b931d01ac8eba989f6d77d5d154d7bfd4f0b
tensorflow,https://github.com/tensorflow/tensorflow/commit/b7d4db731ce10817bd221c5e808f3fcf55b71f83
tensorflow,https://github.com/tensorflow/tensorflow/commit/cbe054a32a8360184392ff5b8d4bd567eedd90af
tensorflow,https://github.com/tensorflow/tensorflow/commit/684bfd3b55dd21bffc7dbb723809943414212be0
tensorflow,https://github.com/tensorflow/tensorflow/commit/ff459137c2716a2a60f7d441b855fcb466d778cb
tensorflow,https://github.com/tensorflow/tensorflow/commit/65650c51ff619181913ed763052ebb454591dc5d
tensorflow,https://github.com/tensorflow/tensorflow/commit/8dc55fdc1359cb77d62550662b4376e1995bf13d
tensorflow,https://github.com/tensorflow/tensorflow/commit/5bb9ef1fbc3a58da5df810f8561f97262274a89d
tensorflow,https://github.com/tensorflow/tensorflow/commit/de03551e0b32eab46372ae6e00a47b5b6b612b29
tensorflow,https://github.com/tensorflow/tensorflow/commit/f52a6ffe40e525254b54ac371e6a8e3531489655
tensorflow,https://github.com/tensorflow/tensorflow/commit/5e0ecfb42f5f65629fd7a4edd6c4afe7ff0feb04
tensorflow,https://github.com/tensorflow/tensorflow/commit/d0d4e779da0d0f56499c6fa5ba09f0a576cc6b14
tensorflow,https://github.com/tensorflow/tensorflow/commit/4fe875c71d97e84bb380539fb64179d01deb4f15
tensorflow,https://github.com/tensorflow/tensorflow/commit/c9666f72eb0c97846c82bc3aadff9214f466585e
tensorflow,https://github.com/tensorflow/tensorflow/commit/7cc1b1fe996831876bb80ca75f0bed8e14796924
tensorflow,https://github.com/tensorflow/tensorflow/commit/a9a0880a9fcc902221a98517b26c339cc95d7653
tensorflow,https://github.com/tensorflow/tensorflow/commit/878b7fcfad9e6ce8bd1e2f5b485013805b1e2f50
tensorflow,https://github.com/tensorflow/tensorflow/commit/ad0737ed973d9137158135b61c1e7d6267a6793e
tensorflow,https://github.com/tensorflow/tensorflow/commit/da475ac0b846dc77e615a37670ac5a7b3726a277
tensorflow,https://github.com/tensorflow/tensorflow/commit/6a6af6b4729ea1532a1eafe50149664347c45bdb
tensorflow,https://github.com/tensorflow/tensorflow/commit/7bc27a348f4e37749544622196765030fe75c629
tensorflow,https://github.com/tensorflow/tensorflow/commit/1bff24d970d61e2e9738b519da5f47ae7befb068
tensorflow,https://github.com/tensorflow/tensorflow/commit/9d3cce4c7525bad6743f84302e5f6355a3fd8fe5
tensorflow,https://github.com/tensorflow/tensorflow/commit/6b4dd5685b14d71c549b774c7932b7d0cb9ec7f0
tensorflow,https://github.com/tensorflow/tensorflow/commit/861a1145aee0792d8247f9a5b62a9c43c0853a48
tensorflow,https://github.com/tensorflow/tensorflow/commit/fa41ce7add269f2d3829b76e5791dc1df8376262
tensorflow,https://github.com/tensorflow/tensorflow/commit/0bf8d1153937a88740772f930577e123a39e1d5e
tensorflow,https://github.com/tensorflow/tensorflow/commit/105d5f3137d75f873fe3d7ad9aab1cb98356488d
tensorflow,https://github.com/tensorflow/tensorflow/commit/a3729fd36054f4b6166c38c2f4ac0367afd9529d
tensorflow,https://github.com/tensorflow/tensorflow/commit/a0c74d196a21b9d1230820d31e15492ec84d07a6
tensorflow,https://github.com/tensorflow/tensorflow/commit/03bfc361b66f85fd8a4158b66d5386199dce4b68
tensorflow,https://github.com/tensorflow/tensorflow/commit/2c72ca8c439d64268e849ef81cde78f464e95ca2
tensorflow,https://github.com/tensorflow/tensorflow/commit/662128e8ca3411286b234553a7efc1356353d0f5
tensorflow,https://github.com/tensorflow/tensorflow/commit/963d7a175b0c03b0d7b03286c0d9eb7098c29e5e
tensorflow,https://github.com/tensorflow/tensorflow/commit/9cfb0290bc3045e393895fd085039ff4e9043705
tensorflow,https://github.com/tensorflow/tensorflow/commit/3c3fccac5f820b2c99e9fb7f7a09ba035fe529f9
tensorflow,https://github.com/tensorflow/tensorflow/commit/1e7fd2f447e37761b6f6c673de77d392b6d0650d
tensorflow,https://github.com/tensorflow/tensorflow/commit/4236743b1e1e499b19a997742ee792957e060719
tensorflow,https://github.com/tensorflow/tensorflow/commit/17904c0c090efe44251705636ed1eea362ccfdc2
tensorflow,https://github.com/tensorflow/tensorflow/commit/7b9d773d28ba4062b79a75408f58a2143e80d64d
tensorflow,https://github.com/tensorflow/tensorflow/commit/739f23c96ae24124cc5e5eb3e7c70b26c1e4e52c
tensorflow,https://github.com/tensorflow/tensorflow/commit/c9cb6d66bc77519202b98097f83fdd07241292a2
tensorflow,https://github.com/tensorflow/tensorflow/commit/5c228047cd3d3d14f4edd396453260eb8047d710
tensorflow,https://github.com/tensorflow/tensorflow/commit/61ad42acb4fa48e2fc6140a4fad41aa8ad85ea52
tensorflow,https://github.com/tensorflow/tensorflow/commit/0e74b6ecb39527636d894e3530789899e97172c4
tensorflow,https://github.com/tensorflow/tensorflow/commit/9037707977db43dbb1046cf7171ef665ac118cbd
tensorflow,https://github.com/tensorflow/tensorflow/commit/4edf32dad2f84cb824a3fe186fc3fa3fd53929be
tensorflow,https://github.com/tensorflow/tensorflow/commit/226fc419f2517e2482dd100422fc3769210b3d90
tensorflow,https://github.com/tensorflow/tensorflow/commit/b8431494de404b5f4def7303fb8efd6ba3575ef9
tensorflow,https://github.com/tensorflow/tensorflow/commit/ef070b94c1341986ec8f1469d0104f73c567de05
tensorflow,https://github.com/tensorflow/tensorflow/commit/cfcc4f0c0e1dc6ec219d4af5aca796660a9e047e
tensorflow,https://github.com/tensorflow/tensorflow/commit/bc6c8d904a44325bf81ba757bd777b226cbc57dc
tensorflow,https://github.com/tensorflow/tensorflow/commit/c6cb70d3846abade70f39424020e6e9663164579
tensorflow,https://github.com/tensorflow/tensorflow/commit/c25b2c103ad083fcfa40a57e36628a23ed6efab6
tensorflow,https://github.com/tensorflow/tensorflow/commit/ef7c0b3680c6446fa83649184f50cb1edfbc3aef
tensorflow,https://github.com/tensorflow/tensorflow/commit/b3e7f7d05dd9c68e93712fd5af301a32bca69644
tensorflow,https://github.com/tensorflow/tensorflow/commit/974f0a2279317cc3a4190559951f7a2cafdde197
tensorflow,https://github.com/tensorflow/tensorflow/commit/e2d308dbe40dd289772823b7815c98775097188a
tensorflow,https://github.com/tensorflow/tensorflow/commit/b582b2a0a06d0fd7cff56d008b6156b91ac74cdf
tensorflow,https://github.com/tensorflow/tensorflow/commit/bb5ff1b22f5d4d6bf937dcd71f8b710064eadce6
tensorflow,https://github.com/tensorflow/tensorflow/commit/1908d7ef706f0f3f8c7a300068355bf795fb3d17
tensorflow,https://github.com/tensorflow/tensorflow/commit/258233804f2bc92b4bdb9714b396aed34b53ff0d
tensorflow,https://github.com/tensorflow/tensorflow/commit/d787cdf78f3e9574a14b6d774ab2308a35228d9c
tensorflow,https://github.com/tensorflow/tensorflow/commit/1e40c1b0f8b6154db39dcd38767286ab307a0686
tensorflow,https://github.com/tensorflow/tensorflow/commit/2c5ee93ed1cd176567d949d0dc8f52188f7b31b6
tensorflow,https://github.com/tensorflow/tensorflow/commit/860538f62384fc4d9427aeac6f20ff7a87bcd21b
tensorflow,https://github.com/tensorflow/tensorflow/commit/433d16db419128a06fe57b708cd28036a9999889
tensorflow,https://github.com/tensorflow/tensorflow/commit/0dd390280ec46773f859c66d2f835ac2fdc4d977
tensorflow,https://github.com/tensorflow/tensorflow/commit/27c7e158dc255324b53010bfabb7a2dc8476cd5b
tensorflow,https://github.com/tensorflow/tensorflow/commit/7d96016c9603f8d5f53efddd65a4fe49b24812e6
tensorflow,https://github.com/tensorflow/tensorflow/commit/fcc97a32a8671814935e735492258089976c4457
tensorflow,https://github.com/tensorflow/tensorflow/commit/25a7a3324ad566c5f3a10be506fb6d3dfddd482c
tensorflow,https://github.com/tensorflow/tensorflow/commit/d4e522dd5048fe70b7e579c390c710cd576bd6d1
tensorflow,https://github.com/tensorflow/tensorflow/commit/b5358b4febd57fce17e315f01ad8b7920d0a57a2
tensorflow,https://github.com/tensorflow/tensorflow/commit/6485e6f569eac13636d176b1c515dc31c24c6875
tensorflow,https://github.com/tensorflow/tensorflow/commit/9bb678d2bd3d27e2ddc74fcf7270b0834cf008ad
tensorflow,https://github.com/tensorflow/tensorflow/commit/1b1ebd2b295ae199bddda268d579f4a4cbfccefd
tensorflow,https://github.com/tensorflow/tensorflow/commit/b45878744c636d5f32cc7a48e348c3dbfbe6d160
tensorflow,https://github.com/tensorflow/tensorflow/commit/5ec3d2e626589540bcfbeb7dac40255034e587df
tensorflow,https://github.com/tensorflow/tensorflow/commit/29f9aa334466342a112f277953a09b3f93f0e0f4
tensorflow,https://github.com/tensorflow/tensorflow/commit/67ea2f03d9185c63cc523a762dd818f1ce5bb595
tensorflow,https://github.com/tensorflow/tensorflow/commit/22ca232e2f59fa9a9c49100e7976a9a82f026f69
tensorflow,https://github.com/tensorflow/tensorflow/commit/b389f5c944cadfdfe599b3f1e4026e036f30d2d4
tensorflow,https://github.com/tensorflow/tensorflow/commit/ed40980387f85553f5e3d2acf6741f940c94118d
tensorflow,https://github.com/tensorflow/tensorflow/commit/4dda89967484dfa151ee60580d0f4b1ab5c4ebab
tensorflow,https://github.com/tensorflow/tensorflow/commit/2f95c49f1e72e1c95d150686a6ffeb23e76e3e71
tensorflow,https://github.com/tensorflow/tensorflow/commit/4553398e4ec290209577a832140d4b260f4c3373
tensorflow,https://github.com/tensorflow/tensorflow/commit/a0e2a3f3771c0f2618cd6a9c0e1cca1eb3185123
tensorflow,https://github.com/tensorflow/tensorflow/commit/d4de424c3d6c45e5655f3d1ed13b9f4747fd6b02
tensorflow,https://github.com/tensorflow/tensorflow/commit/360fe7abad4d8f0f3e286f15f9b96257a8a2b90c
tensorflow,https://github.com/tensorflow/tensorflow/commit/80ff197d03db2a70c6a111f97dcdacad1b0babfa
tensorflow,https://github.com/tensorflow/tensorflow/commit/f5381e0e10b5a61344109c1b7c174c68110f7629
tensorflow,https://github.com/tensorflow/tensorflow/commit/c676a2d7ce8884aad59ca9cd5f45e9b851574cac
tensorflow,https://github.com/tensorflow/tensorflow/commit/2b56169c16e375c521a3bc8ea658811cc0793784
tensorflow,https://github.com/tensorflow/tensorflow/commit/16d4106ffaa71b02ba5d5b4961eef07e46ea4f0b
tensorflow,https://github.com/tensorflow/tensorflow/commit/5f3e038624383191cc5cdf9ecc4eb5757406ac7b
tensorflow,https://github.com/tensorflow/tensorflow/commit/84db93bcd610a01177399f159a29df9f72f524d2
tensorflow,https://github.com/tensorflow/tensorflow/commit/f856d02e5322821aad155dad9b3acab1e9f5d693
tensorflow,https://github.com/tensorflow/tensorflow/commit/ee07fabdb581cd378396bf4ee55f4ff32bb22a0a
tensorflow,https://github.com/tensorflow/tensorflow/commit/401b862c2b4d8f6863fa113be5980edcb245fd64
tensorflow,https://github.com/tensorflow/tensorflow/commit/2aa9e7e4c7581cb47fc69324d98883c252bee263
tensorflow,https://github.com/tensorflow/tensorflow/commit/7fbc1229bca7feb50edf4adae1cd0d31210b3010
tensorflow,https://github.com/tensorflow/tensorflow/commit/558192ef2a0945b8149e646fd462b441a9ff3574
tensorflow,https://github.com/tensorflow/tensorflow/commit/bc47a1c45b22524b058575b9a19617e6ebfb0979
tensorflow,https://github.com/tensorflow/tensorflow/commit/2b4092ef0f76b4ad6ebbe32ee735c12f08e82d99
tensorflow,https://github.com/tensorflow/tensorflow/commit/94011705beed3010412e29ecfb557d66dbc788f0
tensorflow,https://github.com/tensorflow/tensorflow/commit/349438ddeae7b03a6c5aaca6e731a998c6f75965
tensorflow,https://github.com/tensorflow/tensorflow/commit/660ce5a89eb6766834bdc303d2ab3902aef99d3d
tensorflow,https://github.com/tensorflow/tensorflow/commit/60bd01450aebb16d939b3b8af8e962a518952d85
tensorflow,https://github.com/tensorflow/tensorflow/commit/c17d13a42c578fc1038af42fb2170a9f9a312347
tensorflow,https://github.com/tensorflow/tensorflow/commit/fbc02b521b121bb8f080d4ade5d543ff7594caa7
tensorflow,https://github.com/tensorflow/tensorflow/commit/9b0386725fb28294261d30b62b96e9ce55ff5f25
tensorflow,https://github.com/tensorflow/tensorflow/commit/08f9615e225b834d1cec8be9456e2ccad7d90937
