pytorch,https://github.com/pytorch/pytorch/commit/4db89e6890e9c59663cad0c97df74edf1214854a,2018-01-12 18:06:47
pytorch,https://github.com/pytorch/pytorch/commit/c261b9ce706755230b84e05080a37ea817f30a5e,2018-01-24 18:51:16
pytorch,https://github.com/pytorch/pytorch/commit/40ea24cc542ac3192809be5181d418979885ad29,2018-03-17 10:40:27
pytorch,https://github.com/pytorch/pytorch/commit/bc6243cb4a977323bbc6770af1a79bc5bb92ce4a,2018-04-17 00:40:58
pytorch,https://github.com/pytorch/pytorch/commit/6223bfdb1d3273a57b58b2a04c25c6114eaf3911,2018-04-17 23:36:40
pytorch,https://github.com/pytorch/pytorch/commit/46d0140d94bde8eb5fe740d6cad1aae77923047a,2018-05-04 16:02:33
pytorch,https://github.com/pytorch/pytorch/commit/157d7499e73f791d940690f8871e8cc0e3377f90,2018-05-04 10:23:52
pytorch,https://github.com/pytorch/pytorch/commit/b875fb281c92dbe88da279a0ff7ad342e7b28b9e,2018-05-10 23:14:27
pytorch,https://github.com/pytorch/pytorch/commit/bc4feab3e37eac576e89f2b0f3c45a87f47bf8a6,2018-05-17 21:17:29
pytorch,https://github.com/pytorch/pytorch/commit/9243b64bff082307da33a418b61d27f3d2a9e449,2018-06-05 15:49:16
pytorch,https://github.com/pytorch/pytorch/commit/4485ce66c293935d36745b9b11d8927aba16d64d,2018-06-12 20:06:24
pytorch,https://github.com/pytorch/pytorch/commit/c9b8d8566d550e46f03c922a95429bd6d31ed271,2018-06-15 21:20:55
pytorch,https://github.com/pytorch/pytorch/commit/372d1d67356f054db64bdfb4787871ecdbbcbe0b,2018-06-16 00:40:35
pytorch,https://github.com/pytorch/pytorch/commit/88db4c816ea9e8025b642b2ddc5bca4bc5aa56f7,2018-06-18 11:24:37
pytorch,https://github.com/pytorch/pytorch/commit/0a5fe55c9f26ef4cadf4a9350bcdeaea82d3e69f,2018-06-18 20:08:51
pytorch,https://github.com/pytorch/pytorch/commit/40262ca9d172decf5070c79c3edc6325b7160809,2018-06-21 10:32:27
pytorch,https://github.com/pytorch/pytorch/commit/edb88b5f3af03718b443d015f195faa1832ce95b,2018-06-26 14:55:48
pytorch,https://github.com/pytorch/pytorch/commit/f6cfd83a80c11a8cc887da96cc6f7f4ea7317cb5,2018-06-29 12:25:23
pytorch,https://github.com/pytorch/pytorch/commit/9413fabb0b0dbd572e2cc417a142458e847c5b45,2018-07-16 13:10:28
pytorch,https://github.com/pytorch/pytorch/commit/997f46d1e12aec84e38a5d7e21b1997850a071cb,2018-07-25 21:41:14
pytorch,https://github.com/pytorch/pytorch/commit/d3ba9a173e9b97e3b8a7a5007ef231a7aea95ed8,2018-07-27 09:11:44
pytorch,https://github.com/pytorch/pytorch/commit/44b47fd7f340a61410492267242c75fd5f392da9,2018-08-22 18:26:04
pytorch,https://github.com/pytorch/pytorch/commit/c9e66351a7080d11a746a0794fa833437015c1a8,2018-09-05 16:28:11
pytorch,https://github.com/pytorch/pytorch/commit/2946b021e38dd4cd4d6465b5aa4a8efbb160c2e5,2018-09-06 20:40:00
pytorch,https://github.com/pytorch/pytorch/commit/576807ce1a2291895cd1301ec6a982df21beb77f,2018-09-07 14:10:06
pytorch,https://github.com/pytorch/pytorch/commit/02c4cd3c8a3a4234ffbddde8d1214f0cfb209086,2018-09-12 14:57:57
pytorch,https://github.com/pytorch/pytorch/commit/daa379ffd7e684c4db02914918dcb298849ed600,2018-09-12 17:39:36
pytorch,https://github.com/pytorch/pytorch/commit/7122f8b3bb7f7287cf0410a5ced2c5b120d15d30,2018-09-25 10:25:30
pytorch,https://github.com/pytorch/pytorch/commit/cdead5ace16c105ebb230ffd97228084946b914d,2018-10-08 17:09:37
pytorch,https://github.com/pytorch/pytorch/commit/70c527dacdd6ffefe4d0c6bc9179b29fa12a849d,2018-10-16 22:54:50
pytorch,https://github.com/pytorch/pytorch/commit/4c06f1f2bbbc655fcbffcd16af1da38f8906c1cc,2018-10-31 09:34:49
pytorch,https://github.com/pytorch/pytorch/commit/1256cbaa6936ecae4db290b3f7af1923da5ba89a,2018-11-16 11:43:52
pytorch,https://github.com/pytorch/pytorch/commit/bb404e7a32f72374af23d8adcf3c604517ee8d71,2018-11-16 19:18:55
pytorch,https://github.com/pytorch/pytorch/commit/52942e1f096de1c8503b86e433ec2805e48f842e,2018-12-07 18:57:32
pytorch,https://github.com/pytorch/pytorch/commit/879bf65811ea3af43f72a734ca9dad67ce889cfb,2019-01-23 11:57:44
pytorch,https://github.com/pytorch/pytorch/commit/10cd9d5a03f47f16ef496ddc7697b68a6701fddc,2019-02-01 00:53:54
pytorch,https://github.com/pytorch/pytorch/commit/9b7f3da74bd782f1cc9933da5e4a03825af8e046,2019-02-13 17:18:47
pytorch,https://github.com/pytorch/pytorch/commit/9477c143c689d2d4de2e21a7d2b533d75fe41e58,2019-02-19 05:40:37
pytorch,https://github.com/pytorch/pytorch/commit/ac87488bd3dad62fb4d9d556a8e1ccc277f71aeb,2019-03-07 18:38:53
pytorch,https://github.com/pytorch/pytorch/commit/1ba1ca0acb5e91c22ef6cc14d4d47a8453f1d3d7,2019-03-14 18:47:22
pytorch,https://github.com/pytorch/pytorch/commit/6a1a019c0ad63182ea10afa2e9fc52d38ec5eebc,2019-03-25 16:58:34
pytorch,https://github.com/pytorch/pytorch/commit/c3e3c5cc39165470ddab5afb6373399fdbd6598e,2019-03-27 11:21:44
pytorch,https://github.com/pytorch/pytorch/commit/8793e8db429ffbc18369ae62f970ee528c10829c,2019-04-05 09:49:54
pytorch,https://github.com/pytorch/pytorch/commit/6b0ca8eae5d663ad3db560b428abcef465f09dbb,2019-04-10 20:35:36
pytorch,https://github.com/pytorch/pytorch/commit/9005a2c0fc2d981c65b388ccd2ec4be3e1106a66,2019-05-06 08:34:27
pytorch,https://github.com/pytorch/pytorch/commit/430d1a2761ab85ce8e8a3b6f81f7106481a4973a,2019-05-24 15:55:44
pytorch,https://github.com/pytorch/pytorch/commit/d23d04f17fc210424d4ecb30c82f9a08f1d5ca48,2019-05-28 21:26:13
pytorch,https://github.com/pytorch/pytorch/commit/e268fc97c3c931cfc303d044969699d50d8383e0,2019-06-04 17:38:25
pytorch,https://github.com/pytorch/pytorch/commit/ae342fd0760d66ca870484553bce805cc466a4bc,2019-06-12 13:01:30
pytorch,https://github.com/pytorch/pytorch/commit/bc6281028ce02d7a92093e5331ac11047347a162,2019-06-14 09:10:00
pytorch,https://github.com/pytorch/pytorch/commit/710821875af460d0f10c1f8c0c03d964b35ec5da,2019-06-14 11:40:03
pytorch,https://github.com/pytorch/pytorch/commit/effcc398c447ce2aa6752354d64ef3d7ac5f004b,2019-06-19 13:54:09
pytorch,https://github.com/pytorch/pytorch/commit/25eae3ed08d82c1fdca7f85559cc35d8aa8b77ef,2019-06-26 09:47:40
pytorch,https://github.com/pytorch/pytorch/commit/67179d71f7be0a001485bdd774bb864e6b545c2c,2019-07-24 11:31:20
pytorch,https://github.com/pytorch/pytorch/commit/44a7879b6efbea28e5a9d4ba841c5763cd4674cb,2019-08-27 09:09:25
pytorch,https://github.com/pytorch/pytorch/commit/6c9410ffd13e68cfd00942c9e8a4f888408cb3de,2019-08-28 07:51:54
pytorch,https://github.com/pytorch/pytorch/commit/04764d575147fa25577afc6030c41413198d2ee7,2019-08-29 14:46:07
pytorch,https://github.com/pytorch/pytorch/commit/3c6009e6f1e546a981d77644c5eec8e8de119f0c,2019-09-06 10:53:05
pytorch,https://github.com/pytorch/pytorch/commit/2655b2710c8f0b3253fe2cfe0d2674f5d3592d22,2019-09-10 17:00:22
pytorch,https://github.com/pytorch/pytorch/commit/827d71d769f9b8249d368616993dbe10b7ebd6f3,2019-09-12 10:06:26
pytorch,https://github.com/pytorch/pytorch/commit/4160b8cd77c699d80b201a876d7a5de66b672b07,2019-09-14 00:34:44
pytorch,https://github.com/pytorch/pytorch/commit/68895eb9f4788656f03cddc0b631f9ff854cd368,2019-09-19 11:13:31
pytorch,https://github.com/pytorch/pytorch/commit/cbdbdd3c8c428fb3e2f4edd48ebb1e21b52dc1e0,2019-09-23 14:19:39
pytorch,https://github.com/pytorch/pytorch/commit/e09c97b113b0d1e2826f990dffc8e058b1294fc9,2019-10-01 13:20:10
pytorch,https://github.com/pytorch/pytorch/commit/415b17e81cb32d9d8dddcd8ae495bf63f919cb1e,2019-10-10 13:53:58
pytorch,https://github.com/pytorch/pytorch/commit/9c41b61e3f9feaa95f4ce549bcf25e0e43235e40,2019-10-17 21:41:53
pytorch,https://github.com/pytorch/pytorch/commit/636fbcdd0a287a590b401fb511da74aa69354b23,2019-10-22 12:52:30
pytorch,https://github.com/pytorch/pytorch/commit/896b5d9113523d8b5a8f5beac8c62f8f2fa7a326,2019-10-23 16:16:57
pytorch,https://github.com/pytorch/pytorch/commit/e96ea288a8706b9e6dfad89aa47d73198960631c,2019-10-25 19:50:24
pytorch,https://github.com/pytorch/pytorch/commit/807fbf88168b229951a2c4a1c4c09a331df739f1,2019-10-30 11:34:35
pytorch,https://github.com/pytorch/pytorch/commit/64c7ac233e4045aae76bf06bf445392d0d02957c,2019-10-30 18:43:10
pytorch,https://github.com/pytorch/pytorch/commit/05e88dc4fecd77ea87685895480aafdd317d4d0e,2019-10-31 10:12:59
pytorch,https://github.com/pytorch/pytorch/commit/cddda17394d4d763d47059678d2ce2d8c9c677b0,2019-11-01 13:59:02
pytorch,https://github.com/pytorch/pytorch/commit/003cb8595b092ed18c9a120fc7f087cd540b811e,2019-11-05 15:49:13
pytorch,https://github.com/pytorch/pytorch/commit/2f2a0d1607113003eeb1bbdcba343a745aa1e6d9,2019-11-05 16:53:53
pytorch,https://github.com/pytorch/pytorch/commit/74b2d9ed2ed9b1ea3b33d153854ec0349152ab0a,2019-11-06 13:29:23
pytorch,https://github.com/pytorch/pytorch/commit/4515edfe1596db609b1a4c4601026ce2befc089b,2019-11-06 21:30:11
pytorch,https://github.com/pytorch/pytorch/commit/1dd3c8e53909d6cf35ade5cf85cd7430e5c655f9,2019-11-07 12:52:47
pytorch,https://github.com/pytorch/pytorch/commit/991c2ac383801ecd3b0bf40c0c8595dd216bb988,2019-11-08 13:51:22
pytorch,https://github.com/pytorch/pytorch/commit/f5074ccafe24d656d2b3a3f29442c03fcadee21e,2019-11-09 09:30:46
pytorch,https://github.com/pytorch/pytorch/commit/3e5af22650c3dc05dd324fdd87c4595c4f08b605,2019-11-10 21:33:27
pytorch,https://github.com/pytorch/pytorch/commit/2b05ae0704cc25bf8d801e9a2242b4de09518505,2019-11-13 13:53:05
pytorch,https://github.com/pytorch/pytorch/commit/9fd7db616a0e220a74f4459958ea2d3186d5e55a,2019-11-13 23:56:21
pytorch,https://github.com/pytorch/pytorch/commit/4da509090e6619d96f084e0b2123be0e670f5512,2019-11-15 22:03:04
pytorch,https://github.com/pytorch/pytorch/commit/861ef050150f4dc8565b90fea253a70a76ba4dc4,2019-11-19 07:02:59
pytorch,https://github.com/pytorch/pytorch/commit/57acc2ff3a45ad3a920f335afba01b6157b85897,2019-11-19 11:03:45
pytorch,https://github.com/pytorch/pytorch/commit/63c957cd94e4870fcef3a735dec752ddcfd4c4d8,2019-11-19 15:50:42
pytorch,https://github.com/pytorch/pytorch/commit/551e387ffffbedaf8d4b70d1c2db7072a082daa6,2019-11-20 07:44:00
pytorch,https://github.com/pytorch/pytorch/commit/188d0a9add7e10578dc1d6989bb3b22f59850eb9,2019-11-21 13:44:44
pytorch,https://github.com/pytorch/pytorch/commit/2d0a4e42e9e55207aa8e72d64bc4d01d0ac7af77,2019-12-02 18:12:28
pytorch,https://github.com/pytorch/pytorch/commit/e5bd7a794270a35c162b4bf5b0b28334610eb30a,2019-12-05 14:28:27
pytorch,https://github.com/pytorch/pytorch/commit/c1159494a67e9e18de51cb3b89a8c3248cbc22dc,2019-12-05 17:08:20
pytorch,https://github.com/pytorch/pytorch/commit/ef95a72690ff8d26e212a04b896b1214ee06d612,2019-12-05 21:46:39
pytorch,https://github.com/pytorch/pytorch/commit/4fd20c0816d00e445d96085b9dc2fa7a443159ff,2019-12-06 13:36:14
pytorch,https://github.com/pytorch/pytorch/commit/fa6661422fdaecd1cc25967c5f555d42ed66598c,2019-12-09 15:55:51
pytorch,https://github.com/pytorch/pytorch/commit/a53b39f09d0c06f55ea6990ac72a3998b70423b5,2019-12-11 11:36:58
pytorch,https://github.com/pytorch/pytorch/commit/dab5f725431bc1f51cf694c75254f2609570a4b5,2019-12-17 11:58:43
pytorch,https://github.com/pytorch/pytorch/commit/c5d2758c35ef7b7d1de33e2c7b07a4558ba0382b,2019-12-17 19:16:54
pytorch,https://github.com/pytorch/pytorch/commit/fe76af96eddbf62df0d2722220b907e56e3ee8e6,2019-12-22 18:01:21
pytorch,https://github.com/pytorch/pytorch/commit/39297bfe08af11a63a06037020a01cfa18676f70,2019-12-30 18:07:26
pytorch,https://github.com/pytorch/pytorch/commit/c829c6f3d2a6b2d521ebe0965fd2a27fd128d5ce,2020-01-03 17:01:27
pytorch,https://github.com/pytorch/pytorch/commit/904ab092c286a750a270b4fd66ffd3a8baf39302,2020-01-17 04:00:39
pytorch,https://github.com/pytorch/pytorch/commit/b3848c568e3434896278bec59ac126ed02e894e1,2020-01-27 21:09:40
pytorch,https://github.com/pytorch/pytorch/commit/9de3208449940374f1928eb6840a245a55aa90a5,2020-01-28 12:40:12
pytorch,https://github.com/pytorch/pytorch/commit/ad78c0f4fc880c0da5064ccb85290c38dbe252ab,2020-01-31 16:53:18
pytorch,https://github.com/pytorch/pytorch/commit/5c019fede378db791d13da28c96b8c968e0e11ed,2020-02-03 14:23:50
pytorch,https://github.com/pytorch/pytorch/commit/674dca0831874314bf34b94f58f3a311708df34a,2020-02-07 02:18:57
pytorch,https://github.com/pytorch/pytorch/commit/3c4cec56aaa3c5094249fdb1a9a139407ceb305c,2020-02-10 12:42:36
pytorch,https://github.com/pytorch/pytorch/commit/ad90c97c0ac455546b2b6353a22caa25dcf0574d,2020-02-11 12:21:07
pytorch,https://github.com/pytorch/pytorch/commit/47e589eb6e322fe6d4a752a1e8ef0adab78b7dc1,2020-02-11 22:50:03
pytorch,https://github.com/pytorch/pytorch/commit/5b922918d023126ad1f468c68577c9b599ad202d,2020-02-13 13:10:44
pytorch,https://github.com/pytorch/pytorch/commit/6cb9e6b0158d3c9c0843c6c02335547a12217dfe,2020-02-19 17:17:17
pytorch,https://github.com/pytorch/pytorch/commit/ffe327f7d9c0bf3f6d2fc64fd4dfb8b2c2013be8,2020-02-20 09:08:29
pytorch,https://github.com/pytorch/pytorch/commit/e10aa6b72fa63d327d2a8db3a9beb39d38908bd6,2020-02-21 16:08:04
pytorch,https://github.com/pytorch/pytorch/commit/15caf3b5163797e764d3f8af9e92bf1862263162,2020-03-01 14:16:56
pytorch,https://github.com/pytorch/pytorch/commit/3f1ba3c465769fddf56eacfed8d905a47ec2f1ef,2020-03-12 10:33:17
pytorch,https://github.com/pytorch/pytorch/commit/31eaeba38a0f2970d6c76103a349f35f57ee35b5,2020-03-16 15:06:01
pytorch,https://github.com/pytorch/pytorch/commit/ff3d205ee5a253fb020494ab561502c542deb114,2020-03-17 19:01:41
pytorch,https://github.com/pytorch/pytorch/commit/d2d26bf6434b39f01b7c60e99e72351b91711066,2020-03-19 16:12:58
pytorch,https://github.com/pytorch/pytorch/commit/082e48e3462832fa308225dd7014ee6ec53e743e,2020-03-22 18:49:53
pytorch,https://github.com/pytorch/pytorch/commit/299bd6d701263cd035d24c82253c433505adb250,2020-03-26 07:41:32
pytorch,https://github.com/pytorch/pytorch/commit/1bd68eafb53b5264df8db4e84589509d5f10163b,2020-04-02 08:28:46
pytorch,https://github.com/pytorch/pytorch/commit/2ef1ace877edb593b031edc3251e83cf470aa115,2020-04-06 15:18:30
pytorch,https://github.com/pytorch/pytorch/commit/4a49ad0da7e14cf2b61e853efd374ae38ae762e5,2020-04-15 10:54:59
pytorch,https://github.com/pytorch/pytorch/commit/32307efd6885f74b242b02f65125fbe98784c805,2020-04-20 18:58:16
pytorch,https://github.com/pytorch/pytorch/commit/f0a533c5dd81a92350bf43131322ec9cc99678ef,2020-04-21 16:42:47
pytorch,https://github.com/pytorch/pytorch/commit/ea741f829e825e8ff87ed67cd80a71d65fbb9c73,2020-04-25 13:56:58
pytorch,https://github.com/pytorch/pytorch/commit/25e6129c5258eb966c8e843ab43e7b4ebaa1b8de,2020-05-05 12:22:20
pytorch,https://github.com/pytorch/pytorch/commit/288dd33770287ce3c904eb86a019dd4435b85303,2020-05-06 18:59:54
pytorch,https://github.com/pytorch/pytorch/commit/7492e98c7f5014dec690acab86d6d5b50a6a5f87,2020-05-19 13:32:58
pytorch,https://github.com/pytorch/pytorch/commit/f58cc4b444c99f6c9260fa1e10bdad6befec0237,2020-05-28 10:48:34
pytorch,https://github.com/pytorch/pytorch/commit/34e28ede57f1011798a0c7b11f91de7508ed0a2c,2020-06-17 15:40:28
pytorch,https://github.com/pytorch/pytorch/commit/f4ffe99da5ad7c1c7cf3a2254efc0100fb54304f,2020-06-17 15:48:38
pytorch,https://github.com/pytorch/pytorch/commit/89ef8f8141c49cc7d96db716a6ef9c11e5655cf2,2020-06-18 15:15:35
pytorch,https://github.com/pytorch/pytorch/commit/ea06db9466fcdc1b94b44df795056b2af7501346,2020-06-24 16:58:42
pytorch,https://github.com/pytorch/pytorch/commit/82e9318a16f2a5d38bb367f4817e53ae246eacab,2020-06-24 18:22:46
pytorch,https://github.com/pytorch/pytorch/commit/fc8bca094cc23a2394214c5cdbc8392a3d279e8c,2020-06-26 09:45:45
pytorch,https://github.com/pytorch/pytorch/commit/d0f2079b5e0247c38e731f5e7e7dba835aef644f,2020-07-03 02:52:14
pytorch,https://github.com/pytorch/pytorch/commit/f9a71d3de4d82da9fe77ff73a2f3097a8c2dcb74,2020-07-03 06:20:29
pytorch,https://github.com/pytorch/pytorch/commit/f083cea22789db8f80876033c15cf239e41399d5,2020-07-03 06:22:40
pytorch,https://github.com/pytorch/pytorch/commit/05207b7371bbaa072c2d8f3469984312b21d50ca,2020-07-14 14:49:01
pytorch,https://github.com/pytorch/pytorch/commit/fd0329029f8b6ff3955d5b1b3e3f22ff9ab22cb0,2020-07-14 19:26:44
pytorch,https://github.com/pytorch/pytorch/commit/563b60b8901c23a5239f2533744d2d4b03a11ca4,2020-07-15 11:03:35
pytorch,https://github.com/pytorch/pytorch/commit/b5e32528d04e711f60ae2a7bfdd4b3b749f1a9b5,2020-07-16 11:20:56
pytorch,https://github.com/pytorch/pytorch/commit/1f11e930d0e537be0edec4bbfa52909cfe2585cc,2020-07-21 08:55:07
pytorch,https://github.com/pytorch/pytorch/commit/8deb4fe809ca956276e8d6edaa184de7118be58f,2020-07-28 18:38:26
pytorch,https://github.com/pytorch/pytorch/commit/2335430086fd1e23db161f5f0782d8b04885702d,2020-07-30 02:32:52
pytorch,https://github.com/pytorch/pytorch/commit/edf6c4bc4dbd4e42c18033a7d9df9c2025ab5805,2020-08-05 15:08:32
pytorch,https://github.com/pytorch/pytorch/commit/b93c7c54eb6bcd9826d83b7e65a33d7830234815,2020-08-05 15:10:04
pytorch,https://github.com/pytorch/pytorch/commit/935fcc9580948b6b80b5d7931290a8afa985a492,2020-08-05 15:10:07
pytorch,https://github.com/pytorch/pytorch/commit/a94039fce598538cb8b75e107f9c7926f09d7ba1,2020-08-05 15:10:11
pytorch,https://github.com/pytorch/pytorch/commit/2acef69ce3e072c511aeb585f729dfb753444411,2020-08-05 15:10:14
pytorch,https://github.com/pytorch/pytorch/commit/e7c7eaab82c960b9b880f9e9e2d6c33a137d9b69,2020-08-05 15:10:17
pytorch,https://github.com/pytorch/pytorch/commit/2e7b464c43a67701dcb77ecb1df67d56751648b8,2020-08-05 15:10:20
pytorch,https://github.com/pytorch/pytorch/commit/d7516ccfac08c389aeb1cf741ba816cf58518ac7,2020-08-05 15:10:23
pytorch,https://github.com/pytorch/pytorch/commit/c30bc6d4d7b54296179d717c15cd7507ba520bae,2020-08-06 02:14:58
pytorch,https://github.com/pytorch/pytorch/commit/3bf2978497cb1f03d40de94f793d86b11fd12316,2020-08-11 14:28:53
pytorch,https://github.com/pytorch/pytorch/commit/f9a766bb39e65efe438730adb8e047117f439f7c,2020-08-20 08:41:24
pytorch,https://github.com/pytorch/pytorch/commit/c4e5ab6ff29de7905d296eadc0ee9383cd64382f,2020-08-26 18:35:24
pytorch,https://github.com/pytorch/pytorch/commit/a40ef25e301ca6a50a955fec1d763de8570b9483,2020-09-17 07:58:16
pytorch,https://github.com/pytorch/pytorch/commit/21a1b9c7cff40d46fc4f9ea391e702d4052ffa41,2020-09-18 18:53:47
pytorch,https://github.com/pytorch/pytorch/commit/4bbb6adff590a0d813589a2e856db786308f2a61,2020-09-21 09:27:22
pytorch,https://github.com/pytorch/pytorch/commit/8507ea22b21842f93a7d17ddfe737f134642375c,2020-09-24 09:42:37
pytorch,https://github.com/pytorch/pytorch/commit/3f5eee666cfbb5cbc5ced32915658e00b39b40e9,2020-09-24 10:25:58
pytorch,https://github.com/pytorch/pytorch/commit/bee1d448e76837e7ffc066fcad576ccb98e92ee1,2020-09-24 15:57:32
pytorch,https://github.com/pytorch/pytorch/commit/bf85642c4c6e257587c50be8de108199be5d0396,2020-10-05 20:02:29
pytorch,https://github.com/pytorch/pytorch/commit/f5e70a750464fc3b022cecb57f1bfe19242a3884,2020-10-06 17:32:07
pytorch,https://github.com/pytorch/pytorch/commit/5c5484c88904a6e7d1fab6b1fb45c1b43adbc84b,2020-10-16 09:02:46
pytorch,https://github.com/pytorch/pytorch/commit/151f31ba278b39a790044b0e1f60d14aeb71ad6f,2020-10-27 14:21:40
pytorch,https://github.com/pytorch/pytorch/commit/115bbf9945dfef34d036c07bd329d800ede0c51b,2020-10-27 16:10:03
pytorch,https://github.com/pytorch/pytorch/commit/fc2bd991cca680fb9579913765f2d7cf82130c75,2020-10-28 15:48:49
pytorch,https://github.com/pytorch/pytorch/commit/e985503d80bbc6ff62587fa64c07cfb25488490d,2020-11-05 19:31:52
pytorch,https://github.com/pytorch/pytorch/commit/0652d755d3a5d6c21a695ff9b57d8be972496a4f,2020-11-12 22:35:42
pytorch,https://github.com/pytorch/pytorch/commit/5dfced3b0d716c885189914b7cdc4514621c4599,2020-11-26 18:33:19
pytorch,https://github.com/pytorch/pytorch/commit/696e30af6e004f6346c0070770ce242a1a3b133a,2020-12-10 21:09:41
pytorch,https://github.com/pytorch/pytorch/commit/a727bf285191177fe4f6ac428454224ef4ecf301,2020-12-17 11:37:21
pytorch,https://github.com/pytorch/pytorch/commit/faf60329451f285b7a2b6ccc1eff8b6ff884ebbf,2020-12-18 10:00:24
pytorch,https://github.com/pytorch/pytorch/commit/09b896261c66a874fc9ac00aafc111d58b2a5280,2021-01-25 11:43:37
pytorch,https://github.com/pytorch/pytorch/commit/5834b3b204abe8c8162fa4792e459efdeedcde36,2021-01-26 08:38:54
pytorch,https://github.com/pytorch/pytorch/commit/4b3c99ce4a6c29b7898b391b4ceecf82d6ff8837,2021-02-06 21:22:04
pytorch,https://github.com/pytorch/pytorch/commit/285e69a9cd9c6dda42d4b0499ceeaeb7ecfc3f9c,2021-02-09 07:42:41
pytorch,https://github.com/pytorch/pytorch/commit/fd41ed1ccef68e88e075c7b633409644c22f0782,2021-02-10 22:14:06
pytorch,https://github.com/pytorch/pytorch/commit/70a805a28671079b6e0a3947b63b578e6169f292,2021-02-11 14:02:52
pytorch,https://github.com/pytorch/pytorch/commit/163a91bed31f0ffdbce99d1a834d12c33f708758,2021-02-25 10:47:04
pytorch,https://github.com/pytorch/pytorch/commit/2444b4d12245dbfde986e4bb9bc3538806a9d267,2021-03-02 14:31:33
pytorch,https://github.com/pytorch/pytorch/commit/0a549f9412e7a460ef5c4055b359313c3164901d,2021-03-11 08:29:12
pytorch,https://github.com/pytorch/pytorch/commit/ec6a7cace3c5f9c9ea6caa75c7d57cdc8e4edd1d,2021-03-11 16:07:41
pytorch,https://github.com/pytorch/pytorch/commit/142c6b0e550fe006456d13961e7f1ae19c942435,2021-03-13 23:17:21
pytorch,https://github.com/pytorch/pytorch/commit/319ab58e27b8e325ce84e9ca2218cea3d6d32b6e,2021-03-14 05:42:39
pytorch,https://github.com/pytorch/pytorch/commit/65781f94ad677bf0cbf9f92a8d5bc0a48b85ec93,2021-03-27 00:43:58
pytorch,https://github.com/pytorch/pytorch/commit/a74b10def961ab090385f291ee06e66db99c1a2f,2021-03-31 10:36:09
pytorch,https://github.com/pytorch/pytorch/commit/f71a0daeb747148520ef275fa65b79cc6f5fa36b,2021-03-31 11:38:30
pytorch,https://github.com/pytorch/pytorch/commit/2eebd9fdce0433163be117345a3cc0bae6ac51e5,2021-04-13 11:14:04
pytorch,https://github.com/pytorch/pytorch/commit/de5e3b5eb045829041144e1c4e44448d13313d74,2021-04-13 15:28:51
pytorch,https://github.com/pytorch/pytorch/commit/42f5d66080ef2cc89d2a1164957eee80e8491c80,2021-04-15 17:15:42
pytorch,https://github.com/pytorch/pytorch/commit/b2dae294b69d93112337c4a599f619eb81e1d962,2021-04-20 09:28:27
pytorch,https://github.com/pytorch/pytorch/commit/04de24d10a7e6db43aa78ad36e6ac430cbe85824,2021-04-20 10:42:00
pytorch,https://github.com/pytorch/pytorch/commit/2ea3c24c06940595c6f8ed15b26ad3cd8a4d335f,2021-04-22 19:45:41
pytorch,https://github.com/pytorch/pytorch/commit/5a10ee71d6ca9d557496ee472adab0f184d8a3ee,2021-04-28 13:46:02
pytorch,https://github.com/pytorch/pytorch/commit/7175d4912276455db3a18dfe94af030843827d3a,2021-05-04 17:44:28
pytorch,https://github.com/pytorch/pytorch/commit/69e64b26329873181e4dce7c5856f9484522a995,2021-05-05 14:06:32
pytorch,https://github.com/pytorch/pytorch/commit/27af9b0462385bd0c42b22a5046fca6bb3334079,2021-05-05 20:26:58
pytorch,https://github.com/pytorch/pytorch/commit/da06ae73a3747806d8972f14ee2dfddd29792738,2021-05-06 12:50:53
pytorch,https://github.com/pytorch/pytorch/commit/e9c3ce30d44abdab82feba7cfec6eb8470afe135,2021-05-07 17:32:05
pytorch,https://github.com/pytorch/pytorch/commit/4faa4273836be46e255bf689a8a133f40603fac7,2021-05-12 09:34:38
pytorch,https://github.com/pytorch/pytorch/commit/26aeec35a1bc22ef2225d30b52f51123c6445d66,2021-05-13 14:45:45
pytorch,https://github.com/pytorch/pytorch/commit/934f6dca65a7521aec7a13a1156b21551196bba0,2021-05-27 09:49:52
pytorch,https://github.com/pytorch/pytorch/commit/3efefc4016e042c8dfbda6c1178f9bcc457b2fb8,2021-06-01 21:05:46
pytorch,https://github.com/pytorch/pytorch/commit/d433a55c948b1f7d188ff1fd55f18fac7677f056,2021-06-11 11:15:49
pytorch,https://github.com/pytorch/pytorch/commit/5a2f41a2dbe575ff7ff7066fe642fd53006f0f36,2021-06-23 17:12:18
pytorch,https://github.com/pytorch/pytorch/commit/0be65cd52a0156001271806466eeb2ff53349072,2021-06-25 10:15:18
pytorch,https://github.com/pytorch/pytorch/commit/2bbcc80de3e2c69c332b696749352fc8997f3040,2021-07-09 09:29:16
pytorch,https://github.com/pytorch/pytorch/commit/d5204064dcb4388959784bcddf60c5301d6979ac,2021-07-13 10:34:59
pytorch,https://github.com/pytorch/pytorch/commit/4c3d9cfe033b9b2c3ad5ad952c3ee69d2c20d844,2021-07-16 08:37:02
pytorch,https://github.com/pytorch/pytorch/commit/736bb267461002bf223eca61efa79cbf69b4d3ce,2021-07-16 10:50:05
pytorch,https://github.com/pytorch/pytorch/commit/9e53c823b8ce7c04a310bde621197001753a63af,2021-07-22 08:51:49
pytorch,https://github.com/pytorch/pytorch/commit/4b47ea94463e6581c47f4ba8de1681ddcae538d5,2021-08-04 07:29:06
pytorch,https://github.com/pytorch/pytorch/commit/7bad9ac78ae430b60745543cffa6002afb85e415,2021-08-17 08:56:58
pytorch,https://github.com/pytorch/pytorch/commit/f5d585391d13287250e85cbd55a17c5e0b8ac2a8,2021-08-23 18:50:04
pytorch,https://github.com/pytorch/pytorch/commit/4a7a0ea42e99b5e101debf63d5cb5c7ba6baec90,2021-09-28 22:33:02
pytorch,https://github.com/pytorch/pytorch/commit/3bd26792c06a4537883537997078de9d4a73e48d,2021-10-05 18:33:23
pytorch,https://github.com/pytorch/pytorch/commit/bfaaac6392a73007dea3fcb598ece87fbf16fe84,2021-10-06 08:42:35
pytorch,https://github.com/pytorch/pytorch/commit/9a0b2acd766877cf51b076fbdf06d76af4d4637e,2021-10-06 11:42:34
pytorch,https://github.com/pytorch/pytorch/commit/213c3f45da4bf9c862095cf05a55df0ae30214d3,2021-10-06 17:56:19
pytorch,https://github.com/pytorch/pytorch/commit/06fa6c15c0d12fe037182a9b5b8100e057585a52,2021-10-14 22:23:22
pytorch,https://github.com/pytorch/pytorch/commit/d7ac6e977a72f83438a212cf7a1a38d64f0686fb,2021-10-26 11:08:51
pytorch,https://github.com/pytorch/pytorch/commit/5fd93fb5f8f3c17d5e3a50ba29edee0d06950703,2021-11-03 13:48:58
pytorch,https://github.com/pytorch/pytorch/commit/d2438a890158596dbf39c9069297b24efd91df8f,2021-11-09 13:03:02
pytorch,https://github.com/pytorch/pytorch/commit/da5ffe752ac00f9803cece90c773641a98200b12,2021-11-12 15:03:14
pytorch,https://github.com/pytorch/pytorch/commit/56024e91c9e6c306bf9051460994abc0b7cb1cf1,2021-11-15 11:23:55
pytorch,https://github.com/pytorch/pytorch/commit/a8bcfc90f516cb3818215d8454174b6168084b0a,2021-11-16 13:52:13
pytorch,https://github.com/pytorch/pytorch/commit/faa1e8b7cf80fc8f67dc18af9e7005dc451ba5d3,2021-11-16 23:43:23
pytorch,https://github.com/pytorch/pytorch/commit/3e3bf40b0a5acc68db40d0c2570207f2f35ae557,2021-11-17 06:08:53
pytorch,https://github.com/pytorch/pytorch/commit/183dcdf5513c1b8b097a939681a1b862300d724c,2021-11-19 13:25:24
pytorch,https://github.com/pytorch/pytorch/commit/37edb7483acdf7f3e85f3f381d26dee307093de0,2021-11-19 15:23:30
pytorch,https://github.com/pytorch/pytorch/commit/39ec0f321b2f5bd218dd1136ee08a951d876a33f,2021-11-22 08:26:52
pytorch,https://github.com/pytorch/pytorch/commit/ec1339a48bf1a99e6bec95fe40f238867ea405ca,2021-11-30 02:49:43
pytorch,https://github.com/pytorch/pytorch/commit/fcaecd718a5af7ce7c0dabf94de873185ac092f9,2021-12-20 13:17:21
pytorch,https://github.com/pytorch/pytorch/commit/4d08db0cb272093af6dbdd7038f92407f8741ddf,2022-01-04 14:36:13
pytorch,https://github.com/pytorch/pytorch/commit/08074c8f2dc4dc2f972ed30e916537a4d672dbea,2022-01-07 09:29:10
pytorch,https://github.com/pytorch/pytorch/commit/fbc3b8c1bbc8a2e8189f8d224c0be945a9ab52a2,2022-01-19 06:12:43
pytorch,https://github.com/pytorch/pytorch/commit/29a7cb41d851941299551f7421c0f009d37b7007,2022-01-21 21:00:13
pytorch,https://github.com/pytorch/pytorch/commit/4d04ef62a157c076f3739e16beeabf3c555539ce,2022-02-12 01:52:57
pytorch,https://github.com/pytorch/pytorch/commit/9012e8d65ad41381fef150ac51584658a2bc7cd7,2022-03-08 13:15:20
pytorch,https://github.com/pytorch/pytorch/commit/7ccfc114b54635cfef095a2113a95de58632572d,2022-03-21 22:33:28
pytorch,https://github.com/pytorch/pytorch/commit/b0d7cd0111d6e74e8d237330aaf14ae5f9b1ecd2,2022-03-30 19:20:44
pytorch,https://github.com/pytorch/pytorch/commit/1b7d7d93276eb37c009905ef87ea9c2a7c95481e,2022-03-31 21:52:38
pytorch,https://github.com/pytorch/pytorch/commit/e60c403b2ff239d835ef0b1e594ded47b33dc39d,2022-04-07 18:53:25
pytorch,https://github.com/pytorch/pytorch/commit/24372eb5acc0ab2ea34b3010e38cad7a90ed7f32,2022-05-10 00:10:28
pytorch,https://github.com/pytorch/pytorch/commit/646a20c8feaa708f2fe57aeec442105a49bb2873,2022-05-17 18:06:14
pytorch,https://github.com/pytorch/pytorch/commit/a580e07d5dbac0ffe5db170890bb976a33a41c72,2022-05-17 18:31:20
pytorch,https://github.com/pytorch/pytorch/commit/b87e5f383bf7b5ba361d4c36020376dc0a07298f,2022-05-17 21:27:21
pytorch,https://github.com/pytorch/pytorch/commit/a325fa94b9bc62406cd512065227d0c3fc03c6f6,2022-05-18 14:17:16
pytorch,https://github.com/pytorch/pytorch/commit/9aed30d3adf6ee654629dd868bb62afb02d602b3,2022-05-23 17:10:24
pytorch,https://github.com/pytorch/pytorch/commit/032d1ace1de47e93edcc69b06da9d79636652991,2022-05-26 03:22:55
pytorch,https://github.com/pytorch/pytorch/commit/50930604cf3b41637eb341c67e6da6a20e92ec9e,2022-05-26 14:06:57
pytorch,https://github.com/pytorch/pytorch/commit/01d20491ff2034f283455a59d8faa9b11c43a10c,2022-05-31 19:03:24
pytorch,https://github.com/pytorch/pytorch/commit/d71816a51b6c0bbc22dc3b46668af8eaad1b4409,2022-05-31 20:31:10
pytorch,https://github.com/pytorch/pytorch/commit/5b922c29e9d64c79c3a14608da29208535873156,2022-05-31 22:48:36
pytorch,https://github.com/pytorch/pytorch/commit/79931889f7d22001c7a62bc2c0c4d427e1c7b815,2022-06-03 16:02:47
pytorch,https://github.com/pytorch/pytorch/commit/4075972c2675ef34fd85efd60c9bad75ad06d386,2022-06-05 18:36:43
pytorch,https://github.com/pytorch/pytorch/commit/7adf929a990caa0511f14a4501887dfb47cd77e3,2022-06-06 17:32:48
pytorch,https://github.com/pytorch/pytorch/commit/97762d31960dac865f9fd3829887c30b4a7e7ed0,2022-06-06 21:38:32
pytorch,https://github.com/pytorch/pytorch/commit/4750f745bf9ab5f191d8d32c066012480fb09abc,2022-06-07 01:03:22
pytorch,https://github.com/pytorch/pytorch/commit/1bc8c8732225d6463a857496be0051a09b9e538e,2022-06-09 22:27:15
pytorch,https://github.com/pytorch/pytorch/commit/28d1216bd5b49d6fe489ed595730fa8726fe6879,2022-06-14 20:23:52
pytorch,https://github.com/pytorch/pytorch/commit/20d56d2b3295c909fcc1e8648124b0b509cea1ca,2022-06-14 21:10:35
pytorch,https://github.com/pytorch/pytorch/commit/8cfb8f94a08628b5941a0912b3945c3976e69c46,2022-06-24 20:41:50
pytorch,https://github.com/pytorch/pytorch/commit/c2d395cf8e2d36bc012a13cdca6ef5bbcb14a0f1,2022-06-26 23:10:21
pytorch,https://github.com/pytorch/pytorch/commit/fd8a15bd754b79f4110516d10fbcbb3ba9fc1ff0,2022-06-28 05:31:53
pytorch,https://github.com/pytorch/pytorch/commit/725de4fb9426abb40accc955166b80ea458a0ea8,2022-06-29 18:43:16
pytorch,https://github.com/pytorch/pytorch/commit/20e6b3f3b055a13a951bea48275a901362a2f5c1,2022-07-13 20:13:43
pytorch,https://github.com/pytorch/pytorch/commit/557fbf4261d6517552b48c47be9aa9d289fa28d3,2022-07-15 02:16:32
pytorch,https://github.com/pytorch/pytorch/commit/381355630a65a5054bcb9e78f5c891bce937ff45,2022-07-15 23:36:53
pytorch,https://github.com/pytorch/pytorch/commit/270069cfb9ad22f7f32e281cadffefa5cefc5786,2022-07-19 15:38:20
pytorch,https://github.com/pytorch/pytorch/commit/2a3fd6fdaf366b47fb4993f96db4f3368badb371,2022-07-19 17:06:30
pytorch,https://github.com/pytorch/pytorch/commit/06a0cfc0ea0cc703a1ebc8148181ac3e3cb80ab5,2022-07-19 19:50:57
pytorch,https://github.com/pytorch/pytorch/commit/752d0ed847ba1c72b8b54bae2c89c624d6020443,2022-07-21 13:41:11
pytorch,https://github.com/pytorch/pytorch/commit/c952118aeb07b093777993c23ed008001f398288,2022-07-21 13:41:15
pytorch,https://github.com/pytorch/pytorch/commit/152e00f31001038ea24752ffa710ca440ad0398e,2022-07-21 13:41:16
pytorch,https://github.com/pytorch/pytorch/commit/a46fbe8d792fc1a57d32614993b8ab412859e96e,2022-07-21 13:41:30
pytorch,https://github.com/pytorch/pytorch/commit/e7293ee5ae7195cff24d7166e2bf1378e0e02693,2022-07-21 13:41:31
pytorch,https://github.com/pytorch/pytorch/commit/6050b42388b8f1022364c4183607f2e9631b9e86,2022-07-21 13:41:36
pytorch,https://github.com/pytorch/pytorch/commit/9ba22661564c7f6d3d25aba1416b7101179483ab,2022-07-21 13:41:37
pytorch,https://github.com/pytorch/pytorch/commit/68ed092cc6df207fbac5c0e017563a9656195bc8,2022-07-27 17:19:11
pytorch,https://github.com/pytorch/pytorch/commit/d362b8e9e654899ffba3ffa676503d52591a6bf9,2022-08-02 18:03:29
pytorch,https://github.com/pytorch/pytorch/commit/9c5c045f63fc142a4d9e6e132912236f1dd2bc7d,2022-08-09 21:04:14
pytorch,https://github.com/pytorch/pytorch/commit/d58ced3db74dfa6e86ecacc98bc8c06219a0546c,2022-08-10 20:35:34
pytorch,https://github.com/pytorch/pytorch/commit/beb83d7419bc21f9ca8881de81c8421409dd8f3a,2022-08-15 17:18:55
pytorch,https://github.com/pytorch/pytorch/commit/a234774096cb99cb8826fc56092f720e74634987,2022-08-15 21:11:26
pytorch,https://github.com/pytorch/pytorch/commit/b75a214b36d74a775f3c4542f58ac8f9c9f107fd,2022-08-15 21:25:05
pytorch,https://github.com/pytorch/pytorch/commit/9e1daf764419fb0b57c66dedce486e067cdd6be0,2022-08-15 22:38:37
pytorch,https://github.com/pytorch/pytorch/commit/cf4fb5a6313d467a1024849a4de0f253400247ff,2022-08-16 15:36:47
pytorch,https://github.com/pytorch/pytorch/commit/ea037344e81d5645ad2e8863a9b6ccdb33f60320,2022-08-17 20:12:18
pytorch,https://github.com/pytorch/pytorch/commit/d79ccb7b4589ab65727b16cde19918dfdd11d32c,2022-08-24 18:17:27
pytorch,https://github.com/pytorch/pytorch/commit/aa4be48b58f5f22e15d1695b6332064c3c4d7074,2022-08-26 21:48:06
pytorch,https://github.com/pytorch/pytorch/commit/772721a4b7ea68a21e14eb74fedbd6c22f616905,2022-08-30 21:01:25
pytorch,https://github.com/pytorch/pytorch/commit/08c4f8c7a76f3f1c874aa357fc5aafdfb87ce680,2022-09-10 10:56:05
pytorch,https://github.com/pytorch/pytorch/commit/a1a95d402d300070d5ffc21b8f3a0e0bfbc38323,2022-09-14 22:04:43
pytorch,https://github.com/pytorch/pytorch/commit/c7c2578f93fbfad5f769543848642a16b6071756,2022-09-22 03:33:31
pytorch,https://github.com/pytorch/pytorch/commit/92a942100a9a061a6274a56b31cd905fc688e622,2022-09-22 22:05:55
pytorch,https://github.com/pytorch/pytorch/commit/0b251d985df51d16c71d9c28b11b800fd38bf4bd,2022-09-28 14:05:02
pytorch,https://github.com/pytorch/pytorch/commit/b2311192e6c4745aac3fdd774ac9d56a36b396d4,2022-09-28 15:26:03
pytorch,https://github.com/pytorch/pytorch/commit/6db3539e700ce7a81be356700f0803b2002bc63c,2022-09-29 20:06:52
pytorch,https://github.com/pytorch/pytorch/commit/b562987c28b37009d2d95d9506b67e3c16fab83e,2022-10-01 19:30:21
pytorch,https://github.com/pytorch/pytorch/commit/233d6f195aa404766448c33d18b8e7ca5e66de51,2022-10-06 22:02:02
pytorch,https://github.com/pytorch/pytorch/commit/a079dad7cfdcc6982ec704a924b1432ff01b3a09,2022-10-07 22:47:48
pytorch,https://github.com/pytorch/pytorch/commit/6923dc3b590e51773ee9e0a536b0863963b91232,2022-10-11 17:23:36
pytorch,https://github.com/pytorch/pytorch/commit/0337f0ad473ffc298a30e603050d2df9d0073428,2022-10-11 21:56:01
pytorch,https://github.com/pytorch/pytorch/commit/d29c8c0ffa68f11790fc2e9fd78778bb8e9bc281,2022-10-14 21:44:13
pytorch,https://github.com/pytorch/pytorch/commit/15370d32b9aaf036f559ac10059b50ac6dbc5cc6,2022-10-25 17:50:56
pytorch,https://github.com/pytorch/pytorch/commit/4080b1db284fd531654bcb2984a7fe0ff3b310cd,2022-10-26 19:23:55
pytorch,https://github.com/pytorch/pytorch/commit/8016fd9eb10f5a933debb323149f9c0e5634cc9b,2022-10-26 20:08:29
pytorch,https://github.com/pytorch/pytorch/commit/0a752688bda6cb217852068e15da5133a9d7e5b6,2022-11-02 11:32:42
pytorch,https://github.com/pytorch/pytorch/commit/c503398828170549801660eba80fe04f07c5bd42,2022-11-02 17:27:30
pytorch,https://github.com/pytorch/pytorch/commit/21dd311077d00ff5c3f930295ddc8cf915a262d7,2022-11-15 05:08:26
pytorch,https://github.com/pytorch/pytorch/commit/6a964c16e5125f485372418d129c3eabdec7e881,2022-11-18 07:31:10
pytorch,https://github.com/pytorch/pytorch/commit/afdc48f843afab531a4315a1ca1a43f5f303c5b7,2022-11-18 07:39:18
pytorch,https://github.com/pytorch/pytorch/commit/304b5de1b01213b18947ffcb6f5782f89fcd0b2e,2022-11-18 21:40:27
pytorch,https://github.com/pytorch/pytorch/commit/dbc354b262f7f5e49aa781785cfce6299fdc2aa8,2022-11-22 00:13:38
pytorch,https://github.com/pytorch/pytorch/commit/ce342ed2d3a4a0dd8151abe80bfe0bb06a7b0ae9,2022-11-22 03:39:17
pytorch,https://github.com/pytorch/pytorch/commit/f62e54df8f04362db96154a94137d6afbdfaa953,2022-12-02 13:28:00
pytorch,https://github.com/pytorch/pytorch/commit/1ba5c559925d7b5a7a4f5f5e183d6bcc77a9e7c8,2022-12-08 18:29:11
pytorch,https://github.com/pytorch/pytorch/commit/8127724c3be0335adea9e9e771d22573eb992fef,2022-12-11 23:53:05
pytorch,https://github.com/pytorch/pytorch/commit/0b3316ad2c6ff61416597ef29e8865876dcb12f5,2022-12-12 14:20:40
pytorch,https://github.com/pytorch/pytorch/commit/e37c8c8436fe8d73e474588de24286457b75897c,2022-12-12 15:31:50
pytorch,https://github.com/pytorch/pytorch/commit/346fd04076b6e1f133fb80f5be2a96568e30e05b,2022-12-20 17:35:05
pytorch,https://github.com/pytorch/pytorch/commit/e5a748fef80820dc005346be9f321115fe6452f2,2022-12-20 23:44:59
pytorch,https://github.com/pytorch/pytorch/commit/eeb9154b27e7c7e9a30344f9624d5a8efc1231b2,2022-12-21 17:37:09
pytorch,https://github.com/pytorch/pytorch/commit/8f16524598e7c282459cbff6b737d5b39c5b9f34,2022-12-22 02:39:33
pytorch,https://github.com/pytorch/pytorch/commit/818079dc4ea55b33635fa7c5aa2024ed0d58a224,2023-01-03 21:26:21
pytorch,https://github.com/pytorch/pytorch/commit/316ba9e6fc9e2c309c1b3785e35393b4a727b918,2023-01-04 04:13:01
pytorch,https://github.com/pytorch/pytorch/commit/fa3841ffd49ac3613bc5d1889ca2546004da425e,2023-01-13 07:56:24
pytorch,https://github.com/pytorch/pytorch/commit/5e0d3458eb58d21081f64d6a2347c5462453c2da,2023-01-17 06:43:21
pytorch,https://github.com/pytorch/pytorch/commit/ea1007b89cb86551c80ddfd38db0bb3ade32140b,2023-01-17 17:54:39
pytorch,https://github.com/pytorch/pytorch/commit/b31905c7278ff1a61f8d9d447573dff7d4456b06,2023-01-17 22:22:35
pytorch,https://github.com/pytorch/pytorch/commit/ce43fc586f0ac2dd8a5ea8ed73ab8df22c452c61,2023-01-19 16:14:31
pytorch,https://github.com/pytorch/pytorch/commit/5610766044f7410456e642052fee023d7b23f5eb,2023-01-20 18:59:56
pytorch,https://github.com/pytorch/pytorch/commit/b6f41e2bcd69e3e38109232f6684063ab828473d,2023-01-24 05:14:14
pytorch,https://github.com/pytorch/pytorch/commit/d4a35e21c0d0d8785996b3771dbe1226acf8b6cf,2023-01-24 18:34:39
pytorch,https://github.com/pytorch/pytorch/commit/01f10977706e2859b2048cd76ae059a2a0fbf082,2023-01-25 00:10:14
pytorch,https://github.com/pytorch/pytorch/commit/f30787e52d9fef5594370ece9b27d484dfbe2b1d,2023-01-26 20:18:37
pytorch,https://github.com/pytorch/pytorch/commit/68a49322e73ecf1a65eb2b26e6f2b518e679ed0a,2023-01-26 21:07:41
pytorch,https://github.com/pytorch/pytorch/commit/aac9e5288f7a9666884705e2b716c260cb5f9afc,2023-01-28 07:59:59
pytorch,https://github.com/pytorch/pytorch/commit/01687a6bada0e2981f10b22e059705cb03581932,2023-01-31 01:13:01
pytorch,https://github.com/pytorch/pytorch/commit/776079b5bca7a2efd0cae4191c5ee292511ddc5f,2023-02-01 07:52:45
pytorch,https://github.com/pytorch/pytorch/commit/1dcd2609b5857775bb7e614fe49949807e12fa9a,2023-02-01 18:33:32
pytorch,https://github.com/pytorch/pytorch/commit/54eedf6fa6a5104dbdf92f868b0236c43c90dd21,2023-02-02 02:49:27
pytorch,https://github.com/pytorch/pytorch/commit/8b7bd5dffccf342cacae510d6c5a6ca2665770b7,2023-02-03 20:56:39
pytorch,https://github.com/pytorch/pytorch/commit/ef156f913655c44056202ab43322f398bd7387aa,2023-02-03 22:21:31
pytorch,https://github.com/pytorch/pytorch/commit/59a81b695ac4efb9c8d5753019945371c2a1157e,2023-02-04 02:05:38
pytorch,https://github.com/pytorch/pytorch/commit/db011e11eab66eeebc6400602f4bfa773fb3c3f9,2023-02-06 14:58:54
pytorch,https://github.com/pytorch/pytorch/commit/53e4fe076a445a1f39ee10524e67f2735b0bee59,2023-02-07 00:32:22
pytorch,https://github.com/pytorch/pytorch/commit/e9533767af5715f558324fe0fbd8b54df4e96997,2023-02-07 17:19:57
pytorch,https://github.com/pytorch/pytorch/commit/10c430ba0a7256c506729f30b63057a7c6fffd0b,2023-02-10 04:40:32
pytorch,https://github.com/pytorch/pytorch/commit/5747a5165727ffe8a33fda87d4d2f21461f5341e,2023-02-16 21:25:15
pytorch,https://github.com/pytorch/pytorch/commit/8126bb5529ef84a1566131c1595b3088a0d83a55,2023-02-16 23:28:33
pytorch,https://github.com/pytorch/pytorch/commit/f172c7c60a5890136ea5f6225a56e41cb5d6e38f,2023-02-23 23:47:10
pytorch,https://github.com/pytorch/pytorch/commit/cf3638a9ccb39d29b4fc01d19bf3f847655c1e03,2023-03-01 00:50:19
pytorch,https://github.com/pytorch/pytorch/commit/18e8aa95f10b6cc4db651aac95a339929b0f16fe,2023-03-07 04:21:19
pytorch,https://github.com/pytorch/pytorch/commit/038e838e7b681192554d5df437b0bf3650954a82,2023-03-08 22:17:36
pytorch,https://github.com/pytorch/pytorch/commit/80ce1a934ec444a644f3a63dcf43b56e32b44c68,2023-03-10 21:51:54
pytorch,https://github.com/pytorch/pytorch/commit/4562898ad1945d8e66955a2d79956740efcaaa15,2023-03-14 17:35:00
pytorch,https://github.com/pytorch/pytorch/commit/6e3d51b08ac108b27d892ab1be85eeb593ec1f0c,2023-03-14 18:11:59
pytorch,https://github.com/pytorch/pytorch/commit/577d930c39e3db6eb7bab2c24be07b1e90d94244,2023-03-16 06:28:18
pytorch,https://github.com/pytorch/pytorch/commit/6718e3ca7cc7a9e5ad13a98033ad25536305a70a,2023-03-16 16:38:22
pytorch,https://github.com/pytorch/pytorch/commit/9a5fed1bd0b1d4b4ca63fefef0189913e67cf8ac,2023-03-20 23:45:01
pytorch,https://github.com/pytorch/pytorch/commit/244736a5a58d3c27d20f143d257f99d20a24ed73,2023-03-21 16:55:00
pytorch,https://github.com/pytorch/pytorch/commit/be49d3b1702c629057560893db20f2a6b6901656,2023-03-22 13:42:13
pytorch,https://github.com/pytorch/pytorch/commit/c5b65032aca9af04ce9d261bc29ff7f063b00748,2023-03-23 02:56:44
pytorch,https://github.com/pytorch/pytorch/commit/4a88f71f6512958381f4cc1f01b09ee7f709d51b,2023-03-23 16:53:11
pytorch,https://github.com/pytorch/pytorch/commit/60631aefe5d6353ef001c45bd9f7954b6d33fd44,2023-03-29 01:18:44
pytorch,https://github.com/pytorch/pytorch/commit/b89f74aa35d3573bf98fba40e21a057d9c09c8a8,2023-04-01 00:39:18
pytorch,https://github.com/pytorch/pytorch/commit/69f1131178f760ff4e8e30a777165a98edfa9ce2,2023-04-04 17:02:13
pytorch,https://github.com/pytorch/pytorch/commit/0a0f107b50e88df8b7c0f626b17156f86e63c1ca,2023-04-07 22:20:39
pytorch,https://github.com/pytorch/pytorch/commit/3c2bc0760b2cd0fb5b6df365c7d469a35e03b7c8,2023-04-10 23:24:05
pytorch,https://github.com/pytorch/pytorch/commit/def50d253401540cfdc6c0fffa444d0ee643cc11,2023-04-11 20:12:26
pytorch,https://github.com/pytorch/pytorch/commit/ad373efe6d59dae6022d4bb71ef947c1c08afcec,2023-04-11 22:08:12
pytorch,https://github.com/pytorch/pytorch/commit/d3a35956de8c33959efe6ac4512468f46d2235a7,2023-04-12 03:40:02
pytorch,https://github.com/pytorch/pytorch/commit/388d269234a9f8b797dfb053ced5bf3ebf1a5a58,2023-04-13 06:03:14
pytorch,https://github.com/pytorch/pytorch/commit/49cd650e2bd6d84ee936adac62c379bc8b67dd53,2023-04-14 01:20:39
pytorch,https://github.com/pytorch/pytorch/commit/70ec347f0628c3ae795591b87076aefa1fe9c2ec,2023-04-14 23:10:55
pytorch,https://github.com/pytorch/pytorch/commit/c2fd198cafaac3e5de6d72a80cd4ad19da042ce5,2023-04-17 22:18:46
pytorch,https://github.com/pytorch/pytorch/commit/063173cb46b531628faab39df52ba81a78e8f349,2023-04-18 00:46:45
pytorch,https://github.com/pytorch/pytorch/commit/7c3fa5c70dbbdc45bc51b29773753da966583483,2023-04-20 17:57:10
pytorch,https://github.com/pytorch/pytorch/commit/6c899999f4ab0cb3c4dc432fbd9b7467b5688882,2023-04-21 22:32:59
pytorch,https://github.com/pytorch/pytorch/commit/1267897d67b09f35fcf27cc840b6ca54d935b445,2023-04-29 01:56:45
pytorch,https://github.com/pytorch/pytorch/commit/85bd6bc0105162293fa0bbfb7b661f85ec67f85a,2023-05-01 19:31:37
pytorch,https://github.com/pytorch/pytorch/commit/e918fd18e7ebd3f1b3d54e2979667712240a2204,2023-05-02 01:49:11
pytorch,https://github.com/pytorch/pytorch/commit/4447dfa6730da2434b2b7f4cdc608acce0feefcf,2023-05-09 00:34:24
pytorch,https://github.com/pytorch/pytorch/commit/35834a405ca22c6b0869bb5bda51fab5f5492b26,2023-05-09 21:24:12
pytorch,https://github.com/pytorch/pytorch/commit/a0e6ae2c01111ac679ee82eb835c8b067433f7ff,2023-05-11 01:42:51
pytorch,https://github.com/pytorch/pytorch/commit/f0cc535c280c6887c61f89335b93393f4588d84b,2023-05-12 02:07:37
pytorch,https://github.com/pytorch/pytorch/commit/ce76670c6f7f64ac0f3dbe371fc64088fef47777,2023-05-12 02:08:20
pytorch,https://github.com/pytorch/pytorch/commit/568bac79616c40673deaea2a110843f2b7541123,2023-05-12 20:29:06
pytorch,https://github.com/pytorch/pytorch/commit/c3f7db3f525d0609736f8f395475363bd6c6b07a,2023-05-16 02:10:24
pytorch,https://github.com/pytorch/pytorch/commit/6f8a71aa3d7138dd292e2bf3055b74a964c09d1d,2023-05-16 03:55:36
pytorch,https://github.com/pytorch/pytorch/commit/c03555a303c645303b0e0c52336c30e5f0a7f21f,2023-05-16 05:00:48
pytorch,https://github.com/pytorch/pytorch/commit/411ba1c8bffcad7c32be7417873bd74d2a4effd8,2023-05-16 17:44:15
pytorch,https://github.com/pytorch/pytorch/commit/cb734123e2e1c533a72032fb63a6083f0eedb817,2023-05-16 20:48:30
pytorch,https://github.com/pytorch/pytorch/commit/51ff408f77bf7363cb0b049c062ee2db78e3d67b,2023-05-23 16:41:58
pytorch,https://github.com/pytorch/pytorch/commit/9331b7fa05d92c76e0325a848c50e2756ce6cfaa,2023-05-31 17:28:03
pytorch,https://github.com/pytorch/pytorch/commit/85efacee07072f81d09735ec93e954aed74c42d7,2023-06-04 00:40:27
pytorch,https://github.com/pytorch/pytorch/commit/0496d70aa076143aabde9ee0a010dcccb882eaa9,2023-06-10 03:57:57
pytorch,https://github.com/pytorch/pytorch/commit/72b7c4efe50c7d505e6802dd7c03eefa1726c5fa,2023-06-12 22:58:56
pytorch,https://github.com/pytorch/pytorch/commit/e9f2921bff214cc04e031ccccb7e07463b8e7f5d,2023-06-13 17:07:40
pytorch,https://github.com/pytorch/pytorch/commit/e3ee5b00beff9401d69206b84b82323f7a63a048,2023-06-14 07:37:50
pytorch,https://github.com/pytorch/pytorch/commit/15eed5b73ef1ebe0d1142d70bab7c20300a2aa2c,2023-06-18 07:05:28
pytorch,https://github.com/pytorch/pytorch/commit/c3e4a6790573902b1b19accd881e58001ef3320c,2023-06-27 05:32:05
pytorch,https://github.com/pytorch/pytorch/commit/a66107a30c6ed7f2392293d6beb59ddc6fee4be7,2023-06-27 19:00:25
pytorch,https://github.com/pytorch/pytorch/commit/e799f565eb0a366e11ecf0fe7362f14aa46a148a,2023-06-30 08:06:41
pytorch,https://github.com/pytorch/pytorch/commit/63755efb905b5d3a49563f1abd2e45b4a6a44d06,2023-07-06 00:00:22
pytorch,https://github.com/pytorch/pytorch/commit/f334b54d7f066f5f84aa7ee0f273d6b01753e3dc,2023-07-08 07:23:46
pytorch,https://github.com/pytorch/pytorch/commit/c05eb77f0913d0479d97ef798822ae3657c84562,2023-07-27 00:14:37
pytorch,https://github.com/pytorch/pytorch/commit/3b5fb7c0d495287d6bd69deb8cd1c52151bc6b5b,2023-07-28 07:05:12
pytorch,https://github.com/pytorch/pytorch/commit/4fe407ad7387763aacbf3f168659198acdaceb31,2023-07-28 09:41:02
pytorch,https://github.com/pytorch/pytorch/commit/90c264c276d96396ec4075d27d8147f5e7a1334b,2023-08-08 02:44:47
pytorch,https://github.com/pytorch/pytorch/commit/4979a1b8f9e695b4c5d1373c7747f053656d5b57,2023-08-17 02:09:31
pytorch,https://github.com/pytorch/pytorch/commit/d7f943ec82747c4fd8808be1e8e0d7abd2cb131c,2023-08-23 21:22:56
pytorch,https://github.com/pytorch/pytorch/commit/238cc84af9edadf8e2f0bb02da50598374618799,2023-08-30 18:28:18
pytorch,https://github.com/pytorch/pytorch/commit/db63bf3d7e5eef320dde9c2d4b7976eb5fcddbd6,2023-09-01 05:42:08
pytorch,https://github.com/pytorch/pytorch/commit/2c3febb273e265d09e0fb73f403e245335454724,2023-09-09 01:10:09
pytorch,https://github.com/pytorch/pytorch/commit/b0656ac81f55e3003e3611898542a6216bc82958,2023-09-11 20:27:43
pytorch,https://github.com/pytorch/pytorch/commit/91aab161d05415c9c7f4519a31eb8a14018d94cd,2023-09-12 20:49:06
pytorch,https://github.com/pytorch/pytorch/commit/d0f82cd082fad7243226e0ab68fd995873ea7d76,2023-09-26 21:24:21
pytorch,https://github.com/pytorch/pytorch/commit/063d2572daa427a4fb995702d1da01fcb2cb5135,2023-09-27 16:33:10
pytorch,https://github.com/pytorch/pytorch/commit/955298bc407a5e8b775d980128a333110ba6a603,2023-09-27 21:21:29
pytorch,https://github.com/pytorch/pytorch/commit/81a74457ca8bbfcf19fa593a8aed82512f8f7ac1,2023-09-30 08:01:00
pytorch,https://github.com/pytorch/pytorch/commit/26bfb0fc216cdfa42c368c92ab52fd32954600a0,2023-10-06 04:36:52
pytorch,https://github.com/pytorch/pytorch/commit/a380bf32976a6c23d6167118b942f6bb1e4e53ea,2023-10-28 04:14:57
pytorch,https://github.com/pytorch/pytorch/commit/d94d72b39767916ad86fc22f72bd0eb25905d812,2023-11-07 02:28:14
pytorch,https://github.com/pytorch/pytorch/commit/b8a302ae6afe4904a052960b25a0cade1dac7392,2023-11-09 20:30:31
pytorch,https://github.com/pytorch/pytorch/commit/3cb6cf1e8aa594268fbb8ca365c77c695d828e76,2023-11-11 02:09:22
pytorch,https://github.com/pytorch/pytorch/commit/d52b9ba6a841508b6fd64a92c34dec44eec08109,2023-11-16 01:34:52
pytorch,https://github.com/pytorch/pytorch/commit/bbd73c746e4d652b3aadaf3c5a0ea59b9b03cb4c,2023-11-16 04:59:32
pytorch,https://github.com/pytorch/pytorch/commit/a7b701ed219b962439fce590fecd05ea817cbcdf,2023-11-17 18:38:46
pytorch,https://github.com/pytorch/pytorch/commit/ecd8d388b9dec01c5abdf4978e632c9a3db34f95,2023-11-18 04:57:00
pytorch,https://github.com/pytorch/pytorch/commit/1b66701379050ae5e11a014dd29bf10ca1849bb3,2023-11-22 21:05:20
pytorch,https://github.com/pytorch/pytorch/commit/ba4285bd9e45dab7aaa22eb73b80a97400442b3d,2023-11-29 18:27:20
pytorch,https://github.com/pytorch/pytorch/commit/013675ff59ff0743e68494cfabf39e848ef057f0,2023-11-30 02:28:14
pytorch,https://github.com/pytorch/pytorch/commit/4ff4e06b5b5e60af51f25add795e6fcdfb969459,2023-12-06 04:52:37
pytorch,https://github.com/pytorch/pytorch/commit/94d28161faccd6e2a2e99bdb22cfadef8a24077e,2023-12-15 23:17:05
pytorch,https://github.com/pytorch/pytorch/commit/49af19cd8ec0878add41ea35af2f65c79829e00a,2023-12-16 02:38:56
pytorch,https://github.com/pytorch/pytorch/commit/9766781512c4b374d1b88ec8d7aac67db43cc32c,2023-12-20 05:05:02
