https://github.com/pytorch/pytorch/commit/e9c1ccee2247a7746fde202067a7d47b72809968,"+  TORCH_CHECK(std >= 0.0, ""normal_ expects std >= 0.0, but found std="", std);  // TODO: dedupe","
    TORCH_CHECK(std >= 0.0, ""normal_ expects std >= 0.0, but found std="", std);  // TODO: dedupe",Changing the comparison operator from `>` to `>=` in order to include the value 0.0 as a valid input rather than just values greater than 0.0.,[[0.91702497]]
https://github.com/pytorch/pytorch/commit/c99277e177cf16736262251c7e92ea5e9ba2c5c2,+    if dim is not None:,"
Patch:
```python
    if dim is not None:
```","Replacement of a specific condition where ""dim"" exists with a more generalized condition to account for cases where ""dim"" may not be the only value to consider.",[[0.8549067]]
https://github.com/pytorch/pytorch/commit/6c98d904c09b69f1e7748cf3d80e2193df5fff63,"+        short val = _cvtss_sh(X_data[i], 0);
+        unsigned short max16BitPositive = 0x7FFF;
+        unsigned short input16Bit = (*(unsigned short*)& val);
+        short shortAbsInput = input16Bit & max16BitPositive; // mask out negative bit
+        if (input16Bit > max16BitPositive) {  // negative value","
-        float val = X_data[i];
-        uint32_t tmp = (uint32_t&)(val);
-        tmp &= 0x7fffffff;
-        float abs_val = *((float*)(&tmp));
-        short shortAbsInput = _cvtss_sh(abs_val, 0);
-        // Clamp the input in the range of
-        //  (short)tanhLUTMinOffset to (short)(tanhLUTMaxOffset - 1)
-        if (val < 0.0) {",The fixing pattern in the code change is updating the computation of the absolute value of a floating-point number `val` and extracting the 16-bit representation of the float input using bit manipulation.,[[0.9467999]]
https://github.com/pytorch/pytorch/commit/0c0c9e743e82b398435ed07719e998aa15ac1ce1,"+    CHECK_LE(num_reduce_dims_, input.dims().size());","
    CHECK_LE(num_reduce_dims_, input.dims().size());
    </answer>",Changing the comparison operator from less than (<) to less than or equal to (<=).,[[0.8890553]]
https://github.com/pytorch/pytorch/commit/4d0fbb0e6f578bea14f3f52b0a927bcc20f8b109,"+  CAFFE_ENFORCE_LT(
+      axis_,
+      input_zero.ndim() + (add_axis_ ? 1 : 0),
+      ""Axis not in input ndim range."");","    input_zero.add_axis_ = add_axis_;
    if (add_axis_) {
        CAFFE_ENFORCE_LT(axis_, input_zero.ndim() + 1, ""Axis not in input ndim range."");
    } else {
        CAFFE_ENFORCE_LT(axis_, input_zero.ndim(), ""Axis not in input ndim range."");
    }
    <answer end>","The fixing pattern in the code change is updating the comparison check to include an additional condition based on the value of the variable `add_axis_`. The original code only checked if `axis_` was less than the number of dimensions of `input_zero`, but the updated code adds a check to adjust the comparison based on whether `add_axis_` is true or false. If `add_axis_` is true, 1 is added to the number of dimensions of `input_zero` before performing the comparison.",[[0.9362582]]
https://github.com/pytorch/pytorch/commit/85cbe0d8258ab06897e2f049e61f74d8aa935240,"+  int adj_size = in[0].dims_size() + (add_axis ? 1 : 0);
+  const int canonical_axis = canonical_axis_index_(axis, adj_size);
+  CAFFE_ENFORCE_LT(canonical_axis, adj_size, ""Axis not in input ndim range."");","const int canonical_axis = canonical_axis_index_(axis, in[0].dims_size() + add_axis);",Replace a constant with a variable by calculating the adjusted size of the input dimensions based on the boolean flag `add_axis`.,[[0.9036497]]
https://github.com/pytorch/pytorch/commit/4b45f08f8765549915417997c30ae8981f2ad125,"+  }
+  } else if ((source.dim() != self.dim()) && (source.dim() != 0 && self.dim() != 0)) {
+    AT_INDEX_ERROR(""index_copy_(): When source and destination are not scalars, their dimensionality must match. Source dimensionality ("",
+                   source.dim(), ""), destination dimensionality ("", self.dim(), "")"");
+","
if(source.dim() != destination.dim()):
    raise ValueError(""Source and destination tensors must have the same number of dimensions"")
<answer end>",Adding an if-else branch and an error message when the dimensions of the source and destination tensors do not match in the `index_copy_()` function.,[[0.89554745]]
https://github.com/pytorch/pytorch/commit/bf32ea80942ce720b105efcd517fd11182edeb08,"+        if input.dim() != 2 and input.dim() != 3:
+            raise ValueError('expected 2D or 3D input (got {}D input)'","if input.dim() != 2 and input.dim() != 3:
    raise ValueError('expected 2D or 3D input (got {}D input)'.format(input.dim()))",Changing the condition from checking for input dimension not equal to exactly 3 to checking for input dimension not equal to 2 or 3.,[[0.8736421]]
https://github.com/pytorch/pytorch/commit/71af538e31547e5b1bc814c9e00323a21905baf3,"+    # allow MHA to have different sizes for the feature dimension
+    assert key.size(0) == value.size(0) and key.size(1) == value.size(1)",assert key.size()[:-1] == value.size()[:-1],This code change introduces a pattern where the assertion checks have been modified to ensure that both the key and value tensors have the same size along the first and second dimensions. This change allows Multihop Attention (MHA) to handle cases where the feature dimensions of the key and value tensors might have different sizes.,[[0.813284]]
https://github.com/pytorch/pytorch/commit/be253b8ee8a104997773d11ed28928a48193217d,+  assert(!overflows<std::int64_t>(sizes.size()));,"template <typename T>
bool overflows(T value) {
    return static_cast<std::int64_t>(value) != value;
}

// Check for overflow before comparing sizes
assert(!overflows(sizes.size()));",This code change replaces the assert statement that checks if the size of `sizes` vector is less than the maximum value of `std::int64_t` with a call to a templated helper function `overflows` that specifically checks for overflow when converting the size to `std::int64_t`. This pattern replaces a direct comparison with a range check function call.,[[0.808311]]
https://github.com/pytorch/pytorch/commit/f02b7a9c36dd6182da694bc47a5c345285dfd951,"+  TORCH_CHECK(!value.has_value() || *value == 0,
+              ""Padding mode \"""", padding_mode_string(mode),
+              ""\"" doesn't take in value argument"");","
    PATCH:
    TORCH_CHECK(
        !value.has_value() || *value == 0, ""Padding mode \"""",
        padding_mode_string(mode),
        ""\"" doesn't take in value argument"");",Adding a condition to the `TORCH_CHECK` macro to also check if `*value` is equal to 0 in addition to `!value.has_value()`.,[[0.9388335]]
https://github.com/pytorch/pytorch/commit/157d478a30f27fd9d866c1235841721a559c8d0b,"+                        index.shape[j] == self.shape[k + j],","index[j] == self.shape[k + j],",Changing the comparison operator from <= to ==.,[[0.82985973]]
https://github.com/pytorch/pytorch/commit/4d07428edee863e7f5920f0672957a9711a9f0b5,"+  if (num_inputs == 0 || num_inputs > stack.size()) {
+    AT_ERROR(""Invalid number of inputs for format string: "", num_inputs);
+  }
+","
    if (num_inputs != 0 && num_inputs >= stack.size()) {
        AT_ERROR(""Number of inputs to format method exceeds stack size"");
    }
    /* Handle the FORMAT opcode */
    /* Code for handling the opcode */
    <answer end>","This code change added input validation to check if the number of inputs is either 0 or greater than the size of the stack. If the validation fails, an error message is displayed using the AT_ERROR function. This pattern is used to ensure that the program does not encounter unexpected behavior or errors due to invalid input data.",[[0.9101934]]
https://github.com/pytorch/pytorch/commit/b3ace213f240dc0f0f2a738f825f46e0d0dffca4,"+    TORCH_CHECK(
+        (uint64_t)fnameIndex < text_table_.size(),
+        ""Text table index is out of range"")","void deserialize_source(const std::vector<std::string>& source) {
        size_t fnameIndex = source.size() - 1;
        std::string fname;
        if (fnameIndex > 0) {
            fname = text_table_[fnameIndex];
        }
    }
    </answer>
    
    Patch:
    void deserialize_source(const std::vector<std::string>& source) {
        size_t fnameIndex = source.size() - 1;
        std::string fname;
        if (fnameIndex > 0 && fnameIndex < text_table_.size()) {
            fname = text_table_[fnameIndex];
        }
    }",Addition,[[0.8751726]]
https://github.com/pytorch/pytorch/commit/d8466964b348b6172317f70b8e52de02402bad54,"+  CUDA_KERNEL_ASSERT(target_k >= 0 && target_k < dim && ""target index is out of bounds"");","target = fmaxf(target, 1);
target = fminf(target, n_classes - 1);
",This change involves adding a CUDA kernel assertion to ensure that the target index is within bounds before proceeding with the code execution. This helps in identifying and handling potential errors related to out-of-bounds access in CUDA kernels.,[[0.8899713]]
https://github.com/pytorch/pytorch/commit/43f810fa96a0d2c40387c8c84f710926d9ede3c1,"+    if (i < (streams ? streams->size() : 0U) && (*streams)[i]) {
+      if (i < (streams ? streams->size() : 0U) && (*streams)[i]) {","
    if (streams && i < streams->size() && (*streams)[i]) {","This code change involves ensuring that the index `i` is within the bounds of the vector `streams` before accessing its element. The fixing pattern here is ""Checking Array Bounds Before Access"".",[[0.9080776]]
https://github.com/pytorch/pytorch/commit/91066559a8c8e5978ed4de722317576b222267c5,+    prefix = prefix + _NAMESCOPE_SEPARATOR if prefix else '',prefix = prefix + _NAMESCOPE_SEPARATOR if prefix else '',This code change fixes a redundancy by simplifying the conditional statement. It changes the condition from checking if `prefix is not ''` to simply checking if `prefix`.,[[0.8870516]]
https://github.com/pytorch/pytorch/commit/666ff0ae220e1a5c406b0bc5cd43283e1b18b38e,"+    # check if port is uint16_t
+    if not 0 <= port < 2**16:
+        raise ValueError(f""port must have value from 0 to 65535 but was {port}."")","def _create_c10d_store(self, rank, world_size, store_env, timeout):
        hostname = self._get_backend_hostname(rank)
        if not hostname:
            return None
        port = self._find_free_port()
        return c10d.TCPStore(hostname, port, True, timeout)
    <answer end> 

Patch:
def _create_c10d_store(self, rank, world_size, store_env, timeout):
    hostname = self._get_backend_hostname(rank)
    if not hostname:
        return None
    port = self._find_free_port()
    if not 0 <= port <= 65535:
        raise ValueError(f""Invalid port value: {port}. Port number must be between 0 and 65535."")
    return c10d.TCPStore(hostname, port, True, timeout)","This code change is adding input validation to ensure that the `port` value is within the range of a `uint16_t` (which has a range of 0 to 65535). If the `port` value is not within this range, a `ValueError` is raised with a specific error message indicating the invalid `port` value.",[[0.85599494]]
https://github.com/pytorch/pytorch/commit/ba59d720cd5c5c81601b53d2c3397c46c1f87883,"+  TORCH_CHECK(steps >= 0, ""number of steps must be non-negative"");","torch.linspace(start, end, steps, device=device)
    return torch.linspace(start, end, steps)
","Adding input validation to ensure that the ""steps"" variable provided is non-negative.",[[0.88547635]]
https://github.com/pytorch/pytorch/commit/bc371a2cd03ce573f3ad4f7be141364136028905,"+                # failed to trace back since no input arg for the current node
+                if len(input_arg.args) < 1:
+                    return False","
def maybe_make_input_output_share_observers(node):
    if node.op_type in SHARE_OBSERVER_OPS:
        if len(node.input) == 0: # Adding a condition to check the length of the input list
            return False
        input_node = CURRENT_GRAPH.get_parent(node, 0) # Accessing the first element in the input list
        input_observer_node = CURRENT_GRAPH.get_observer_for_input(input_node)
        if input_observer_node:
            CURRENT_GRAPH.make_input_share_observer(node, input_observer_node)
    return True
    <answer end>",Adding a condition to check the length of a list before accessing its elements to prevent potential index out of range errors.,[[0.8902333]]
https://github.com/pytorch/pytorch/commit/647154f82ac2c57769f080c41452b3e5960ab94f,"+      AT_ASSERTM(
+          !impl_->is_sparse(),
+          ""Sparse Tensors are supported by at::Tensor, but invariant checking isn't implemented.  Please file a bug."");","
import torch

def some_function(x):
    if x.is_sparse:
        raise RuntimeError(""Sparse tensor detected."")
    # some code here

# Example of calling the function
x = torch.randn(3, 3).to_sparse()
some_function(x)
    <answer end> 

Patch:
```python
import torch

def some_function(x):
    assert not x.is_sparse, ""Sparse tensor detected. This function does not support sparse tensors.""
    # some code here

# Example of calling the function
x = torch.randn(3, 3).to_sparse()
some_function(x)
```",The fixing pattern in this code change is adding an assertion with a message.,[[0.87915635]]
https://github.com/pytorch/pytorch/commit/a6a433aecd0da3ac3c8d49cb36091623f1b5ec9e,"+            TORCH_INTERNAL_ASSERT_DEBUG_ONLY(stack.size() >= inst.N);
+            TORCH_INTERNAL_ASSERT_DEBUG_ONLY(!stack.empty());
+            TORCH_INTERNAL_ASSERT_DEBUG_ONLY(!stack.empty());","stack_empty = false;
if (stack.empty() == true) {
    stack_empty = true;
}
else {
    stack_empty = false;
}
if (stack_empty == false) {
    int top_element = stack.top();
    stack.pop();
}",The fixing pattern in this code change is adding additional assertions to check if the stack is not empty before performing any operations on it.,[[0.89500976]]
https://github.com/pytorch/pytorch/commit/2c9dd886afc656a8bfe5d8bbcb601ee5877cee21,"+  // handle the case of scalar tensor as a no-op
+  if (self_dim == 0)
+    return self.alias();
+","if src.dim() == 0:
        return src.alias()
    </answer>",This code change is adding a conditional check to handle the case of a scalar tensor as a no-op. It checks if the dimension of the tensor is 0 and then returns a reference to the tensor itself using the `alias()` function. This pattern is commonly used to optimize code by avoiding unnecessary operations when certain conditions are met.,[[0.8561279]]
https://github.com/pytorch/pytorch/commit/52e76a305677dfaf26cd5d59bd1aa239375f833c,"+                if src.nelement() == 0 :
+                    warnings.warn(""Gathering a tensor with zero elements on rank "" + str(rank))
+                    return","if src.numel() == 0:
    warnings.warn(""Input tensor has zero elements. Returning empty tensor."")
    return src
","This code change adds a check for the condition where the input tensor `src` has zero elements. If `src` has zero elements, a warning message is generated, and the function returns early without performing any further processing.",[[0.8355137]]
https://github.com/pytorch/pytorch/commit/d23231fd8cd50e4eb657eb7c3cf102475634f9c6,"+CONSTANTS_LIST_EMPTY = """"""std::vector<c10::IValue>(), // constants list""""""
+
+    if len(constants_list_part) == 0:
+        return CONSTANTS_LIST_EMPTY","
    public String generateConstants(List<String> constants) {
        if(constants.isEmpty()) {
            return ""public static final String[] CONSTANTS = {};"";
        }
        
        StringBuilder builder = new StringBuilder();
        builder.append(""public static final String[] CONSTANTS = {"");
        
        for(String constant : constants) {
            builder.append(""\"""").append(constant).append(""\"", "");
        }
        
        builder.delete(builder.length() - 2, builder.length()); // Remove extra comma and space
        builder.append(""};"");
        
        return builder.toString();
    }
    </answer>",Conditional handling of an empty constants list by returning a pre-defined constant string.,[[0.8456062]]
https://github.com/pytorch/pytorch/commit/4ee179c9528c8c6aae17a01f2b0d7e8235219219,"+        if np is not None and isinstance(value, np.number):","if np is not None and isinstance(value, np.number):
    <answer end>","This code change is fixing an issue related to a possible `NameError` when referencing `np` if it is not imported or defined. By adding the condition `np is not None` before checking if `value` is an instance of `np.number`, the change ensures that the code will not raise an NameError, even if `np` is not properly defined.",[[0.8826444]]
https://github.com/pytorch/pytorch/commit/ba766ef39a4fff2d8856e17747393d469e409775,"+    if training:
+        size = list(input.size())
+        if reduce(mul, size[2:], size[0]) == 1:
+            raise ValueError('Expected more than 1 value per channel when training, got input size {}'.format(size))","size = list(input.size())
if not model.training and reduce(mul, size[2:], size[0]) == 1:
    raise ValueError('Expected more than 1 value per channel, got input size {}'.format(size))",Adding a condition that checks if the model is in training mode before raising a ValueError when the condition is met.,[[0.91735065]]
https://github.com/pytorch/pytorch/commit/999bae0f54108ffc5b7cf2524a02a83901554b16,"+           (at::symint::size<T>(weight, 2) < 17) && (at::symint::size<T>(weight, 3) < 17) && // NNPACK only supports kernels up to 16x16
+           (padding[0] < at::symint::size<T>(weight, 2)) && (padding[1] < at::symint::size<T>(weight, 3)) // NNPACK only supports padding < kernel_size. See https://github.com/pytorch/pytorch/issues/90142.","```cpp
    // Check if padding values are less than the corresponding kernel size values
    if (padding[0] >= weight.size(2) || padding[1] >= weight.size(3)) {
        throw std::invalid_argument(""NNPACK only supports padding less than the kernel size"");
    }
```",The fixing pattern in the code change is adding a condition to check if the padding values are less than the corresponding kernel size values. The comment provided in the code change also explains the rationale behind the condition by mentioning that NNPACK only supports padding less than the kernel size.,[[0.91215163]]
https://github.com/pytorch/pytorch/commit/9bcb4de16878073896d8743fbd70d5abe28b595a,+  TORCH_CHECK((unsigned)l < dims.size() && (unsigned)k < dims.size());,"
    TORCH_CHECK((unsigned)k < dims.size() && (unsigned)l < dims.size());","Addition of an additional condition ""(unsigned)k < dims.size()"" to the existing check condition.",[[0.92837393]]
https://github.com/pytorch/pytorch/commit/260f66c3165ce0c48dd1514a916da6971d981578,"+      int adj_size = in[0].dims_size() + (add_axis ? 1 : 0);
+      const int canonical_axis = canonical_axis_index_(axis, adj_size);
+      CAFFE_ENFORCE_LT(
+          canonical_axis, adj_size, ""Axis not in input ndim range."");","
    const int adj_size = in[axis].dims_size() + (additional_axis ? 1 : 0);
    if (canonical_axis >= adj_size) {
        // Handle error: canonical_axis is out of range
    }
    const int canonical_axis = canonical_axis_index_(axis, adj_size);
    <answer end>","This code change involves adding a new variable `adj_size` that takes into account whether an additional axis is being added or not, and then using this adjusted size in the `canonical_axis_index_` function to calculate the `canonical_axis`. Additionally, a runtime check is added to ensure that the `canonical_axis` is within the range of the adjusted input dimensions.",[[0.93434256]]
https://github.com/pytorch/pytorch/commit/dc07102b17915f21170fae9a9d52c6f2d59726ca,"+    CAFFE_ENFORCE_GE(in[1].dims_size(), 2);","CAFFE_ENFORCE_GE(in[1].dims_size(), 2, ""Input in[1] must have at least 2 dimensions for BatchMatMul operation."");
    </answer>","The fixing pattern in this code change can be identified as adding a runtime assertion check using the CAFFE_ENFORCE_GE macro. This check ensures that the dims_size of the input ""in[1]"" is greater than or equal to 2 during runtime.",[[0.88504964]]
https://github.com/pytorch/pytorch/commit/a53f4b0f9bbc007c0a92e4fd28dd22af027e24a8,"+      CAFFE_ENFORCE_EQ(
+          in[0].dims_size(), 4, ""Input for NHWC2NCHW must be 4 dimensional"");","CAFFE_ENFORCE_EQ(input_tensor.ndim(), 4, ""Input tensor must be 4-dimensional for NHWC2NCHW conversion."");
    <answer end>",The fixing pattern in the code change is adding an additional check on the dimensions of the input in the form of `CAFFE_ENFORCE_EQ()` to ensure that the input for NHWC2NCHW must be 4 dimensional.,[[0.89644676]]
https://github.com/pytorch/pytorch/commit/55092b1cc604fad3d70d31e71bbdd3a43a279423,"+    CAFFE_ENFORCE_EQ(
+        A.t.sizes(),
+        B.t.sizes(),
+        ""inputs must have the same shape (broadcast semantics is not supported)"");
+","CAFFE_ENFORCE_EQ(A.size(), B.size(), ""Inputs must have the same shape for Int8Add operator. Broadcast semantics are not supported."");","This code change involves adding an equality check between the sizes of two tensors A and B using the CAFFE_ENFORCE_EQ macro. The error message indicates that the inputs must have the same shape and that broadcast semantics are not supported. This change is likely to ensure that the tensors A and B being compared have the same shape, which is an essential requirement for certain operations or calculations.",[[0.85795915]]
https://github.com/pytorch/pytorch/commit/8ee59280d78a4fefc4de0da04b287e067c28de0d,"+                automatic_dynamic = config.automatic_dynamic_shapes and (
+                    curr_sizes is None or curr_sizes[i] is None
+                )","```python
automatic_dynamic = config.automatic_dynamic_shapes and (curr_sizes is None or curr_sizes[i] is None)
```","This code change involves adding a condition around the variable `automatic_dynamic`, making it dependent on the value of `config.automatic_dynamic_shapes`. The pattern used here is **Condition Addition**, where a new condition is added to an existing code block.",[[0.8496435]]
https://github.com/pytorch/pytorch/commit/e9e125475e94aabfb34ee239fadc760615eef429,"+  if (n->inputs().size() != 2) {
+    return nullptr;
+  }","
    if (n != 2) {
        return nullptr;
    }
    // continue with the code logic for aten::repeat and fb::fast_gather functions
    <answer end>","This code change added input validation to ensure that the number of inputs for a given node (`n`) is exactly 2. If the number of inputs is not 2, a `nullptr` is returned, indicating an invalid state of the node. This pattern enforces a specific condition that must be met for the code to proceed, adding clarity and robustness to the code logic.",[[0.89104545]]
https://github.com/pytorch/pytorch/commit/bbb5e106ad6228953df6c7f5c8916b26dc0cb457,"+  TORCH_INTERNAL_ASSERT(iter.ninputs() == traits::arity);
+  TORCH_INTERNAL_ASSERT(iter.noutputs() == 1);","TORCH_INTERNAL_ASSERT(iter.ntensors() == traits::arity + 1);
    TORCH_INTERNAL_ASSERT(inputs.size() == traits::num_inputs);
    TORCH_INTERNAL_ASSERT(outputs.size() == traits::num_outputs);",This code change involves adding separate assertions to check the number of inputs and number of outputs in addition to the existing assertion for the number of tensors in an iterator.,[[0.8940794]]
https://github.com/pytorch/pytorch/commit/7684044b713761abd4f51225dc5d83ce5869562a,"+  TORCH_INTERNAL_ASSERT(
+      ivalues.size() > 1,
+      ""At least 2 IValues are required to build a ScriptCall."");
+","TORCH_INTERNAL_ASSERT(ivalues.size() > 1);
    return ScriptCall(std::move(ivalues.front()), std::move(ivalues.back())); 
    </answer>
    <patch start>",Addition of a TORCH_INTERNAL_ASSERT statement to ensure that the size of the ivalues vector is greater than 1 in order to build a ScriptCall.,[[0.9049089]]
https://github.com/pytorch/pytorch/commit/5023995292f5119c447de15c20a375b7e3aa2d0b,+      if (max_shape[j] >= real_shape.dims(j)) {,    if (max_shape[j] >= real_shape.dims(j)) {,"Changing the comparison operator from "">"" (greater than) to "">="" (greater than or equal to).",[[0.9123616]]
https://github.com/pytorch/pytorch/commit/f810d96806d0e767aeca9fe9cf50e0bdcaab7d52,,"-            if (idx < 0) {
               idx = idx + src_indexing_axis_dim;
-            }
-            // Removing duplicate index check code
-            // if (idx < 0) {
-            //   idx = idx + src_indexing_axis_dim;
-            // }
-            // Removing duplicate index check code
   <answer end>  ",Removing duplicate code to improve code quality and readability.,[[0.57417536]]
https://github.com/pytorch/pytorch/commit/63e47c68a692c70bc64c49d687f85f7f5cd02ce3,,"```cpp
    // Remove redundant error checking code
```",This is an example of removing redundant error checking code.,[[0.596206]]
https://github.com/tensorflow/tensorflow/commit/67b6c880e39ba02ba53c7d499e45fd136090ee32,"+    if hasattr(first_elem, ""shape""):
+      elems_static_shape = first_elem.shape
+      if elems_static_shape.ndims is not None and elems_static_shape.ndims < 1:
+        raise ValueError(
+            ""Elements in elems must be 1+ dimensional Tensors, not scalars"")","```python
    if hasattr(first_elem, ""shape"") and first_elem.shape.ndims is not None and first_elem.shape.ndims < 1:
        raise ValueError(""Elements in elems must be 1+ dimensional Tensors, not scalars"")
```","Replacing the condition check to ensure `first_elem` has attribute ""shape"" before accessing its properties.",[[0.9014735]]
https://github.com/tensorflow/tensorflow/commit/0197a2d8a3070af763cb67227835ee63df095e6d,"+        DCHECK(edge->dst_input() < inputs.size())
+            << ""Edge "" << edge->DebugString()
+            << "" is overflowing the expected number of inputs (""
+            << node->num_inputs() << "") for node "" << node->DebugString();","
    DCHECK_LT(edge_dst_input, node->num_inputs) << ""Node: "" << node->name << "" has an edge with destination input out of bounds"";  
    DCHECK_GE(edge_dst_input, 0) << ""Node: "" << node->name << "" has an edge with negative destination input""; 
    </answer>",This code change is adding a DCHECK statement to verify that the edge's destination input is within the expected range of inputs for a node. The DCHECK statement includes a debug message providing information about the overflowing edge and the specific node involved.,[[0.9163861]]
https://github.com/tensorflow/tensorflow/commit/083fd8c4b23104f6b27a871c6469629ace4ee9c3,+        if check_soname and objdump != None and not _is_windows(repository_ctx):,"
if check_soname and objdump != None and platform.system() != 'Windows':
    <code block to be executed>
    <answer end>",Adding a new condition to check if the current operating system is not Windows before executing the code block.,[[0.9140952]]
https://github.com/tensorflow/tensorflow/commit/a21ec782601aca6c7e0461093d72596f26229e44,"+  overload = getattr(value, ""__tf_tensor__"", None)
+  if overload is not None:
+    return overload(dtype, name)  #  pylint: disable=not-callable","```python
if hasattr(value, '__tf_tensor__'):
    return getattr(value, '__tf_tensor__')(dtype, name)
```","This code change involves replacing a direct method call `value.__tf_tensor__(dtype, name)` with a more robust approach using `getattr` to dynamically check for the presence of the method `__tf_tensor__` and then calling it if it exists.",[[0.9043414]]
https://github.com/tensorflow/tensorflow/commit/15c186bffe51901e4a48b4b6bf1316832533743f,"+          if s is None or s != maximum_static_shapes[idx][i]:
+            if s.value is not None:","
if s is not None and (not s or s != maximum_static_shapes[idx][i]):
    if s.value:",This code change fixes a logic issue by checking if `s` is `None` before comparing it to `maximum_static_shapes[idx][i]`.,[[0.8836491]]
