https://github.com/pytorch/pytorch/commit/5a63c452e638dad8e077887ad8d2c94ff0e23917,"```c
    } else if (prop->major >= 8 && prop->minor >= 5) { // Ensuring compatibility with cuDNN versions >= 8.0.5
      // Based on tests by Vasily Volkov and xwang233.  Vasily only tried bsize <= 128,
      // so conservatively enable persistence for bsize <= 128 only.
      // TODO:  Run more tests for bsize > 128.
      if (rnn.mode == CUDNN_GRU) {
```"
https://github.com/pytorch/pytorch/commit/bbc7c79b20e67da450dd9b7de70cc6b68e656714,"Fixed code:

```python
    if (only_sparse_compressed_add_trivial_cases(self, other, alpha, out)):
      return out;
```"
https://github.com/pytorch/pytorch/commit/4ab1588d9919bc1a62219a5c2393e0784ddaae70,"Fixed code:
```cmake
find_package(PythonLibs 3.0 REQUIRED)

if(PYTHONLIBS_VERSION_STRING)
  if(${PYTHONLIBS_VERSION_STRING} VERSION_LESS 3)
    message(FATAL_ERROR
      ""Found Python libraries version ${PYTHONLIBS_VERSION_STRING}. Python 2 has reached end-of-life and is no longer supported by PyTorch."")
  endif()
else()
  message(FATAL_ERROR ""Python development library not found. Please install the required Python development library."")
endif()
```  "
https://github.com/pytorch/pytorch/commit/9a9eadacc6ac3b734a6d607ae6f63ec1a0d1438d,"ctx.save_for_backward(input, grid, padding_mode)

if padding_mode == 'zeros':
    ctx.padding_mode = MODE_ZEROS
elif padding_mode == 'border':
    ctx.padding_mode = MODE_BORDER"
https://github.com/pytorch/pytorch/commit/f14887a63f83b931df9fc5d841c7d3829141ff58,"```python
            if key in state_dict.keys():
                input_param = state_dict[key]
                if isinstance(input_param, Parameter):
                    # backwards compatibility for serialized parameters
                    input_param = input_param.data
            else:
                raise RuntimeError(""Key '{}' not found in state_dict"".format(key))
```"
https://github.com/pytorch/pytorch/commit/02e2158e754bafda46e663052c838aeb6ab6b560,"```cpp
          if (inst.N >= stack.size()) {
              TORCH_CHECK(false, ""Number of inputs passed to format method is out of bounds: "", inst.N);
          }
          torch::jit::Function& method =
              peek(stack, 0, inst.N)
                  .toObject()
                  ->type()
    ```"
https://github.com/pytorch/pytorch/commit/4d07428edee863e7f5920f0672957a9711a9f0b5,"void format(Stack& stack, size_t num_inputs) {
  if (num_inputs < 1) {
    throw std::runtime_error(""Not enough inputs for format"");
  }
  
  auto format = peek(stack, 0, num_inputs).toStringRef();
  
  // Check if the format string is valid
  if (format.empty()) {
    throw std::runtime_error(""Format string is empty"");
  }
  
  // // Temporally comment out the warning message because of
  // // ""StdRegexIsAwful"" internal Lint error, to prevent sev
}"
https://github.com/pytorch/pytorch/commit/b3ace213f240dc0f0f2a738f825f46e0d0dffca4,"```
    c10::optional<std::string> filename = c10::nullopt;

    if (fnameIndex < text_table_.size()) {
        filename = *text_table_[fnameIndex];
    } else {
        // handle error case where fnameIndex is out of bounds
        // maybe throw an exception or return an error code
    }

    std::vector<c10::string_view> pieces;
    std::vector<std::shared_ptr<std::string>> strs;
```"
https://github.com/pytorch/pytorch/commit/d8466964b348b6172317f70b8e52de02402bad54,"int i_start = 0;
int i_end = dim;

for (int i = i_start; i < i_end; i++) {
    scalar_t *output_k = output + i;
    int target_k = static_cast<int>(target[i]);
    scalar_t input_target_k = input[i * dim + target_k];
    // continue with the rest of the code
}"
https://github.com/pytorch/pytorch/commit/c22ac14969a863a00b5ebb04a3453610c7a27713,"Fixed code:
```python
        return Template(_MSG_FORMAT_TEMPLATE).substitute(
            border=border_delim * width,
            title=title.center(width),
            section=section_delim * width,
            other_failures=""\n"".join(other_failures_fmt)
        )
```"
https://github.com/tensorflow/tensorflow/commit/0197a2d8a3070af763cb67227835ee63df095e6d,"```cpp
if (edge->dst_input() >= inputs.size()) {
    LOG(ERROR) << ""Out-of-bound access detected. Edge "" << edge->src()->DebugString() << "":""
               << edge->dst()->DebugString() << "" with dst_input "" << edge->dst_input()
               << "" exceeds the number of expected inputs."";
    // Handle the error, possibly by rejecting the edge or resizing the inputs vector
} else {
    if (inputs[edge->dst_input()] != nullptr) {
        LOG(ERROR) << ""Edge "" << edge->src()->DebugString() << "":""
                   << edge->dst()->DebugString() << "" with dst_input ""
                   << edge->dst_input() << "" had pre-existing input edge."";
        // Handle the error, possibly by rejecting the edge or updating the existing input edge
    } else {
        inputs[edge->dst_input()] = edge;
    }
}
```"
https://github.com/tensorflow/tensorflow/commit/867a918bd3d40afeca6b96430671a098134e7905,"Fixed code:
```cpp
    cudaPointerAttributes attributes;
    cudaError_t err = cudaPointerGetAttributes(&attributes, reinterpret_cast<const void*>(ptr));
    // If we failed, reset cuda error status to avoid poisoning cuda streams.
    if (err != cudaSuccess) {
        cudaGetLastError();
    }
    bool points_to_host_memory = (err != cudaSuccess || attributes.memoryType == cudaMemoryTypeHost);
```"
https://github.com/tensorflow/tensorflow/commit/b234ff0ee4ce87d21a3e5306b678e1fb4b1fedfc,"Fixed code:

```cpp
if (num_conv2d_gpu == 0) {
    return false;
}

return (static_cast<float>(num_conv2d_gpu_fp16) /
        static_cast<float>(num_conv2d_gpu)) >= kConv2DGPUFP16Threshold;
```
<answer end>"
https://github.com/tensorflow/tensorflow/commit/e009644f034fa0ca4df910a812432cab3458d440,"```cpp
  auto get_bwd_data_bugs = [&]() -> port::Status {
    if (conv_config.int8_mode) {
      if (conv_config.tensor_format == CUDNN_TENSOR_NCHW) {
        return port::Status(port::error::Unimplemented, ""int8 to float convolution is not supported in NCHW format."");
      } else if (conv_config.tensor_format == CUDNN_TENSOR_NHWC) {
        return port::Status(port::error::Unimplemented, ""int8 to float convolution is not supported in NHWC format."");
      } else {
        return port::Status(port::error::InvalidArgument, ""Invalid tensor format for int8 to float convolution."");
      }
    }
    return port::Status::OK();
  };
```
"
https://github.com/tensorflow/tensorflow/commit/5ed3c7881f1f039b1bb502eb68c65250de3bbac8,"```cpp
    // Set the number of threads to `port::MaxParallelism` if 0 is passed
    if (num_threads_ == 0) {
      num_threads_ = port::MaxParallelism;
    }

    // Validate the number of threads
    OP_REQUIRES_OK(ctx, ValidateNumThreads(num_threads_));
  }

  // The resource is deleted from the resource manager only when it is private
  // to kernel. Ideally the resource should be deleted when it is no longer held
```"
https://github.com/tensorflow/tensorflow/commit/6381a7b127bd276a3817a93e5423b15a06c33419,"// Records the ram usage of hill climbing algorithm.
void RecordAutotuneRamUsage(int64 ram_budget, double max_buffered_bytes) {
  const auto memory_info = port::GetMemoryInfo();
  if(ram_budget == 0) {
    return; // Avoid division by 0 exception when ram_budget is not set.
  }
  // Records ratio of memory used since RootDataset was created over the ram
  // budget.
  const auto original_free_memory = ram_budget / kRamBudgetShare;
}"
https://github.com/tensorflow/tensorflow/commit/cddca76312f5ae4fb92a101e79eeff6d5ac16932,"template <typename TensorT>
absl::Status ReadTensor(uint32_t idx, TensorT* t) const {
    if (idx >= node_->inputs->data.size()) {
      return absl::InvalidArgumentError(""Index out of range when reading input tensor."");
    }
    const int32_t tensor_idx = node_->inputs->data[idx];
    if (tensor_idx < 0) {
      return absl::InvalidArgumentError(""Invalid data index found. Possibly an unset optional tensor is referenced."");
    }
    // Read tensor data here
    return absl::OkStatus();
}"
https://github.com/tensorflow/tensorflow/commit/b1c9e600e02b93885dbebfa5dae92436c63d6c03,"```cpp
  int GetIndex(const std::vector<int>& indexes) const {
    int index = 0;
    for (size_t i = 0; i < indexes.size(); i++) {
      if (indexes[i] < 0 || indexes[i] >= size()) {
        // Handle out-of-range index
        return -1;
      }
      index += indexes[i];
    }
    return index;
  }

  // Advances the specified set of indexes and returns true if we haven't
```"
https://github.com/tensorflow/tensorflow/commit/f6f62119587baf8ccb7378ceac86bacd2db2863d,"Fixed code:
    {
      OP_REQUIRES(context, output_shape.dims() == 4,
                  errors::InvalidArgument(""output_shape must be rank 4""));
      
      SpatialMaxPoolWithArgMaxHelper<CPUDevice, T, int64>(
          context, &tensor_out_dup, &tensor_out_arg_max, output, tensor_in,
          out_backprop, params, true);
    }"
https://github.com/tensorflow/tensorflow/commit/b86513673b98ac6c4458033fcda718365539afae,"    Fixed code:
    
    ReadAttribsWithBatch(reader, tf_options, input->tensor.shape, &attr));
    
    if (attr.strides.h <= 0 || attr.strides.w <= 0 || attr.strides.c <= 0) {
      return UnimplementedError(""Zero stride values are not supported."");
    }
    
    if ((attr.ends.h - attr.starts.h + attr.strides.h - 1) / attr.strides.h !="
https://github.com/tensorflow/tensorflow/commit/7e2d53c1c371f38c7f0ef13c1c06336b22a195c0,"Status s = instantiated_captured_func_->Run(ctx, std::move(args), &state_and_output);
if (s.ok()) {
  state_.clear();
  size_t i = 0;
  for (; i < dataset()->state_and_output.size(); ++i) {
    <...> // rest of the code
  }
}"
https://github.com/tensorflow/tensorflow/commit/4923de56ec94fff7770df259ab7f2288a74feb41,"Fixed code:
```cpp
  if (nnz > 0) {
    if (output_shape.num_elements() == 0) {
      OP_REQUIRES(context, input_indices_in.dimension(0) == 0,
                  errors::InvalidArgument(""Cannot reshape non-empty sparse tensor to 0 elements.""));
      result_indices->matrix<int64>().resize(0, 0);
    } else {
      OP_REQUIRES(context, input_indices_in.dimension(0) > 0,
                  errors::InvalidArgument(""Cannot reshape 0 elements sparse tensor to non-empty shape.""));
      OP_REQUIRES_OK(context, functor::ReshapeSparseTensorFunctor<Device>()(
                                  context, input_shape, output_shape,
                                  input_indices_in.matrix<int64>(),
                                  result_indices->matrix<int64>()));
    }
  } else {
    OP_REQUIRES(context, input_indices_in.dimension(0) == 0,
                errors::InvalidArgument(""Cannot reshape non-empty sparse tensor to 0 elements.""));
    result_indices->matrix<int64>().resize(0, 0);
  }
```
"
https://github.com/tensorflow/tensorflow/commit/23968a8bf65b009120c43b5ebcceaf52dbc9e943,"const Tensor& input_max_tensor = ctx->input(2);

int num_slices = 1;
if (axis_ > -1 && axis_ < input_max_tensor.dims()) {
  num_slices = input.dim_size(axis_);
}
    <answer end>"
https://github.com/tensorflow/tensorflow/commit/1610da3f992487bd9a8181d1e83cae99fe1e34d9,"Fixed code:
```cpp
      memory::dims output_dims_mkl_order;
      this->GetOutputDims(pool_params, &output_dims_mkl_order);

      // get src memory::desc
      memory::dims src_dims_mkl_order = TFShapeToMklDnnDimsInNCDHW(grad_tensor.shape(), this->data_format_tf_);
```"
