https://github.com/pytorch/pytorch/commit/b556d31586845fb1e296a975d2b85d9d325205c9,2024-07-18 22:18:55
https://github.com/pytorch/pytorch/commit/419b8df0b6fcf886f03863fcd728e037bcc19d50,2024-07-17 00:21:08
https://github.com/pytorch/pytorch/commit/a29052a0bf3eb218f18b03e3a330cf805d50d864,2024-07-15 21:31:30
https://github.com/pytorch/pytorch/commit/f1456c74a09ec33d7739814e13e5745408bf8b6c,2024-07-15 15:28:11
https://github.com/pytorch/pytorch/commit/2c4303c1d1fc75bb96c0017a8aeb844e4134db60,2024-07-12 14:29:59
https://github.com/pytorch/pytorch/commit/df83142131ff4b644ccc6c63afb304b15325b4af,2024-07-09 17:38:47
https://github.com/pytorch/pytorch/commit/aa4899eee96456bc8663322d2ec15c857dbddb01,2024-07-06 02:14:54
https://github.com/pytorch/pytorch/commit/bffb278700dd1e4a85a02f843e3657b6d8481f57,2024-07-04 03:11:02
https://github.com/pytorch/pytorch/commit/257b9c7936b372368f6d2b7d26e9b97675b2a046,2024-07-02 10:51:23
https://github.com/pytorch/pytorch/commit/04a0d856207d83c2031e4b9cb6825ba3e0092850,2024-07-01 00:51:53
https://github.com/pytorch/pytorch/commit/1865fe282f2dc6e2c1746e418b809dea8771843a,2024-06-25 16:09:41
https://github.com/pytorch/pytorch/commit/81de71fdc5b2562bc32d8d87f59918f10fa106bc,2024-06-24 20:18:51
https://github.com/pytorch/pytorch/commit/aee512cc9d1f0ae3eb251caa648aff09fa3aa0cc,2024-06-21 04:10:28
https://github.com/pytorch/pytorch/commit/4bc90185fb77438717d59b2d9bb63096ae682935,2024-06-18 21:17:08
https://github.com/pytorch/pytorch/commit/ba19ed9a1a4efc7fa9ccdd6ace6a85fd1f43b49f,2024-06-14 20:08:44
https://github.com/pytorch/pytorch/commit/d5780396c70375458344bfe6950fbf4c391e8622,2024-06-13 13:13:02
https://github.com/pytorch/pytorch/commit/f4edd67fe7d5b4ab28535eb524fe509aa5f894b7,2024-06-12 18:29:01
https://github.com/pytorch/pytorch/commit/8b3daf1768fdf8c1c54771fd738552c4fa984b12,2024-06-12 02:26:43
https://github.com/pytorch/pytorch/commit/3a620a0f653f26c638a72ce97abe557659b3a8c3,2024-06-07 16:47:27
https://github.com/pytorch/pytorch/commit/cafbcb63762e13d463fc173be411be4daa0c769d,2024-06-07 14:41:35
https://github.com/pytorch/pytorch/commit/91461601b6f262a60141061430b2066f42dd92ec,2024-06-04 10:44:45
https://github.com/pytorch/pytorch/commit/f6ca822366e8ef19c2c02d33fc2a4629bd04c8ec,2024-06-03 18:14:16
https://github.com/pytorch/pytorch/commit/8bf2c0a2030f56ab32b537fec79d4ac1a4f5f3a9,2024-05-31 13:01:50
https://github.com/pytorch/pytorch/commit/4105f91cfcecd101d8f3d143c85b4dbf7fdc7182,2024-05-24 09:37:05
https://github.com/pytorch/pytorch/commit/2db13633e746cf2212804dc9801f5112225d774f,2024-05-23 19:43:30
https://github.com/pytorch/pytorch/commit/5fa7aefb491e9266698e58182f9a055484553032,2024-05-21 22:32:04
https://github.com/pytorch/pytorch/commit/140ab89c027b019be9c89d17996294e7a1ea8577,2024-05-21 12:59:37
https://github.com/pytorch/pytorch/commit/93844a31b30c6b99fd18c37ee466637cca708d14,2024-05-17 19:47:08
https://github.com/pytorch/pytorch/commit/875221dedf9eeda567b2327336a2aedc681b9cdc,2024-05-17 15:30:02
https://github.com/pytorch/pytorch/commit/55628624b872bd2ce51903841a65cc385ed7c526,2024-05-16 19:56:19
https://github.com/pytorch/pytorch/commit/91bf952d10e9524a9b078900d9807efa5d252f5c,2024-05-16 09:41:45
https://github.com/pytorch/pytorch/commit/6e6e44bdcc9eb154b0b456a7c54ce45979e754b2,2024-05-16 00:45:57
https://github.com/pytorch/pytorch/commit/31d22858e96ecfa0971e86e9f8d026a3d03c648f,2024-05-15 16:58:18
https://github.com/pytorch/pytorch/commit/2086f91c4cd250a66fb57fbc9c09901680a1476d,2024-05-15 15:45:57
https://github.com/pytorch/pytorch/commit/a961e1ac83bf8831768c5a04eb7c4c18df8988d5,2024-05-15 15:02:21
https://github.com/pytorch/pytorch/commit/7dfd2949d74ab3a523a0abc6270cc426cdcf4a00,2024-05-15 00:57:08
https://github.com/pytorch/pytorch/commit/c61bfd24c1108716f0d4b91aa6d2da48a6ce184e,2024-05-10 17:11:22
https://github.com/pytorch/pytorch/commit/afea237935d781b626e0122ba1abcde192f60ce6,2024-05-08 16:21:21
https://github.com/pytorch/pytorch/commit/5d97c22845ba09ea1dcbc23d2108ab90dd40446d,2024-05-08 11:54:01
https://github.com/pytorch/pytorch/commit/9a2375b6b7f113d2d3ee88152aa66aa352135756,2024-05-07 23:45:34
https://github.com/pytorch/pytorch/commit/e5cc7ada6706f737959d8488d96028b3eb29aeea,2024-05-03 04:28:32
https://github.com/pytorch/pytorch/commit/3946fa1c1247055d6b491e912b9fab02516d8d42,2024-04-30 14:21:29
https://github.com/pytorch/pytorch/commit/96cc73dc13141351c4b0c6c9328aabdf7d4b4927,2024-04-29 14:11:28
https://github.com/pytorch/pytorch/commit/2ea1e84d40ee9fc11b95fb4f0d6bc7d264b5eda4,2024-04-26 14:57:11
https://github.com/pytorch/pytorch/commit/7b6e354ecd0fbbbf2999cef19dc1947cdc9ee4a4,2024-04-23 02:43:48
https://github.com/pytorch/pytorch/commit/660db767ef56a0512c5e94051c5058613fcaf1df,2024-04-22 22:13:05
https://github.com/pytorch/pytorch/commit/be2e56b5abacc979338dc27b1fc16e6f21f22c35,2024-04-22 12:55:18
https://github.com/pytorch/pytorch/commit/a4c8002ee0714db7d19d98dc0c84108521c5ce6f,2024-04-15 22:02:37
https://github.com/pytorch/pytorch/commit/601112fdb4107d0c0c4d9a3766789d5075b9af10,2024-04-15 16:33:17
https://github.com/pytorch/pytorch/commit/e00282fecfcb53790aebfb24cc48a8703577778e,2024-04-11 03:10:46
https://github.com/pytorch/pytorch/commit/01ab5a3104fc35f51b9e9218a9b6b5b3a8892dd7,2024-04-10 20:07:20
https://github.com/pytorch/pytorch/commit/f688d7a2f7dcb6caf5ded0e1eabedd5a7a6dc43b,2024-04-10 16:41:39
https://github.com/pytorch/pytorch/commit/e8ad5460c0fc186457b1dc80aa219e1dc33eed8b,2024-04-10 01:14:31
https://github.com/pytorch/pytorch/commit/07cecf4168503a5b3defef9b2ecaeb3e075f4761,2024-04-07 17:09:05
https://github.com/pytorch/pytorch/commit/0355f6e9549d4ba383112732f349c15b40169075,2024-04-07 14:37:47
https://github.com/pytorch/pytorch/commit/a4ef9cdd2807e7138e29d12ff03b48f60e1a5189,2024-04-05 23:43:25
https://github.com/pytorch/pytorch/commit/dbeb21404364539b3b67cef861e16b7460766fd8,2024-04-04 01:13:28
https://github.com/pytorch/pytorch/commit/8244ee00cfe49fc4a2e460e666a0dc5457e23c3e,2024-04-02 16:33:01
https://github.com/pytorch/pytorch/commit/4282bb8b072ab43adc9d46330d693572b831a503,2024-03-29 18:22:37
https://github.com/pytorch/pytorch/commit/e63e013c3b0d07f109cb70c5137ef575eee69798,2024-03-28 19:19:17
https://github.com/pytorch/pytorch/commit/646dd1ab8d7a88c6823c52cbcc445937b01e168d,2024-03-28 14:51:44
https://github.com/pytorch/pytorch/commit/235f24fc66078538249f978c275dc07c9e79d07e,2024-03-27 23:17:33
https://github.com/pytorch/pytorch/commit/06f22537ca751208cc6d8f5fc8ff600d563654b1,2024-03-25 12:18:43
https://github.com/pytorch/pytorch/commit/19d27a13ea052230d9fb565a5b82e683e28d1697,2024-03-22 21:45:07
https://github.com/pytorch/pytorch/commit/17175cdbc70660595fa4ef9b66cb8466cdfd09ca,2024-03-21 13:00:45
https://github.com/pytorch/pytorch/commit/02f436da6db4e57b5fb456438189bc2f91def6d0,2024-03-19 18:28:06
https://github.com/pytorch/pytorch/commit/0636c11811e15d1919cdd6cf20cb2d2bed2ee1da,2024-03-14 14:41:17
https://github.com/pytorch/pytorch/commit/605c0a28aaf2ff6386b2f341a46fd0a0fd18b2ca,2024-03-11 05:22:49
https://github.com/pytorch/pytorch/commit/3a5ab17bdc56470ab25291b2d72206253db79186,2024-03-11 05:22:49
https://github.com/pytorch/pytorch/commit/b383123e3744689db3b728035c50e60b0cf743d0,2024-03-11 05:22:31
https://github.com/pytorch/pytorch/commit/f11f2b0d55b1aa322f73f4bb521beaf9d4563603,2024-03-10 20:30:55
https://github.com/pytorch/pytorch/commit/e90cddb0d350df3b0447d6313da80d8676bdd915,2024-03-09 15:12:27
https://github.com/pytorch/pytorch/commit/9cc0f23e5ccc122bcdeeb608ddcbf392c4e44802,2024-03-06 23:50:06
https://github.com/pytorch/pytorch/commit/c83dfc88540cf0b8e0385f98d28c176721ada2d9,2024-03-03 21:11:57
https://github.com/pytorch/pytorch/commit/fd2ab1f6131ca8ffa94c1b12b77ca8d84deeb61c,2024-03-01 17:34:23
https://github.com/pytorch/pytorch/commit/7881b95c73de586389c5b3a18ab343d578b10aee,2024-02-28 10:17:31
https://github.com/pytorch/pytorch/commit/be31e522ce33f8fc5d53dd0681e9e0f796dd7a90,2024-02-28 00:35:36
https://github.com/pytorch/pytorch/commit/f4cf25bb24be735b2502ae13f290017992c2fac8,2024-02-26 04:58:27
https://github.com/pytorch/pytorch/commit/5a3e19578f034f5bec7c5120a138849bd15421e9,2024-02-22 15:24:15
https://github.com/pytorch/pytorch/commit/c37d07a1bcddb89f2049e8ff833c57be3a76b8da,2024-02-22 14:33:57
https://github.com/pytorch/pytorch/commit/0e4bd25a33a5b4b4d84bd2bb3e6ea8a609eaf897,2024-02-22 09:25:34
https://github.com/pytorch/pytorch/commit/26fbbc3e844c8267aa8cf78f152c9612da40dc89,2024-02-20 10:23:48
https://github.com/pytorch/pytorch/commit/609cde94f917c9e3b6941a2b838de4757f1524d3,2024-02-20 10:23:48
https://github.com/pytorch/pytorch/commit/48bdd0fb47917020a1afc3cd550f496d9c8be921,2024-02-19 16:31:29
https://github.com/pytorch/pytorch/commit/4f4629d5224e18d05e4fb952bef01a57f59654c2,2024-02-16 16:19:37
https://github.com/pytorch/pytorch/commit/24d5caba6eb8a4a0eff17a2266345712be6b1374,2024-02-16 15:06:52
https://github.com/pytorch/pytorch/commit/c6f39740c78e2280cba0ea339b5255bed25427a5,2024-02-09 12:14:23
https://github.com/pytorch/pytorch/commit/63fd6883fd3e845521c01daff822c125552cd4d2,2024-02-02 18:49:18
https://github.com/pytorch/pytorch/commit/3d8c36786bf3e7f9f31bfde99644c7ad1bab0622,2024-02-02 00:51:59
https://github.com/pytorch/pytorch/commit/9c2b43cc5057cb840879224e3bdced58d6334c0a,2024-02-01 09:54:20
https://github.com/pytorch/pytorch/commit/35f3ccffd4dd836d71b1db6d560800597979ec5b,2024-01-31 08:53:58
https://github.com/pytorch/pytorch/commit/9d5b950bdd303295eb7e3b5dc96e616ce029c28b,2024-01-27 18:44:25
https://github.com/pytorch/pytorch/commit/8d790abab9c91b2fa9e84515f00ffd6b47f9d900,2024-01-27 06:03:02
https://github.com/pytorch/pytorch/commit/4d0b471389dd38865a2ff214ba7df185d02b18b1,2024-01-26 06:02:12
https://github.com/pytorch/pytorch/commit/3cdd4e236e2c58deeb39b620b5aa1c2bf70ec602,2024-01-25 21:00:04
https://github.com/pytorch/pytorch/commit/01388d07900ff9adea4de42cbd07ffca384d2dbb,2024-01-25 13:13:40
https://github.com/pytorch/pytorch/commit/514159ddcbafff5d9b755c0fdcdf12eeac416735,2024-01-25 01:52:17
https://github.com/pytorch/pytorch/commit/a40951defd87b9a5e582cf9112bf7a8bd0930c79,2024-01-24 23:25:36
https://github.com/pytorch/pytorch/commit/f9fca33baf8c6ffb0e2efeb6376400838659e2a1,2024-01-22 17:57:06
https://github.com/pytorch/pytorch/commit/0d1e7053ac7e88dc47fb8d1d31920af0ad94e805,2024-01-18 04:37:33
https://github.com/pytorch/pytorch/commit/4f2620ce56291c5116b9d9ca32fe56e035e57154,2024-01-17 23:04:32
https://github.com/pytorch/pytorch/commit/84cfe6d8b214628b33771eff70c1876a67db5d10,2024-01-17 16:44:59
https://github.com/pytorch/pytorch/commit/d0fc268918236d8a56cc0ad82ace001160281a17,2024-01-17 13:14:35
https://github.com/pytorch/pytorch/commit/f0bbc2fcf54a47d5b76ddec48efba6b7c431b034,2024-01-09 02:57:46
https://github.com/pytorch/pytorch/commit/d78776e2e60ae0257847097dda3eb2fdc6f32476,2024-01-09 00:55:08
https://github.com/pytorch/pytorch/commit/68b77311ad01cac56f133b2d29a992e502bd5f93,2024-01-03 13:13:25
https://github.com/pytorch/pytorch/commit/75359934bd3ea6cfb55e08ebbd4896d63ca9cdb2,2024-01-03 00:35:06
https://github.com/pytorch/pytorch/commit/cf618452d33022c391c240f7c28c196b6ebfded4,2024-01-01 14:45:49
https://github.com/pytorch/pytorch/commit/65c5eed01d3bf1b971f97c143beaa9dd8b0be0df,2023-12-22 15:33:09
https://github.com/pytorch/pytorch/commit/0b9146bf5de4dbe273dfde101bc42a749e9db7c3,2023-12-22 10:26:02
https://github.com/pytorch/pytorch/commit/94f37811457400b56463d448af01cf5059f60ab0,2023-12-21 22:17:34
https://github.com/pytorch/pytorch/commit/127cae7ec80826a248d25803d94497601bb11468,2023-12-21 19:47:45
https://github.com/pytorch/pytorch/commit/74e8cfc9a0d69cd64b27eb6a095dd5818b4e267d,2023-12-20 22:10:22
https://github.com/pytorch/pytorch/commit/a734085a63f8b840c2ab36ab188cb842d731ddd8,2023-12-20 20:20:46
https://github.com/pytorch/pytorch/commit/7388d401655e3fa803d5a6e40e2c056da324fc63,2023-12-13 15:44:37
https://github.com/pytorch/pytorch/commit/8739d1e3f9b08f4282fe79fc8dacd781d16913ff,2023-12-12 15:00:56
https://github.com/pytorch/pytorch/commit/0379c11248d022faa19c2aace6c9f86a0cee5de2,2023-12-11 19:45:54
https://github.com/pytorch/pytorch/commit/b9c4fb68c54e1dd72c9e1974da02eaa68a71153a,2023-12-05 18:55:12
https://github.com/pytorch/pytorch/commit/f09e8381b724d497b389ecadabcdc7fc938596d3,2023-12-05 16:20:17
https://github.com/pytorch/pytorch/commit/1f845d589885311447e6021def9da2463c8a989e,2023-11-30 16:11:15
https://github.com/pytorch/pytorch/commit/e25b146b8c85a3da964986195c6f3f338db45428,2023-11-27 20:27:55
https://github.com/pytorch/pytorch/commit/d37c4c69954ad7bdccca96854105c48e93d4587e,2023-11-25 18:15:47
https://github.com/pytorch/pytorch/commit/7d5e8c1d5131d3dfbcd47bb21748563346929b03,2023-11-20 10:36:27
https://github.com/pytorch/pytorch/commit/99b89db174ce0359a8724409b2bf9df244d6761b,2023-11-16 21:44:54
https://github.com/pytorch/pytorch/commit/de4fd3843c8746c64cd8bb36b5dd159a940c07d5,2023-11-16 15:40:03
https://github.com/pytorch/pytorch/commit/84ee7453ada1e7d9f0b705d4b623f5a5c21d516b,2023-11-14 20:55:33
https://github.com/pytorch/pytorch/commit/c21320b3b176b999a5e9bf3b554534a6caa962b1,2023-11-14 01:15:32
https://github.com/pytorch/pytorch/commit/e6f09607627f7f83c07f3a411b065b17a4519453,2023-11-09 17:08:17
https://github.com/pytorch/pytorch/commit/d977f118ad5422bec0b57f5b98d7124a6e2366a3,2023-11-09 13:06:54
https://github.com/pytorch/pytorch/commit/82875e69fefd7d048b815c43609ac113ad5b0c72,2023-11-07 14:25:50
https://github.com/pytorch/pytorch/commit/74c24d23675d72461fcc7797b731d84c5d978134,2023-11-06 23:06:54
https://github.com/pytorch/pytorch/commit/5248bc9c8ea3f40963417e6549bc550326256b29,2023-11-06 13:30:08
https://github.com/pytorch/pytorch/commit/247b5bdbb5ec7a1e0d4ec907891fd5fe924c22b0,2023-11-04 14:08:42
https://github.com/pytorch/pytorch/commit/543a618ae83e955ee22abf742e1899e8a659c9c2,2023-11-02 13:33:15
https://github.com/pytorch/pytorch/commit/59869903b3a54acb3ac3a93470fc595d1de3fa7a,2023-11-02 00:40:51
https://github.com/pytorch/pytorch/commit/0347b36b523a8c79b2ba65252236b6f9f23c67ba,2023-10-31 22:19:09
https://github.com/pytorch/pytorch/commit/4daf8afe8ebdbb4eec4f1e6c214c9f08f8404ba3,2023-10-31 19:02:33
https://github.com/pytorch/pytorch/commit/67638d4dadc120ed48a3f7d70cce05ca0483a0fc,2023-10-30 17:10:54
https://github.com/pytorch/pytorch/commit/e5c8ac85448edba98654c898cf42ba43ce5e77cb,2023-10-30 15:16:05
https://github.com/pytorch/pytorch/commit/37253c0cd5dc57a318d2024db896988700f2d747,2023-10-20 00:46:24
https://github.com/pytorch/pytorch/commit/50b80185d62dfe19de58a7d31a534d42b1e5b68b,2023-10-16 10:29:07
https://github.com/pytorch/pytorch/commit/898482f1bfd93f94d0be32d9201cbb6a093ec272,2023-10-12 23:52:26
https://github.com/pytorch/pytorch/commit/733368a82242f17e754be3f07cbacd782c4e64e9,2023-10-09 17:38:32
https://github.com/pytorch/pytorch/commit/16e3f158b947c2c14a98178670f22c047a40807c,2023-10-02 15:36:04
https://github.com/pytorch/pytorch/commit/40b83d98de1f5ebb72d081b04b253251caeee32a,2023-09-27 18:56:42
https://github.com/pytorch/pytorch/commit/213badf632371dabc955224db9dc91b2ed61a71c,2023-09-27 17:11:44
https://github.com/pytorch/pytorch/commit/abd9b763caf4e56e7d5cd40894ac40f05c893682,2023-09-21 23:10:22
https://github.com/pytorch/pytorch/commit/0ec9f59f70fc98ed8d71af3c89badc88f083872a,2023-09-18 20:40:42
https://github.com/pytorch/pytorch/commit/6f4b9cc9abcceed95d4f9d2b6992c8d0eb9d6188,2023-09-18 18:37:28
https://github.com/pytorch/pytorch/commit/afad0d074b5504c87aa1dc9ae352686a8dd3a8eb,2023-09-15 16:46:08
https://github.com/pytorch/pytorch/commit/ce4283933fcd119a1bdd275b765f5105c1b8337c,2023-09-13 20:37:39
https://github.com/pytorch/pytorch/commit/2d26364fb31aa21848f114d13bba081ca24cc7f5,2023-09-13 18:15:41
https://github.com/pytorch/pytorch/commit/f6d8ecf9b38e970db4d72291c3f5ecdd67c43bb6,2023-09-13 13:12:33
https://github.com/pytorch/pytorch/commit/20812d69e5ab45ac2a491f22581e69e467f72467,2023-09-06 13:58:21
https://github.com/pytorch/pytorch/commit/eab57145ab6dfcdda14d932f143faf59cb4ca683,2023-09-05 18:08:46
https://github.com/pytorch/pytorch/commit/4a472d9e952f3a8b19d564bdf56d9e4fbc39486b,2023-09-05 14:28:17
https://github.com/pytorch/pytorch/commit/aff7fdcb4cdd379d7dfaf9781d59f3f2f52c0fb3,2023-09-03 12:42:27
https://github.com/pytorch/pytorch/commit/1b3dc05c3e703841e64e0277d473a0baf3296671,2023-09-03 00:32:22
https://github.com/pytorch/pytorch/commit/7fb131043c8deb59768dcd4a7ce2d9c51d4782ac,2023-08-30 18:33:04
https://github.com/pytorch/pytorch/commit/cd20a89ccc3a588f900acaeb8f9b3e42846a6479,2023-08-28 18:03:34
https://github.com/pytorch/pytorch/commit/c8f7f2659b8361077932d1b2d789e0b0453e6853,2023-08-28 12:21:47
https://github.com/pytorch/pytorch/commit/a41d15e45887c9da23f853e15d72badb454a3199,2023-08-24 17:30:27
https://github.com/pytorch/pytorch/commit/e21ca06f462258e7e932d671f0a50d1b42146729,2023-08-20 01:26:42
https://github.com/pytorch/pytorch/commit/d8dadb0f25debc98a5798ffd3f8554f061e9bd2d,2023-08-17 18:12:24
https://github.com/pytorch/pytorch/commit/528a2c0aa97d152b8004254040076b8ae605bf9f,2023-08-16 05:48:35
https://github.com/pytorch/pytorch/commit/c9cdcb299a99ef260f854e09283eb4e22ff71a2d,2023-08-11 17:04:33
https://github.com/pytorch/pytorch/commit/787d5259fa3f4404b13d530f672fb4b96a14450b,2023-08-09 17:19:07
https://github.com/pytorch/pytorch/commit/a6f7dd4707ac116c0f5fb5f44f42429f38d23ab4,2023-08-03 00:14:52
https://github.com/pytorch/pytorch/commit/63b7be5a6f203338877a308ca10ed485290174a8,2023-08-02 12:28:36
https://github.com/pytorch/pytorch/commit/f160a972aa7ef2db508dbd233246f6dc61643d88,2023-07-28 23:40:40
https://github.com/pytorch/pytorch/commit/f725e6374def2cdb245b09c46944cef5512116d1,2023-07-26 15:17:41
https://github.com/pytorch/pytorch/commit/71d18f61059dbb617a8afc79b64598d2fbb89d63,2023-07-25 09:03:06
https://github.com/pytorch/pytorch/commit/b2b1f2194b2fe47fdf50678bc9ac888b3d62f523,2023-07-25 04:01:40
https://github.com/pytorch/pytorch/commit/801fb93b0c84d7cfc3d71fe21a9a87872fd92aeb,2023-07-19 15:56:16
https://github.com/pytorch/pytorch/commit/70b5264ec5912618a28e831f14571a01df7a63a9,2023-07-19 15:37:50
https://github.com/pytorch/pytorch/commit/d2fa3f608b5e4f582a8aaf752f10efe4ca72a7d0,2023-07-19 00:15:48
https://github.com/pytorch/pytorch/commit/398606e1c4af00429fdfdceb0ed35b2fb98647e8,2023-07-12 17:26:30
https://github.com/pytorch/pytorch/commit/ed5ea15714361db57aff7f8b6dbf6f9d6cb3e95c,2023-07-11 00:01:02
https://github.com/pytorch/pytorch/commit/d184c811661eace999370fa4d833d7f91faae051,2023-07-10 21:29:20
https://github.com/pytorch/pytorch/commit/51e246affcf3a48064a2cd6cc01a51bb5fd5658f,2023-07-09 17:53:16
https://github.com/pytorch/pytorch/commit/456ecefd525c3b6fa7d0854a57a3a659edc04fd1,2023-07-06 18:13:29
https://github.com/pytorch/pytorch/commit/b3e60ee05250a0b3289f4611d916e8ac4b0a0a78,2023-06-30 22:23:44
https://github.com/pytorch/pytorch/commit/fd40abb70623f1f01427b80a4195e6dbbc40875f,2023-06-23 12:17:12
https://github.com/pytorch/pytorch/commit/4aee0fef117df1975200984a0e6c36eb8a078bf2,2023-06-22 14:09:19
https://github.com/pytorch/pytorch/commit/750cbb299b4c0d04d5b785bdb4e28fd0aedefc2c,2023-06-16 16:12:51
https://github.com/pytorch/pytorch/commit/0ca3c6f7d7f4d4dd8cb51281036241ff8417bc83,2023-06-14 12:54:29
https://github.com/pytorch/pytorch/commit/37359c36fdb413df3b02996eb0ea2433c147db34,2023-06-12 02:33:26
https://github.com/pytorch/pytorch/commit/3a0f37735c6935a46c3401195527e7197af8c905,2023-06-09 18:45:16
https://github.com/pytorch/pytorch/commit/f3553c508c4a5187ba6cbc23a81ede8edcdef848,2023-06-08 22:12:34
https://github.com/pytorch/pytorch/commit/872fdb329b75c832c2cd1314b3613e28289d8fac,2023-06-06 00:28:16
https://github.com/pytorch/pytorch/commit/cca7b3856451a48377b6e94efefc03ae79e4eb5d,2023-06-05 16:01:16
https://github.com/pytorch/pytorch/commit/e66c498d2df74c17c137d4bd3bb210c3976e28f4,2023-06-04 14:31:12
https://github.com/pytorch/pytorch/commit/8215468870daae5a1da7ac02f98f4e2ddf2d7623,2023-06-03 02:40:26
https://github.com/pytorch/pytorch/commit/a6a030a8eb708d0ced13fd2419636e1b24a8e668,2023-06-02 16:07:53
https://github.com/pytorch/pytorch/commit/67792e175ccb8c58ca175e6d41b26c52ac06c3e8,2023-06-01 17:02:27
https://github.com/pytorch/pytorch/commit/5fa273c870516bbbfab620b7a5ac5048e36d6a4b,2023-05-30 13:09:52
https://github.com/pytorch/pytorch/commit/2cc6ae1926d7a678d711b5a21f9ed0e5d5bbaafa,2023-05-29 22:51:10
https://github.com/pytorch/pytorch/commit/bcaa93e80c03744e0c4235d6a0a88e6743f002cf,2023-05-26 16:59:42
https://github.com/pytorch/pytorch/commit/124d812f38e5625bedc828a6b462a6295aeecdc9,2023-05-17 19:57:36
https://github.com/pytorch/pytorch/commit/effe1425dd698dda2497e9ce25f5c1655b33ecc4,2023-05-15 11:32:10
https://github.com/pytorch/pytorch/commit/f0f700e8d257b1f08157aa86d9bfe0ffbeb32ec8,2023-05-12 13:41:30
https://github.com/pytorch/pytorch/commit/116e04be2907c961c386b050872841732d0d2bb7,2023-05-08 14:57:14
https://github.com/pytorch/pytorch/commit/d5169e7141706f6ed6c1847d4447a6efaacd7fbe,2023-05-02 01:14:31
https://github.com/pytorch/pytorch/commit/baf092b82d791a908767e6d93b9e6f99e4b2867f,2023-04-24 17:57:28
https://github.com/pytorch/pytorch/commit/bbfd577b7cdb703a4cfd3886269b4f056012fd7b,2023-04-20 18:30:31
https://github.com/pytorch/pytorch/commit/7cb581d42f3cf952f2f3eb32b175167c88c72aac,2023-04-14 20:22:00
https://github.com/pytorch/pytorch/commit/20019f7c56d90ca88eaaf272b1577af0a615068a,2023-04-14 19:18:29
https://github.com/pytorch/pytorch/commit/ee1f28cd15bbb6df234282c98e0c12dc8c77e4ba,2023-04-13 22:06:51
https://github.com/pytorch/pytorch/commit/60ebb2f1163bc8e7df31514733063381c8959997,2023-04-11 23:27:53
https://github.com/pytorch/pytorch/commit/abafb1e6dc2c0dfd8897679076f9b0f632a989f1,2023-04-11 14:54:30
https://github.com/pytorch/pytorch/commit/c00fd71a95e0c52a14921e8d906d21d60dc9667c,2023-04-10 21:45:43
https://github.com/pytorch/pytorch/commit/3ed66f94b5fb1d30687f225aaf45314daafa9601,2023-04-05 15:35:07
https://github.com/pytorch/pytorch/commit/a5b6f10c5d56dafba2aa9fd9e1949c2e88665df4,2023-03-30 21:00:25
https://github.com/pytorch/pytorch/commit/c905251f9f0d23403facfb8b6485edf91df8507b,2023-03-30 16:20:12
https://github.com/pytorch/pytorch/commit/5e6e98483508f60dd654fc86f55a09d6f3c7333f,2023-03-27 23:24:41
https://github.com/pytorch/pytorch/commit/2ea097071a38f3f0bfdc1743fbaf4af418208fc8,2023-03-27 14:36:47
https://github.com/pytorch/pytorch/commit/be49d3b1702c629057560893db20f2a6b6901656,2023-03-22 09:42:13
https://github.com/pytorch/pytorch/commit/4733de18fd17db4abf1358fbb199bb7c940642a5,2023-03-21 22:38:34
https://github.com/pytorch/pytorch/commit/dbb31672b2381f2e9b782466c64b454f09f07349,2023-03-21 13:36:14
https://github.com/pytorch/pytorch/commit/ea6113ea20e706891dd3ae93481dfd5545a00a4c,2023-03-20 19:24:49
https://github.com/pytorch/pytorch/commit/1c40ce4f19d562e6c1c427b50113883dfa6d93db,2023-03-20 14:19:03
https://github.com/pytorch/pytorch/commit/aeb3db8aa06d081735ae9c49fe6be8308e82d793,2023-03-16 12:35:33
https://github.com/pytorch/pytorch/commit/577d930c39e3db6eb7bab2c24be07b1e90d94244,2023-03-16 02:28:18
https://github.com/pytorch/pytorch/commit/707d8925646d2f42dedcde6be2f8662ba98d04b2,2023-03-14 19:06:59
https://github.com/pytorch/pytorch/commit/8bce88d9de5ee54e6d6136dddc13a7377c426814,2023-03-10 01:42:51
https://github.com/pytorch/pytorch/commit/065de4301200117c65607b213322cbde800b50f8,2023-03-09 22:21:06
https://github.com/pytorch/pytorch/commit/184fb9f11d4633dc1428d570302dd9beec385cd0,2023-03-01 19:25:28
https://github.com/pytorch/pytorch/commit/e50ff3fcdb3890ce3bbab99e60b1c27ff49be2af,2023-02-28 22:02:47
https://github.com/pytorch/pytorch/commit/c44a7330189fbbad944d08437433cd5248214052,2023-02-27 14:11:49
https://github.com/pytorch/pytorch/commit/407b0f321480d6ac41e26dc330853d68c18f028a,2023-02-25 14:42:06
https://github.com/pytorch/pytorch/commit/cba8b12fa7ea6093a8be7605e1da6b9b8e78f31b,2023-02-23 15:23:45
https://github.com/pytorch/pytorch/commit/d4882a9445ea90cbd38e24ed204d00d1b02fd5e0,2023-02-23 13:28:54
https://github.com/pytorch/pytorch/commit/8de4238a31b87707594dfe345a30bf561f673c27,2023-02-22 00:11:18
https://github.com/pytorch/pytorch/commit/c137d3d688d2fae9cef235cfa26d9c556a77ee0f,2023-02-17 10:51:34
https://github.com/pytorch/pytorch/commit/30d0112bf34971d8fcd447ce3b2c4b1630d1e7d6,2023-02-16 19:20:00
https://github.com/pytorch/pytorch/commit/a863d5e37c65f325bb6ec08a1cf9467ae2a4ce96,2023-02-15 23:20:10
https://github.com/pytorch/pytorch/commit/8da776e3a716091aaa1bfab774badd1d1ea15f3c,2023-02-15 07:16:20
https://github.com/pytorch/pytorch/commit/59e875667611054a5dfd76854140cd70de45051e,2023-02-10 02:36:06
https://github.com/pytorch/pytorch/commit/3693039bb70828828b90b82191c16aa01547482f,2023-02-04 15:07:15
https://github.com/pytorch/pytorch/commit/68b06ee4d46b727c5378864f6a3db2a8a4256e8c,2023-02-01 22:31:55
https://github.com/pytorch/pytorch/commit/2a31c3589bb62ebaac3b3ec30c455668743f1893,2023-01-31 14:31:50
https://github.com/pytorch/pytorch/commit/44a948c82000dd7cf4cf23ff3aa0da92ff6812ef,2023-01-31 14:14:48
https://github.com/pytorch/pytorch/commit/441b09d1b7da45bf48546986ba88e2b082b8ad28,2023-01-30 22:02:30
https://github.com/pytorch/pytorch/commit/c499e760f5f2ae79b364a6b13805364d2a49e425,2023-01-30 18:36:41
https://github.com/pytorch/pytorch/commit/5105a8d3fccc80ee1e22fc8f1257e0a5f3d844f1,2023-01-27 03:58:03
https://github.com/pytorch/pytorch/commit/f3338857042b8e7b5da4e527c960a3fc1b529ba7,2023-01-23 16:00:49
https://github.com/pytorch/pytorch/commit/020c0d589529bbb96714f582d551b90f37c4ea35,2023-01-21 10:07:28
https://github.com/pytorch/pytorch/commit/764f79f6804a57a75d9d4da97824b4f57b638ef5,2023-01-17 19:58:00
https://github.com/pytorch/pytorch/commit/77b8aa6e439fc5c3cf1eeeaff3f705c54c150a2e,2023-01-17 11:53:36
https://github.com/pytorch/pytorch/commit/fb4fc0dabea6ed2b1ca224628e18d0e752ba81d3,2022-12-28 22:44:42
https://github.com/pytorch/pytorch/commit/878719a2db1088c6c4a1e9562ff59422019efa5b,2022-12-27 23:23:32
https://github.com/pytorch/pytorch/commit/0476201482dfdbbb4afbfcc7dae65fafbb2b9c19,2022-12-21 00:06:42
https://github.com/pytorch/pytorch/commit/c248f2f3793b7dfd1cffb6c4679c16a3baeeb805,2022-12-20 18:23:00
https://github.com/pytorch/pytorch/commit/07c340bb2aecb2a4ff2bc3e2f057f1f11cb9139c,2022-12-20 10:00:55
https://github.com/pytorch/pytorch/commit/d19791e4cd09688bc03aa8af5662765d787abbe2,2022-12-14 19:15:07
https://github.com/pytorch/pytorch/commit/0b3316ad2c6ff61416597ef29e8865876dcb12f5,2022-12-12 09:20:40
https://github.com/pytorch/pytorch/commit/b95ea4f1494dacf86b5789f5466025b1fac1f2bb,2022-12-11 23:39:37
https://github.com/pytorch/pytorch/commit/184f6b57878e16e0ac14abc5f98b9f0a8845fd7e,2022-12-10 20:00:05
https://github.com/pytorch/pytorch/commit/850b53bbee82fb194af85b566aedee94b96def32,2022-12-01 01:34:13
https://github.com/pytorch/pytorch/commit/24b3b73c98110e59687b524ca208795c3f3e8ff2,2022-11-29 20:01:49
https://github.com/pytorch/pytorch/commit/8226a5d3839b7f34a643bb60a28e00299c3e895d,2022-11-29 02:49:07
https://github.com/pytorch/pytorch/commit/5abe454d6c02ac16e2e1fc87500aa46697385501,2022-11-28 16:36:01
https://github.com/pytorch/pytorch/commit/7594e043b85b6e2c0cf4b2f257ac9606313cec90,2022-11-23 01:50:08
https://github.com/pytorch/pytorch/commit/fa4980cd5e7581b5195ed4d02d63bf73497549d0,2022-11-21 17:56:13
https://github.com/pytorch/pytorch/commit/35d5fc52f01f0314ab1bf1555ea27d6fedbb7d98,2022-11-18 17:24:24
https://github.com/pytorch/pytorch/commit/af448e84eb2978062dc6ca4d3d538ed46b58f3d6,2022-11-17 14:20:49
https://github.com/pytorch/pytorch/commit/0e67b2f7dd13db1fea421d860ede65a653738dfe,2022-11-07 17:24:44
https://github.com/pytorch/pytorch/commit/5fb9c113aee76dd0465a6ee7067eeb018929b922,2022-11-02 22:53:26
https://github.com/pytorch/pytorch/commit/b18d0f1dc9757be4ca58059ece28ac4e60bf6f0c,2022-11-02 13:39:07
https://github.com/pytorch/pytorch/commit/46ce92713dff83182f36b9f4d2a112f9e568825f,2022-10-31 00:40:54
https://github.com/pytorch/pytorch/commit/166b5d3e7c5c230c455dcbcc05c84dd6bc03721b,2022-10-28 02:11:42
https://github.com/pytorch/pytorch/commit/9c793b366faf49c78effb0c78d26c48f7664bc92,2022-10-27 23:42:20
https://github.com/pytorch/pytorch/commit/ce7fcab9bdf61a34bc56b7cd45a882e4ad6ba175,2022-10-27 20:52:00
https://github.com/pytorch/pytorch/commit/5edbc926834327d471da505aca902180d30ff991,2022-10-26 18:10:10
https://github.com/pytorch/pytorch/commit/65601f5ef3b86231ce886f534fbc8c1c4de9f11d,2022-10-25 11:43:55
https://github.com/pytorch/pytorch/commit/1655b47a384d5e6ba31420b5daee1c029a821387,2022-10-24 18:44:44
https://github.com/pytorch/pytorch/commit/4f2d869095034301b903cd2ef807b416547c0d9c,2022-10-24 15:38:07
https://github.com/pytorch/pytorch/commit/48f02312232d71f8e5cabfcc85b70f8330953057,2022-10-18 14:53:03
https://github.com/pytorch/pytorch/commit/1a7409c77199403153f1260e2281bae2f76745f6,2022-10-14 17:06:25
https://github.com/pytorch/pytorch/commit/6c604c9262307ffcaf1d7dd68bfa5f6b44513d06,2022-10-07 01:13:37
https://github.com/pytorch/pytorch/commit/adfd8f382331adbf9cbfa14039ef3b61f2f4e10c,2022-10-06 19:10:21
https://github.com/pytorch/pytorch/commit/795906f207bb95245d47501645876b5d165aee3e,2022-10-06 14:53:59
https://github.com/pytorch/pytorch/commit/0e5a27fb8d7df8541251f1ebfc4373c1358c1bab,2022-10-05 18:24:17
https://github.com/pytorch/pytorch/commit/2f703c5956f3c861c80d5ac736ff2aeba6dfb476,2022-10-01 09:57:59
https://github.com/pytorch/pytorch/commit/e09a84a184e1687f4ddc7f3fc875eaaf5b9ec74f,2022-09-30 19:50:20
https://github.com/pytorch/pytorch/commit/95681929e4c379c504d8a7761f8104118a5a16db,2022-09-29 23:19:09
https://github.com/pytorch/pytorch/commit/a9183c0f9ecc9be47fcb7abf1b23204d26821aa8,2022-09-29 15:16:17
https://github.com/pytorch/pytorch/commit/7628603aeeeb8ed160c2479f75175bb3ea028a42,2022-09-28 23:58:34
https://github.com/pytorch/pytorch/commit/9c127986bfa5bf8759eb88eb2c77f2de7ad001ba,2022-09-21 17:34:56
https://github.com/pytorch/pytorch/commit/5c0c8f2ce344f74849afaed88df93292cb30ce0b,2022-09-09 15:32:40
https://github.com/pytorch/pytorch/commit/e6ee8e613dfe764f61b2b29ad0a4a2c36f143eaa,2022-09-08 22:12:52
https://github.com/pytorch/pytorch/commit/0909639c9045e9f9435165778319fdb59728baa6,2022-09-01 07:53:35
https://github.com/pytorch/pytorch/commit/ece0002c4beaebaf083dc75b7bf8ceb19edf7a0b,2022-08-31 20:34:37
https://github.com/pytorch/pytorch/commit/79e3a39f95e91af03823a8579da06c35bb519faf,2022-08-31 00:34:01
https://github.com/pytorch/pytorch/commit/15b560a5c4d638c82e738f3496e2faf95fc328a5,2022-08-25 23:11:46
https://github.com/pytorch/pytorch/commit/d79ccb7b4589ab65727b16cde19918dfdd11d32c,2022-08-24 14:17:27
https://github.com/pytorch/pytorch/commit/0831813e26ebcd406b261ffb9629f933c627d4d3,2022-08-24 13:49:55
https://github.com/pytorch/pytorch/commit/4902254b9b595adf1a0346d6f79a6c7b145dbcaa,2022-08-21 22:16:11
https://github.com/pytorch/pytorch/commit/1a38724ed3e189152f11ef576d0ff15a31a39eaa,2022-08-17 12:22:05
https://github.com/pytorch/pytorch/commit/abb2204f6a9c5af4e14e11cc69de8bcb5cceaea0,2022-08-11 11:27:45
https://github.com/pytorch/pytorch/commit/9213751970e4bb4eecd0b5dc6317740f017460a0,2022-08-10 19:56:15
https://github.com/pytorch/pytorch/commit/35b4ac4eebe80090fce05c2ce40dc0ea52004c9b,2022-08-08 17:40:17
https://github.com/pytorch/pytorch/commit/39ffad392c49aafcfeba05e2704bb1b666247471,2022-08-03 11:29:08
https://github.com/pytorch/pytorch/commit/6e56629efa281db262c79f8e2f0467ca4f2c190c,2022-07-28 20:50:18
https://github.com/pytorch/pytorch/commit/ee7c98ade35cf1a655dfc797b3739e17fa8d5398,2022-07-28 17:02:08
https://github.com/pytorch/pytorch/commit/46eeb78c5694fe5d2ba3cb13268abcfc3d53997d,2022-07-28 16:39:42
https://github.com/pytorch/pytorch/commit/df4226b48a52180dc5f080c4078c7f7546090c81,2022-07-22 17:43:40
https://github.com/pytorch/pytorch/commit/ff9558a2ea626b1526ded6848e06e1e809fae53c,2022-07-21 16:41:33
https://github.com/pytorch/pytorch/commit/f21e573c99e10fdccc7abdb403f04357e121d7ed,2022-07-21 16:41:23
https://github.com/pytorch/pytorch/commit/8bd71e0a0c689ad3da93d4ac9081e6df7d39fff3,2022-07-21 16:41:03
https://github.com/pytorch/pytorch/commit/227d0c9c2ba2e03d305fa3a6930384cceaf53dd6,2022-07-21 16:41:00
https://github.com/pytorch/pytorch/commit/03550ccd619ed798fe049460d58abb98368b64ea,2022-07-21 16:40:51
https://github.com/pytorch/pytorch/commit/fca695edbe3000d291d13b0e9015fba4c181630d,2022-07-20 12:18:37
https://github.com/pytorch/pytorch/commit/72de816f5c6c74a866359ed394893ab88073e1a0,2022-07-18 21:00:36
https://github.com/pytorch/pytorch/commit/1810c876df592ebaf4adc6ee109cc45d37974ec6,2022-07-12 19:58:57
https://github.com/pytorch/pytorch/commit/3c4c7d3e6b9c254f251b6643c2cbf077a0618b7f,2022-07-12 15:02:15
https://github.com/pytorch/pytorch/commit/6ee54a878081f4ebde074dfc028ae181be70f290,2022-07-07 00:03:16
https://github.com/pytorch/pytorch/commit/e89b1991c47740553e3a5256412d157a7d7f6dad,2022-07-06 18:35:12
https://github.com/pytorch/pytorch/commit/be14dca4811e6c258512d75e3140dab4f270fdf8,2022-07-06 16:40:11
https://github.com/pytorch/pytorch/commit/45f77189c178597f683157106e8de24befd5f450,2022-07-05 22:02:22
https://github.com/pytorch/pytorch/commit/dc7d3fd4bb3b2a8ef1efaa050eb27565255e355c,2022-06-29 16:27:59
https://github.com/pytorch/pytorch/commit/4a245d4a78004a2b364d859f19417d83496890d0,2022-06-28 11:52:49
https://github.com/pytorch/pytorch/commit/7549f901a51e8c02d12a5f88c9c2a51a9433b053,2022-06-27 20:38:11
https://github.com/pytorch/pytorch/commit/848af372091bf4369e8fb02b8d0cef7dc8f363da,2022-06-23 14:45:24
https://github.com/pytorch/pytorch/commit/e7ed01720a5911d89d6b0020d98720bcf538e390,2022-06-21 17:07:58
https://github.com/pytorch/pytorch/commit/88e2229a204fb54e48171b7e7f217cda7ebadac9,2022-06-13 17:18:54
https://github.com/pytorch/pytorch/commit/a7dde90173bbba2982a4ac838e2222f252349385,2022-06-13 11:21:39
https://github.com/pytorch/pytorch/commit/cec251fc4bfa76ad77ad748559d52055cc579f27,2022-06-10 11:38:09
https://github.com/pytorch/pytorch/commit/7541b07f62c1af7763fa6ce49441bea63a1e5e26,2022-06-08 20:06:32
https://github.com/pytorch/pytorch/commit/5158a6b41a7a2779786042c973cda6a31f24aa01,2022-06-08 12:16:58
https://github.com/pytorch/pytorch/commit/a886bd387c407c11b1d040176fa142a6c4c7bec1,2022-06-06 13:51:18
https://github.com/pytorch/pytorch/commit/ee86af17fb5bcc731c18b0d5d06b02ff40ae8eaa,2022-05-27 09:58:54
https://github.com/pytorch/pytorch/commit/c1cbe3bad3a2a42118fca5e8a4061ab3bfb1326a,2022-05-25 21:36:37
https://github.com/pytorch/pytorch/commit/de646c06d457277f24d790eb41545e72f2d76f66,2022-05-19 17:36:32
https://github.com/pytorch/pytorch/commit/93d84c0fcfe97324b4cca4a39176876a1c05e204,2022-05-16 14:02:48
https://github.com/pytorch/pytorch/commit/46e16737d4622437bc5caebd382b1fd0a778141e,2022-05-16 13:57:35
https://github.com/pytorch/pytorch/commit/da3b8309cbeed2f4346a3b2015c4c2e1fcdc6321,2022-05-10 09:15:14
https://github.com/pytorch/pytorch/commit/4baf7c0899a2fa9c3630613f37d5fc65971db21c,2022-05-04 19:21:49
https://github.com/pytorch/pytorch/commit/385e5ba561ff3f0fd834c935cf01d0d5f01383d5,2022-05-03 01:58:46
https://github.com/pytorch/pytorch/commit/b7bd677eaeec12af4d1345e3562f4f42f5ea6782,2022-04-27 20:38:07
https://github.com/pytorch/pytorch/commit/b5b8139d46c051678f789f89fe87b795c4bee1f9,2022-04-27 20:38:07
https://github.com/pytorch/pytorch/commit/6c78dc46617a62b3fefe6951d78cbe55234716eb,2022-04-27 20:29:53
https://github.com/pytorch/pytorch/commit/f31d518283d1b3e4dceb248d16396e950d2bac52,2022-04-20 15:24:18
https://github.com/pytorch/pytorch/commit/116d0bec5d3f4dc1a070085473627ac96b77c1a2,2022-04-20 10:45:34
https://github.com/pytorch/pytorch/commit/911b2f2beb440369db7f8edf96aac36994529652,2022-04-19 18:29:57
https://github.com/pytorch/pytorch/commit/051802e4f4fc6c03b653dd4552998354730fdef2,2022-04-15 21:37:58
https://github.com/pytorch/pytorch/commit/cf735d899a7a7effb520587e2a13638c278bef95,2022-04-14 23:20:45
https://github.com/pytorch/pytorch/commit/8d3e3ebc583eb3a4ca230fa41f06d8ef5d453d63,2022-04-11 20:54:18
https://github.com/pytorch/pytorch/commit/e0f9c69fcf9384a7d7e64ebacb219c11fc7ea928,2022-04-07 12:03:04
https://github.com/pytorch/pytorch/commit/78ba87ec4ba95c0b693f2c976d43bda358c7edc6,2022-04-06 03:57:38
https://github.com/pytorch/pytorch/commit/6707d67131b66f09d02d8cb3a5f092acd0607b16,2022-03-28 12:36:55
https://github.com/pytorch/pytorch/commit/37c5f11c16c2ef441c3577bddf1877ee68b82571,2022-03-22 10:32:52
https://github.com/pytorch/pytorch/commit/1f04a00ccf917e6837a479a2730af56920343374,2022-03-11 18:57:17
https://github.com/pytorch/pytorch/commit/00b01ec056b778c77432e2d7f9250882c10bfda9,2022-03-10 18:55:27
https://github.com/pytorch/pytorch/commit/122f8648ab8f872bd8ed970728c5ac894dce5300,2022-03-10 13:29:35
https://github.com/pytorch/pytorch/commit/e7051939fb56137ef171ca1a3b1a108fc4600f26,2022-03-01 22:33:02
https://github.com/pytorch/pytorch/commit/20a037d80f51a74aabbcd305f2f3e3b55d41dd85,2022-02-28 14:34:20
https://github.com/pytorch/pytorch/commit/1ef244e00348ec933b26642818eb61aa312c3928,2022-02-22 21:31:42
https://github.com/pytorch/pytorch/commit/24c91e23d3bbb5cd6baa395ee45d88697255dd7f,2022-02-20 12:28:35
https://github.com/pytorch/pytorch/commit/46f9e16afecbab0a57f6d3a0bb489787cd8cf979,2022-02-18 21:34:59
https://github.com/pytorch/pytorch/commit/d79aec91f759acb00d9af4bf92f57ec752dd65b7,2022-02-16 11:58:43
https://github.com/pytorch/pytorch/commit/00769060bc610dd40a92faef3b1994c2716ce2fe,2022-02-14 21:17:57
https://github.com/pytorch/pytorch/commit/f5d078088bca8e2df823d6219a22d774f6cd4c75,2022-02-14 21:17:57
https://github.com/pytorch/pytorch/commit/2e82c1e5978936e783da5e87e68bb0235d5fa017,2022-02-04 21:32:45
https://github.com/pytorch/pytorch/commit/4bf1be898d2fda3e4b76e66e7f4adee3cddbb03d,2022-01-14 23:27:09
https://github.com/pytorch/pytorch/commit/5749be4678a3b240b5b5d22a228a43141e2cd32c,2022-01-12 16:57:19
https://github.com/pytorch/pytorch/commit/479ce1c3a0dad2c3d182fc0b3f26e647b99c1253,2022-01-12 15:18:33
https://github.com/pytorch/pytorch/commit/569aeec1bcd63d835d0ce4cf07b1a113c8f4401d,2022-01-10 15:59:42
https://github.com/pytorch/pytorch/commit/785b6905de121179dda5ae2f4356b6a705693c57,2022-01-08 13:07:06
https://github.com/pytorch/pytorch/commit/dfb807d65ecf5aa4bf932b27fdf75b12c119a510,2022-01-06 16:23:43
https://github.com/pytorch/pytorch/commit/29ff596dcaba69fcb9dcf55b6e015e09f7129e3a,2022-01-04 20:06:46
https://github.com/pytorch/pytorch/commit/7c7eb351c306e1db683dc4318288fd8479f6ef36,2022-01-04 11:37:12
https://github.com/pytorch/pytorch/commit/cce9c9aa453d3397438f84d5673aab21d8490543,2021-12-21 09:25:34
https://github.com/pytorch/pytorch/commit/f291708058ed50abd794d8c1a19f8c1932f009c9,2021-12-21 09:25:31
https://github.com/pytorch/pytorch/commit/9ee3006d583e9853da79f7bd12431c67a863519a,2021-12-17 20:35:48
https://github.com/pytorch/pytorch/commit/603a1de871ddaae39ba746ac652da23a9f568d40,2021-12-13 22:22:55
https://github.com/pytorch/pytorch/commit/0420de3539f02e6cd3220467d7b0b892eec75abe,2021-12-12 19:32:00
https://github.com/pytorch/pytorch/commit/e06af7913692641dbcad1cf4d7931f32b8b4c2a7,2021-12-07 22:04:51
https://github.com/pytorch/pytorch/commit/db30696be8a1175b65bb38589277ce68a00659cb,2021-12-02 16:31:19
https://github.com/pytorch/pytorch/commit/21686923e82508033ce3f28087c1e7b466a3ed99,2021-12-02 13:36:23
https://github.com/pytorch/pytorch/commit/49abda208be70071774bd53dc97bf785e526a41f,2021-11-30 15:32:11
https://github.com/pytorch/pytorch/commit/2ad4727ad92aa9eabae9c63c4a2f3e1dd4a9ddc3,2021-11-29 19:10:21
https://github.com/pytorch/pytorch/commit/a03fe9ba61c77db37af91ebc15a7751bc8f8d5d2,2021-11-29 19:10:18
https://github.com/pytorch/pytorch/commit/62847a2b9c98ce7c9a9007b173e76a12a0ebd2e6,2021-11-29 18:05:38
https://github.com/pytorch/pytorch/commit/0b0674121aeb7d8bbcccd0461d939b64879a1273,2021-11-22 19:43:09
https://github.com/pytorch/pytorch/commit/30cda0b28cb5a097e3f329383fbbe81643964d09,2021-11-15 14:58:21
https://github.com/pytorch/pytorch/commit/96d116fec234e965bc735bf6b62e17942cd268d4,2021-11-12 11:39:41
https://github.com/pytorch/pytorch/commit/be4150139ac1a7a09134fb705d32958ef6604233,2021-11-09 17:32:17
https://github.com/pytorch/pytorch/commit/0dc99dcf59ce70145bec903ecabb5243ac2e4e2b,2021-11-08 11:56:38
https://github.com/pytorch/pytorch/commit/6cc6a5fd9dfe10864c62e48546a0e20ccf4422b1,2021-11-03 15:55:52
https://github.com/pytorch/pytorch/commit/3e218dbd2763377e0aef2b2dea203fa0dd4d1329,2021-11-02 14:12:04
https://github.com/pytorch/pytorch/commit/a95c94f075d845f15813653a4a71c2bf8d8b5e1c,2021-10-30 18:13:45
https://github.com/pytorch/pytorch/commit/d8bde98f36afd1c759a1532462e700dc3a0eb28b,2021-10-28 21:43:59
https://github.com/pytorch/pytorch/commit/0e8bd0c8d618ce8d6e128fc676b754af65d0662f,2021-10-26 20:13:44
https://github.com/pytorch/pytorch/commit/b696d64ef47dd55c8239a4cab0f39cae86bf1180,2021-10-21 19:17:28
https://github.com/pytorch/pytorch/commit/53cf7e844f6d8c2461586c89e891b92544c5da6d,2021-10-21 14:08:04
https://github.com/pytorch/pytorch/commit/db4165892befd1b9d4e5483c88ffe71da4d812d5,2021-10-20 21:14:51
https://github.com/pytorch/pytorch/commit/77f98ea5e09d1bf41ae72457fbdd3e93fa9e8533,2021-10-14 11:28:20
https://github.com/pytorch/pytorch/commit/acb0157a3d9ac72c3424a184bf1e78c76e7cffaa,2021-10-11 14:11:59
https://github.com/pytorch/pytorch/commit/a7cc07f1098a4d4db0dd46992df7be60e8f71b20,2021-10-08 11:32:22
https://github.com/pytorch/pytorch/commit/480a1a88d6a4db1b16c5af7bdcd5c1f1a0b9ea7d,2021-10-06 17:36:07
https://github.com/pytorch/pytorch/commit/f14e5e636dec70c38bde068cc291d97db5fda51b,2021-10-01 14:29:42
https://github.com/pytorch/pytorch/commit/ea0de37d2e5aa71178580f3bce7559cc6a3b9135,2021-10-01 03:17:21
https://github.com/pytorch/pytorch/commit/c7ef620a14b1cadf0e36d637dba9226b919ac3ff,2021-09-29 22:08:45
https://github.com/pytorch/pytorch/commit/12137db5e3df6d5b12f4fc6392afbe975c4f42c8,2021-09-27 22:22:10
https://github.com/pytorch/pytorch/commit/cd2656a2e5c5caa4f56843a62e8a43721f25e08e,2021-09-27 15:14:23
https://github.com/pytorch/pytorch/commit/cd80bbe5f514bd383613594cb5f92be99fecc453,2021-09-26 00:09:41
https://github.com/pytorch/pytorch/commit/32f0387ee8ac93dd67eb21e5fc48c2453f2661bc,2021-09-22 19:55:14
https://github.com/pytorch/pytorch/commit/ed30afd480c78673036f36420019c76a5d36dc54,2021-09-13 22:00:36
https://github.com/pytorch/pytorch/commit/ff65f637df754d6239b96983d5dbf2f77d3b8e60,2021-09-11 12:25:55
https://github.com/pytorch/pytorch/commit/1b5b210f2cc7f54de11dd17d36ef34549b08b3ef,2021-09-09 20:06:15
https://github.com/pytorch/pytorch/commit/46c886e8a6d3d9f502fa8c0985784436ab7f9543,2021-09-09 13:35:23
https://github.com/pytorch/pytorch/commit/233e3e5bb499b97e0a68ba93b6928c2e96096777,2021-09-09 03:59:44
https://github.com/pytorch/pytorch/commit/b6544ef81511cc527e4945a969d8a680d2d5069f,2021-09-08 21:32:50
https://github.com/pytorch/pytorch/commit/1a033b45dd119c7dc8856b50eb679d174ab97af3,2021-09-07 21:26:31
https://github.com/pytorch/pytorch/commit/778af565048e6160ce59fb5eedd8455e629f7942,2021-09-01 20:37:19
https://github.com/pytorch/pytorch/commit/d96ef8c1b1860185f0bd91699f71a087cf9e9efe,2021-08-23 21:45:41
https://github.com/pytorch/pytorch/commit/e0fe5699c4b7dabd132834b690d6cc2513e0e978,2021-08-20 19:30:34
https://github.com/pytorch/pytorch/commit/0b6cc8daf22f574d57d01156a879a33fa244306f,2021-08-19 21:41:29
https://github.com/pytorch/pytorch/commit/6bb68ba5075a9948e9f52246453e964749226098,2021-08-19 05:14:13
https://github.com/pytorch/pytorch/commit/8bdd5424173cd08ddafd77cb45d38c7540ae72d6,2021-08-18 17:48:05
https://github.com/pytorch/pytorch/commit/2fd14735d677d1c2cf87e4c76aea2111bc30c17b,2021-08-18 01:27:49
https://github.com/pytorch/pytorch/commit/63554cfb3d10e98e611bdd07c7b682b1e5723d32,2021-08-17 13:33:35
https://github.com/pytorch/pytorch/commit/3aecec609f5ad70f1e0b646caf4c637fe65fe37d,2021-08-17 13:32:30
https://github.com/pytorch/pytorch/commit/075024b9a34904ec3ecdab3704c3bcaa329bdfea,2021-08-16 19:52:02
https://github.com/pytorch/pytorch/commit/5cf32c1d090f4dbe41b14135c0c9cc15415c3f31,2021-08-11 17:26:48
https://github.com/pytorch/pytorch/commit/3dc588d577c38c4330cefcd3853882d6fc9d50d7,2021-08-02 11:44:16
https://github.com/pytorch/pytorch/commit/58d45d950bb65eb8582b7bd95177500dc2b1e82f,2021-07-28 21:10:32
https://github.com/pytorch/pytorch/commit/5ebc7c9f97b2f1e656b51b8297349465d3eb355f,2021-07-14 16:17:16
https://github.com/pytorch/pytorch/commit/8e6d8991b21945754b71985f4fce30ce685779b9,2021-07-13 17:57:27
https://github.com/pytorch/pytorch/commit/ac5b9106001f5f197c2cc57183a1fc339ab30d38,2021-07-08 14:16:00
https://github.com/pytorch/pytorch/commit/376dc500a98fd6efd7d9478bae0ae618e464906f,2021-07-07 14:42:51
https://github.com/pytorch/pytorch/commit/19b6ee4d4ed4cf9c8edfc7f9ab8358611b8723fa,2021-07-01 16:39:56
https://github.com/pytorch/pytorch/commit/c4f718cb723987b73157b833e7f515b4369d65b2,2021-06-30 01:21:00
https://github.com/pytorch/pytorch/commit/608f12b81827a204affd9cb6b5468b1639525b45,2021-06-25 12:53:29
https://github.com/pytorch/pytorch/commit/555c154df54d596e4233530289e4763e4c39252b,2021-06-23 17:18:03
https://github.com/pytorch/pytorch/commit/0baad214b07ad35be1f10100168ed761cc7c51c0,2021-06-18 12:56:25
https://github.com/pytorch/pytorch/commit/cbd1e8c3350bb48d590b296b0f7d9eea4ad945c6,2021-06-15 01:54:43
https://github.com/pytorch/pytorch/commit/2f395f3b5466b72638847df37f5b3948ae4c5948,2021-06-09 19:40:11
https://github.com/pytorch/pytorch/commit/2693b0bef3ceda434971f99c1442727823e9a85f,2021-06-09 09:34:06
https://github.com/pytorch/pytorch/commit/f1786b293d4632efbd8c79cf87d2a047bdaeac15,2021-06-09 06:04:36
https://github.com/pytorch/pytorch/commit/a9d28108175e626c14bcb2da0b78d88992fa96e7,2021-06-09 02:52:19
https://github.com/pytorch/pytorch/commit/0b6ec320049ad5b132c15498cf148421812cfbee,2021-06-09 01:47:06
https://github.com/pytorch/pytorch/commit/528d82d6a6e368105e58ecf434ae73bf1e199017,2021-06-08 18:03:58
https://github.com/pytorch/pytorch/commit/88fb5ee84c5f16d7580bac3501646da3fd10ad08,2021-06-04 22:20:31
https://github.com/pytorch/pytorch/commit/285b8a52520ab056e2eeb139066f9c23db3301d2,2021-06-04 16:59:36
https://github.com/pytorch/pytorch/commit/6627c00e63afbe0b4965afa3164228e2d6e58b11,2021-06-03 22:18:04
https://github.com/pytorch/pytorch/commit/258a9910277a406d0f147ac45eb9e71146a81e9e,2021-06-02 08:46:04
https://github.com/pytorch/pytorch/commit/ab372ba51087c5aecdc301cef21946505a15b250,2021-05-28 15:16:29
https://github.com/pytorch/pytorch/commit/26c1f0f72e71c096648a16993484234399da307c,2021-05-25 20:01:51
https://github.com/pytorch/pytorch/commit/796c97a88fedb90f6e1932b68003c6a30d00ae85,2021-05-22 11:34:19
https://github.com/pytorch/pytorch/commit/b842351b4fcce7eb088b58dfbcb86f54119f57f3,2021-05-21 21:08:30
https://github.com/pytorch/pytorch/commit/23df70359a3fb4d1325265fff6c0e6285f3a9fda,2021-05-21 16:15:34
https://github.com/pytorch/pytorch/commit/db67699ae6138148ce500c448342438812bc6a67,2021-05-20 20:51:38
https://github.com/pytorch/pytorch/commit/b9b8522e00370d579fc3ba9febf540af2d70ba4e,2021-05-19 17:14:54
https://github.com/pytorch/pytorch/commit/a91375432a8c1e0a25c933fc2567f9d6dc4759ef,2021-05-19 15:25:27
https://github.com/pytorch/pytorch/commit/c76405d3b1685a4ae0c3fd76d8d69199b340f83a,2021-05-19 00:45:48
https://github.com/pytorch/pytorch/commit/fd3d3ef900877842b64127b17feb508b9c0b908f,2021-05-13 20:51:25
https://github.com/pytorch/pytorch/commit/9e56314d2cecf079a487fb9f6799183736686d48,2021-05-13 16:42:46
https://github.com/pytorch/pytorch/commit/dc55ab3f77918ca424446c92cac8604aad049e15,2021-05-11 11:38:39
https://github.com/pytorch/pytorch/commit/e90fcffb659ca6eab1667751b8d2b0a5e936e3f6,2021-05-11 00:09:40
https://github.com/pytorch/pytorch/commit/ca8090f81bf41db1351e3b3114ff5699500438ae,2021-05-07 00:50:57
https://github.com/pytorch/pytorch/commit/3cc733e45112848cb3660e0b8d0243a6a6f4b498,2021-05-04 00:42:56
https://github.com/pytorch/pytorch/commit/d1def931666172413cec91792ab17833b11a6ee4,2021-04-29 18:23:35
https://github.com/pytorch/pytorch/commit/d0ea3183c1ddedfc26fb0ef6fc5bedfeb916f7b6,2021-04-28 22:16:43
https://github.com/pytorch/pytorch/commit/2dc3dc23248005fb3efa3a5aa5ca2817e1d370b1,2021-04-28 20:21:33
https://github.com/pytorch/pytorch/commit/882e27366361c1347fb08d370d1950ded5ef199c,2021-04-28 02:59:30
https://github.com/pytorch/pytorch/commit/267b554b6fd7d8dfdfb9885c663fbe48fb26b2f8,2021-04-25 23:28:37
https://github.com/pytorch/pytorch/commit/6de1d9b2d07a53a9fecde6ac2b9b46d5c424f121,2021-04-23 15:42:51
https://github.com/pytorch/pytorch/commit/bc3d892c20ee8cf6c765742481526f307e20312a,2021-04-22 12:30:23
https://github.com/pytorch/pytorch/commit/3e0c226eed261073871c159635bc8640a1422bad,2021-04-21 16:57:34
https://github.com/pytorch/pytorch/commit/3e55fc91fd5f9846bfe78d9e2441cf2d9f7f0bed,2021-04-21 14:32:09
https://github.com/pytorch/pytorch/commit/a31fd7f45373be3f01e5b822be513a164927c64b,2021-04-21 02:00:43
https://github.com/pytorch/pytorch/commit/19943aafe90558a209857a188191df161fd32a6f,2021-04-21 01:32:40
https://github.com/pytorch/pytorch/commit/b1282bc10925764fe1ea81037f23be7cded88336,2021-04-19 22:30:11
https://github.com/pytorch/pytorch/commit/7629477ff713d9f8f763830519da0080eec1b030,2021-04-16 14:27:41
https://github.com/pytorch/pytorch/commit/d56f4518209d233d7da603cf306d862c73970d8d,2021-04-15 16:59:35
https://github.com/pytorch/pytorch/commit/0b8bd2261450d21e0dd0ae259aa06994d1a0d9b8,2021-04-14 16:25:01
https://github.com/pytorch/pytorch/commit/34b46359e3cdca01f460fe8f4ce894868a2b4191,2021-04-06 22:55:34
https://github.com/pytorch/pytorch/commit/394b720e38455c2c07e6a31ef816edd0c5afbeb4,2021-03-26 18:00:47
https://github.com/pytorch/pytorch/commit/20d8fe83cd5ee9cbda8d629c95667d8e4954a799,2021-03-26 13:11:23
https://github.com/pytorch/pytorch/commit/c0bcd5a58faf7ef6d42835ecd592a56bad1886e8,2021-03-25 02:43:13
https://github.com/pytorch/pytorch/commit/1442a92741d8f39e3d6228af2ed8800cc29ed16f,2021-03-24 19:58:31
https://github.com/pytorch/pytorch/commit/2355f61f1937552fd87820e14dcb68baecff5c94,2021-03-22 11:58:40
https://github.com/pytorch/pytorch/commit/98baad57642115d1f66723f6f10585ed933fd731,2021-03-20 01:36:58
https://github.com/pytorch/pytorch/commit/b936abd840d8fa3122d3a6166c0d7344d8352901,2021-03-16 20:10:53
https://github.com/pytorch/pytorch/commit/0c2fe02ec178e2222e4fb4cd701468f52b05ab01,2021-03-12 00:18:31
https://github.com/pytorch/pytorch/commit/409a76f72ceda78a78fe42edb7becd15fbf4282b,2021-03-09 19:26:34
https://github.com/pytorch/pytorch/commit/9f2aea7b88f69fc74ad90b1418663802f80c1863,2021-03-09 12:48:04
https://github.com/pytorch/pytorch/commit/707fc354ebd505b506e3c8bd396fb675bb25c1eb,2021-03-09 12:06:25
https://github.com/pytorch/pytorch/commit/b9e12a0e8290af1c05107cf7e9a6117355e5ac1a,2021-03-01 01:46:47
https://github.com/pytorch/pytorch/commit/94da8b9816689e563f7983822b62bb518bcf120f,2021-02-25 18:32:38
https://github.com/pytorch/pytorch/commit/0e86f14ec0fd4cc2b7b588718ab36366c2eb70e3,2021-02-25 14:29:15
https://github.com/pytorch/pytorch/commit/76af821c361dd6de0bc09e894a872d7dee0cdb0a,2021-02-17 20:26:04
https://github.com/pytorch/pytorch/commit/c442776f3ccc9930cc51e951e1a23bc5cc12deb0,2021-02-17 13:47:07
https://github.com/pytorch/pytorch/commit/9c2dd5775a59fc6a08d8509193294846dcdce73f,2021-02-05 14:27:39
https://github.com/pytorch/pytorch/commit/534aabce147129fc2fa54d448093c79603d45781,2021-01-29 01:35:11
https://github.com/pytorch/pytorch/commit/8a8fac668175c266cdada84a76b3269312009f3f,2021-01-28 21:33:50
https://github.com/pytorch/pytorch/commit/e2eb97dd7682d2810071ce78b76543acc1584a9c,2021-01-27 20:49:11
https://github.com/pytorch/pytorch/commit/c4029444d1391cea90ccb3263ca3cbf7b333d257,2021-01-26 17:10:08
https://github.com/pytorch/pytorch/commit/31194750f2c2d27b83b9351dbf4f1db1e92452c6,2021-01-26 11:47:38
https://github.com/pytorch/pytorch/commit/98e291461472631829bddf40ae7e872455d1a1b0,2021-01-21 16:53:57
https://github.com/pytorch/pytorch/commit/327539ca7913dc2e2623ce43fd98de70830ee4f9,2021-01-19 19:30:17
https://github.com/pytorch/pytorch/commit/05036564cfe7259f17d83609033c988b708246d9,2021-01-19 15:18:00
https://github.com/pytorch/pytorch/commit/39aac654306b8f148b0587e11af038c28b79ff63,2021-01-12 18:19:39
https://github.com/pytorch/pytorch/commit/271240ae290e2f5b8bf93fa217e22b84cd9679e3,2021-01-11 14:53:48
https://github.com/pytorch/pytorch/commit/7377bfb1bdd96d42484221ef62132f391d3a2f13,2021-01-07 16:26:08
https://github.com/pytorch/pytorch/commit/e49372d460c80102bd6bae3dd2f8c1e2b61ebc1b,2021-01-06 19:14:51
https://github.com/pytorch/pytorch/commit/57d489e43a5b915cdb4bd8a16112ac68eb792581,2021-01-06 01:36:05
https://github.com/pytorch/pytorch/commit/16e5af41dab3a64072d88d76003dd9c2aa49d4bc,2021-01-05 15:46:24
https://github.com/pytorch/pytorch/commit/edce6b138d92117088fcffe065039df7cac1bddb,2020-12-22 00:05:57
https://github.com/pytorch/pytorch/commit/aebb7d1836ad513c6eaec16b8ad6a6426a1be9ee,2020-12-21 15:58:12
https://github.com/pytorch/pytorch/commit/39d3578e91051e1106f55dd235f036150831b45e,2020-12-17 23:07:59
https://github.com/pytorch/pytorch/commit/dc92f25b383ee4480ca1a87780482d5c7e8ac926,2020-12-12 01:41:57
https://github.com/pytorch/pytorch/commit/9078088edbc20e7edabe72b87339ca67e3cbec75,2020-12-10 06:54:19
https://github.com/pytorch/pytorch/commit/e69c2f85f6ff14598614fe364b753b01581d723f,2020-12-09 20:44:35
https://github.com/pytorch/pytorch/commit/02b63858f21fdc34daf495b92da4af4ca0066496,2020-12-08 17:57:10
https://github.com/pytorch/pytorch/commit/17f53bffefa7bd46e134a99bcd4c4e471b81c86b,2020-12-06 02:53:27
https://github.com/pytorch/pytorch/commit/b9cd774e29515c20278946373277cfcef17d213b,2020-12-04 18:13:26
https://github.com/pytorch/pytorch/commit/ca3ae7dc73e714329e646a9456e4426ef8e56763,2020-12-04 18:05:45
https://github.com/pytorch/pytorch/commit/cf1e5d7d2b72d0a9ee69e70683ffcd213b12b99c,2020-12-03 19:11:24
https://github.com/pytorch/pytorch/commit/7f869dca70606c42994d822ba11362a353411a1c,2020-11-30 18:27:30
https://github.com/pytorch/pytorch/commit/7828a220947fb06de07a04b17e89addbb52ff18b,2020-11-19 23:15:05
https://github.com/pytorch/pytorch/commit/fe6bb2d287ab039127d2443bbb85b6152fc55bc4,2020-11-19 13:54:58
https://github.com/pytorch/pytorch/commit/0adace370671735cf5be2fe42a8424dfa2983406,2020-11-17 19:46:11
https://github.com/pytorch/pytorch/commit/1aeac9771221bcc72e2b10ce5ba4e73b887d03f3,2020-11-13 03:04:37
https://github.com/pytorch/pytorch/commit/e8a73fbf34b796f270f8d07ea0b5d8643beeb302,2020-11-11 19:33:47
https://github.com/pytorch/pytorch/commit/8e3af9faa891b2b6b206035db4ddb7ccabc348df,2020-11-10 17:55:43
https://github.com/pytorch/pytorch/commit/373246733d05b978eb29426c7b24132d4caf8793,2020-11-05 13:59:01
https://github.com/pytorch/pytorch/commit/084b71125f91d4dcac96dc9229f4e7c0ddeb4001,2020-11-03 00:07:08
https://github.com/pytorch/pytorch/commit/058f43fc514f0505ffd78decbd3191edaf676449,2020-10-28 15:48:30
https://github.com/pytorch/pytorch/commit/cbf90dafe1cdb4f3f87b7a0804b601dc41bceb5b,2020-10-28 13:06:22
https://github.com/pytorch/pytorch/commit/37da6d26ffc3a5d1c3dcdc48358d4569f6e20123,2020-10-27 00:05:49
https://github.com/pytorch/pytorch/commit/a602811da748783f310c85abb898bf356a5edf66,2020-10-26 21:20:04
https://github.com/pytorch/pytorch/commit/511f89eaa9a99f619001a6a95bb0b62ef71555d2,2020-10-22 22:46:16
https://github.com/pytorch/pytorch/commit/a38eeeff5c2c6306bad9822aec494da9e2165867,2020-10-14 19:37:06
https://github.com/pytorch/pytorch/commit/965046c4456047e7640f6b3da2a32204c8ff3fcb,2020-10-14 00:18:20
https://github.com/pytorch/pytorch/commit/6ef41953e62d20ce34f2fc3494ed01c6614351be,2020-10-13 18:44:09
https://github.com/pytorch/pytorch/commit/3510f19c5fb390976ea6dab9b4f61b0fb564cfb3,2020-10-06 13:40:17
https://github.com/pytorch/pytorch/commit/f2c2b75e80a2ac23fe7c7717ff5b63ad9feb841f,2020-09-30 19:55:27
https://github.com/pytorch/pytorch/commit/6befc09465bf3d4d602ff3870ff339fcdf5847b0,2020-09-16 19:19:01
https://github.com/pytorch/pytorch/commit/a011b86115541365ebd55598f85ff9a42a6875d8,2020-09-16 14:32:17
https://github.com/pytorch/pytorch/commit/72b5665c4fc257a9e5cdef4df65f61c93ce4e69a,2020-09-15 12:30:01
https://github.com/pytorch/pytorch/commit/21a09ba94d66f8dd5f3d5fd01d0fd83126191955,2020-09-14 14:03:02
https://github.com/pytorch/pytorch/commit/d191caa3e7f736bca2a1bd8276e127369844fadf,2020-09-12 00:10:33
https://github.com/pytorch/pytorch/commit/d729e2965e156afa7f574c6ed99fb3bfc7cac5de,2020-09-11 20:28:53
https://github.com/pytorch/pytorch/commit/c10f30647fadab0239e69c1be7aeb8d07a494903,2020-09-03 12:12:52
https://github.com/pytorch/pytorch/commit/b2aaf212aa1a34ef5b9ce170510bd4d6f9f1181f,2020-09-02 21:34:24
https://github.com/pytorch/pytorch/commit/b167402e2e66a663cd9913885552929b4c045ffa,2020-09-02 13:44:46
https://github.com/pytorch/pytorch/commit/dc5d365514faca63b98c44430d62b813478aee72,2020-08-28 14:56:23
https://github.com/pytorch/pytorch/commit/5ca6cbbd93a4ad9fdd07f47cfee9ff87967719ff,2020-08-25 17:01:26
https://github.com/pytorch/pytorch/commit/3dcfe84861480acba27165ba31ad62271c5b1110,2020-08-25 15:09:14
https://github.com/pytorch/pytorch/commit/e4af45f3aa64d214ff789cca0ce627119bc0a4a3,2020-08-22 20:27:18
https://github.com/pytorch/pytorch/commit/aa53b2d4279cac379d8ac327501b8bed1d25dac5,2020-08-21 20:18:51
https://github.com/pytorch/pytorch/commit/743cff4a1a3ac0177a6b18575b6de9593a7ae573,2020-08-21 13:58:18
https://github.com/pytorch/pytorch/commit/576aab5084268706d60820e6b1bc3056156e2589,2020-08-06 11:45:59
https://github.com/pytorch/pytorch/commit/29700c009280ce63c113ad7300171af4cee26174,2020-08-04 19:57:36
https://github.com/pytorch/pytorch/commit/f8c5800bb5723ef1122d1fb2a6f33b8d2974ee29,2020-07-31 23:02:21
https://github.com/pytorch/pytorch/commit/f30ac66e7970dae2833e390bc623ea29141c8ff9,2020-07-30 04:00:59
https://github.com/pytorch/pytorch/commit/5336ccc1b280d07b436e7647d22298b16b1e7916,2020-07-28 04:44:47
https://github.com/pytorch/pytorch/commit/dede71d6e31e259698ce4745070db99149402ec3,2020-07-24 18:49:26
https://github.com/pytorch/pytorch/commit/30ce7b374071653fe3c672ff6000232a89e58569,2020-07-23 12:11:05
https://github.com/pytorch/pytorch/commit/abea7cd5612f4a723dc4d9fd2a607ac8086487db,2020-07-10 19:45:14
https://github.com/pytorch/pytorch/commit/e1afa9daffc254bba6a259390e220b51073304d7,2020-07-06 11:02:30
https://github.com/pytorch/pytorch/commit/5f9e7240f5c41ca7fb96d6a03a7044f2218ee871,2020-07-01 01:20:05
https://github.com/pytorch/pytorch/commit/7676682584d0caf9243bce74ea0a88711ec4a807,2020-06-26 14:11:54
https://github.com/pytorch/pytorch/commit/ea06db9466fcdc1b94b44df795056b2af7501346,2020-06-24 19:58:42
https://github.com/pytorch/pytorch/commit/a2ef54c598261ad9fd15e1e85c71f15055652572,2020-06-17 19:26:08
https://github.com/pytorch/pytorch/commit/5843854e661c60f111cea6ce3740011cba1eb79b,2020-06-16 13:28:42
https://github.com/pytorch/pytorch/commit/399dd84c8c37351489bf8f986c1ddb356eb89ef7,2020-06-15 23:38:25
https://github.com/pytorch/pytorch/commit/ede9bc97c3d734f3c80f4c0c08e1fe3dc2ab0250,2020-06-14 16:46:13
https://github.com/pytorch/pytorch/commit/ae6a68ad09f55593d1d6a40e9d0df771e834a431,2020-06-12 10:11:09
https://github.com/pytorch/pytorch/commit/9bfb91b50b53d332493d5179d3e17871f92efd2a,2020-06-05 05:42:32
https://github.com/pytorch/pytorch/commit/c02cb7aa08bc36085da217f0527a87e1c1b1cfa6,2020-05-29 23:49:07
https://github.com/pytorch/pytorch/commit/f44fca882eddc865901c07266b7f3b3976fc48dd,2020-05-29 13:30:45
https://github.com/pytorch/pytorch/commit/7b90ed1117f4018dab9896f4755eac6a4c479e1c,2020-05-28 13:45:48
https://github.com/pytorch/pytorch/commit/341fd63ff63743ee60c2cf743fc24f23a6917a83,2020-05-26 11:30:18
https://github.com/pytorch/pytorch/commit/6d4d508d8e19a2e9b7f3a7d429c3868e3e07ee02,2020-05-21 16:16:50
https://github.com/pytorch/pytorch/commit/e9902358df14dc4809e4f50b12088a5200a1862d,2020-05-21 01:50:24
https://github.com/pytorch/pytorch/commit/320c35681df43aced804602c6209d64b3846958f,2020-05-19 12:49:24
https://github.com/pytorch/pytorch/commit/62afc2d63dbe7fe1ee411d428fa7799b0bab0f08,2020-05-15 15:01:34
https://github.com/pytorch/pytorch/commit/d1eeb3b7bb65fadf24e58fa70711d49fac9e0a0b,2020-05-14 14:17:17
https://github.com/pytorch/pytorch/commit/7c66ad8941088756cc6c8cddb29e6664fc3a40a3,2020-05-12 14:58:41
https://github.com/pytorch/pytorch/commit/7eb9f1788c2e865130db1875d07f5dbbd978e941,2020-05-12 12:31:43
https://github.com/pytorch/pytorch/commit/00f3790a9d7888679ff5ede81e8abc690ec9e308,2020-05-11 17:02:03
https://github.com/pytorch/pytorch/commit/e109ff63790f8cbe639bfcff613c950877951eda,2020-05-09 01:36:59
https://github.com/pytorch/pytorch/commit/b57d82fcbb1d4e385a0f639a7e75020e5bc1a15e,2020-05-05 18:31:34
https://github.com/pytorch/pytorch/commit/1d43d7caa215a7eeca6f4fcefa15b61141febff2,2020-05-04 22:31:27
https://github.com/pytorch/pytorch/commit/9d0891f886e8a1ea2ee338c1e909ec76905c88fd,2020-04-30 01:38:09
https://github.com/pytorch/pytorch/commit/5b6f6da18cae1965d3d1da889b7c4a88830e4bde,2020-04-28 18:37:11
https://github.com/pytorch/pytorch/commit/7604f470ed083d55c6a25bee3f995c7e71ea488f,2020-04-25 21:07:28
https://github.com/pytorch/pytorch/commit/baaa0943f1f2e4e9fc041a8d6c3caa8148159cfa,2020-04-22 18:23:48
https://github.com/pytorch/pytorch/commit/4d2502a0c2a281ac71bba5fb5d13d06f8b9f14ba,2020-04-20 16:19:10
https://github.com/pytorch/pytorch/commit/76f952887835e3c14eeb3b56a993f2082cd9888d,2020-04-16 23:50:01
https://github.com/pytorch/pytorch/commit/c7631716da203849d15d17231db6ee0304363471,2020-04-13 22:43:38
https://github.com/pytorch/pytorch/commit/0912284830321e0ca01f93c5408b5a2cc5d8d688,2020-04-13 20:39:47
https://github.com/pytorch/pytorch/commit/82dd01150c182b39d2560b61d3983d9f08242245,2020-04-08 17:12:33
https://github.com/pytorch/pytorch/commit/ae71c5c7e6922c54189399dc1e5554cef7e0011d,2020-04-08 14:09:14
https://github.com/pytorch/pytorch/commit/063275fd33d6269b091ff7d49d153d168ff0c0a5,2020-03-31 13:52:45
https://github.com/pytorch/pytorch/commit/dbd2b8bb4170f48e0e58bfd3d29f0e4e7b644ded,2020-03-29 16:06:05
https://github.com/pytorch/pytorch/commit/d6377b7cef0c7bc822df80eedd86689bc51e83d2,2020-03-25 02:52:23
https://github.com/pytorch/pytorch/commit/689598df0bf8f0e644f180ae7d54353dd528e31c,2020-03-18 13:49:25
https://github.com/pytorch/pytorch/commit/27410318ad84bb37525b3a8e128acbcb2da251ac,2020-03-13 12:49:54
https://github.com/pytorch/pytorch/commit/fc6dce6033d4896c0413d49923aa869da00523f2,2020-03-04 05:45:35
https://github.com/pytorch/pytorch/commit/a19db54b368eecc515387bb83907bb7dc7d93c88,2020-03-03 20:54:05
https://github.com/pytorch/pytorch/commit/d41c8d0461aef76e5d9a67b2f603d09f540746b5,2020-02-27 00:46:39
https://github.com/pytorch/pytorch/commit/f87b0b2515bc19bc2df33d2a7a3b37695f73ea08,2020-02-26 12:21:35
https://github.com/pytorch/pytorch/commit/fd175fa8a235569bda75718e3f9573e28d889f12,2020-02-25 11:45:19
https://github.com/pytorch/pytorch/commit/54e41a87eb2f8c64641cc359c5c14095e9b32b90,2020-02-24 20:18:30
https://github.com/pytorch/pytorch/commit/5fa03d4dbbb8cd1460e5c017c09f0894c8a452eb,2020-02-24 00:37:35
https://github.com/pytorch/pytorch/commit/879cf0b15a54c7848ae710e3d0ec62c4a9d7d3dd,2020-02-18 12:10:00
https://github.com/pytorch/pytorch/commit/cb4e6d025aadf57a089b49c1e7044a2a635f3105,2020-02-13 18:38:52
https://github.com/pytorch/pytorch/commit/e45343fa1428148a3de1540edd559e3c6029e14e,2020-02-13 00:23:34
https://github.com/pytorch/pytorch/commit/e2f12885140c36c1d5bf82de6eb47797856fdacd,2020-02-08 21:18:56
https://github.com/pytorch/pytorch/commit/e025f393f6078fe8ccdb5e43e575d9f074bc4e53,2020-02-07 03:41:22
https://github.com/pytorch/pytorch/commit/de5821d291032ec5f8fb4d289beab3751aa58c8e,2020-01-15 19:44:56
https://github.com/pytorch/pytorch/commit/a009fc14befcd3939bfe5904c6f90919dd528a3e,2019-12-03 13:46:48
https://github.com/pytorch/pytorch/commit/8e3486de81d848e5c9a375134b3b14998ac36654,2019-11-19 19:44:56
https://github.com/pytorch/pytorch/commit/7434da2c3f49b8e01dfcd2d504dba617a300c41b,2019-11-05 11:48:41
https://github.com/pytorch/pytorch/commit/15deee25bc5d4e648992f489fc6dc1040090edf9,2019-10-30 19:14:46
https://github.com/pytorch/pytorch/commit/50fd20b64a97cc75a94f95c5b08cbf9d0580340c,2019-10-30 14:11:15
https://github.com/pytorch/pytorch/commit/c36552c4cbc8fd9c9346d213b11654c126615d5d,2019-10-17 12:13:19
https://github.com/pytorch/pytorch/commit/f7d7c4b72fd936181416f55b4f15c05de7076110,2019-10-10 18:38:05
https://github.com/pytorch/pytorch/commit/4086f7432b1172ab0bcd26d3ac1327ca081a0c5c,2019-10-01 10:14:01
https://github.com/pytorch/pytorch/commit/93836015234cc7a7ed95ea183a2d539e0e91feb9,2019-09-25 18:03:28
https://github.com/pytorch/pytorch/commit/21314cfddee746dc32980bdf7d6ea41b3b095d14,2019-09-23 17:08:16
https://github.com/pytorch/pytorch/commit/aeb6532e7f7684e82c1f7ebef59b9fee110fb227,2019-09-23 16:01:00
https://github.com/pytorch/pytorch/commit/e4821012ada89993695737d15f271c01fe7d0dd6,2019-09-23 11:53:02
https://github.com/pytorch/pytorch/commit/afa5d0823b749a134e85c57a611fef9f7cefaa83,2019-09-19 22:58:02
https://github.com/pytorch/pytorch/commit/a6a7f354816ffcbc074f7aec787562ad3046cbda,2019-09-11 20:00:42
https://github.com/pytorch/pytorch/commit/21e9d1144ea74d82bc260efdb67e243469c86da6,2019-09-10 23:18:14
https://github.com/pytorch/pytorch/commit/eb756746ab0172b7f1a35a4a34b520700da93db6,2019-08-28 16:34:03
https://github.com/pytorch/pytorch/commit/febcb3b7b37d0ce8a8fdfd1165b37bed2536c118,2019-08-28 04:24:13
https://github.com/pytorch/pytorch/commit/5c78e0c47071f3e4c3447095cf526b627695cc4e,2019-08-22 20:44:42
https://github.com/pytorch/pytorch/commit/40be39e4c7063486fa82f4a7917041d985e13e6f,2019-08-14 17:14:43
https://github.com/pytorch/pytorch/commit/06c09a266b93dfaf2bc5542ac4501fd4b651e7b0,2019-08-12 17:21:29
https://github.com/pytorch/pytorch/commit/5faecc8b1f8a11cd652b285b5a1c71674b5d087b,2019-08-03 00:12:38
https://github.com/pytorch/pytorch/commit/39de49c7ec73362f1fbc8d9b259e6328d49b5e2e,2019-07-25 14:26:12
https://github.com/pytorch/pytorch/commit/ae5b52086ea87df2035e02003fbc7e45345c2c75,2019-07-22 17:01:30
https://github.com/pytorch/pytorch/commit/6eb3969ac7f6ea1065b75ba15b0e7805573bf29c,2019-07-10 11:38:04
https://github.com/pytorch/pytorch/commit/738aba171ba01128a0699f8083d4d0dbb8cde5ac,2019-07-08 20:01:04
https://github.com/pytorch/pytorch/commit/474dec4b004ba1eb11358d29144ae3b94833d577,2019-07-02 18:09:31
https://github.com/pytorch/pytorch/commit/1e7bd7586d0d7770a462be421f31c4536f382d47,2019-06-14 02:41:04
https://github.com/pytorch/pytorch/commit/b460a1987ef6a036e9abddab7adc232e7542b55a,2019-06-05 03:28:45
https://github.com/pytorch/pytorch/commit/810816a1f95e4bbbd9b7416d317875aecc5f40a5,2019-05-22 14:37:01
https://github.com/pytorch/pytorch/commit/ac2314fdebdf5ced36cefbecfe5aa45fce469257,2019-05-21 17:17:31
https://github.com/pytorch/pytorch/commit/0beecbdaadb8b4996ce94757724fc7dd639bae40,2019-05-20 21:49:41
https://github.com/pytorch/pytorch/commit/d9dcfacd9e77f690bfa68f5b1629e54006134a7d,2019-05-17 19:14:49
https://github.com/pytorch/pytorch/commit/428104c60a07938f97f33ab1b6c68c3ea91abb81,2019-05-15 18:12:59
https://github.com/pytorch/pytorch/commit/39af9563e28f9daa9c5a0decc0607fc290fd51e1,2019-05-09 14:06:51
https://github.com/pytorch/pytorch/commit/cc06e2f9479b8fc09e4557eeba6a0806c66ed160,2019-05-06 11:08:41
https://github.com/pytorch/pytorch/commit/767c82e15133a73303b0eb2d2f2b60c7a7ddff14,2019-05-03 01:38:12
https://github.com/pytorch/pytorch/commit/e846ccd7bcd489291807f0720d245c040519fe74,2019-05-01 18:27:49
https://github.com/pytorch/pytorch/commit/965c3b27616be6ed3dbc0b0fa4823f2c41ac7895,2019-04-30 14:57:47
https://github.com/pytorch/pytorch/commit/268859ce0d4c02e6dde915f04e3ab47f4cef1450,2019-04-27 11:35:56
https://github.com/pytorch/pytorch/commit/8b798f43e30d17f34b0af11c3fd17f7832003c46,2019-04-23 22:49:42
https://github.com/pytorch/pytorch/commit/7e73783c6fefb592a112859781cf662bfb0f408d,2019-04-11 22:43:18
https://github.com/pytorch/pytorch/commit/b461689cfde2a14a46d670eef36b6f4f91455f8f,2019-04-10 13:21:37
https://github.com/pytorch/pytorch/commit/17adce1b6945b647673bf2913b3a08c367bb0097,2019-04-09 11:03:13
https://github.com/pytorch/pytorch/commit/84a9694ed0c85c0bc844915adf9f2c8fd53bacb1,2019-04-02 17:35:40
https://github.com/pytorch/pytorch/commit/84f020fe098bfaad308bd820869fafa44d3d4fff,2019-03-29 17:12:36
https://github.com/pytorch/pytorch/commit/c0a2452ffe1bf4202763bbfcafa5867461158de3,2019-03-29 10:04:20
https://github.com/pytorch/pytorch/commit/d4c52158c7e6e2c8397196f0ec31f9a47f7b5ca1,2019-03-22 14:52:01
https://github.com/pytorch/pytorch/commit/bd1271338ada8eda28a72e028a5521480d118bfb,2019-03-20 11:43:02
https://github.com/pytorch/pytorch/commit/6758f5587f43dfef63fca516aee176c80daea6b0,2019-03-19 17:24:03
https://github.com/pytorch/pytorch/commit/87b6cbb6fdec3789a409b02665e731ba67b4377c,2019-03-18 19:31:42
https://github.com/pytorch/pytorch/commit/c2c32340a4a8a258c97665a5cf2d2054f06cf0f6,2019-03-01 16:56:15
https://github.com/pytorch/pytorch/commit/4ac91b2d64eeea5ca21083831db5950dc08441d6,2019-02-25 02:08:15
https://github.com/pytorch/pytorch/commit/a1f2ed008fb8bf0c938f05795d9f3af159e7d292,2019-02-15 01:02:04
https://github.com/pytorch/pytorch/commit/db82fc7ca6e6bf261f51a6794b400a04eaf55bd0,2019-02-13 03:05:41
https://github.com/pytorch/pytorch/commit/e0323a6aea2c8b4c9267bb4d7ed538dcd792d121,2019-02-10 13:49:29
https://github.com/pytorch/pytorch/commit/19790b218f6d53f83c7e8a02cf46810552e7f822,2019-02-09 14:27:50
https://github.com/pytorch/pytorch/commit/72f070a124c3062939873a5468463d7c9e3ac4eb,2019-02-07 14:41:07
https://github.com/pytorch/pytorch/commit/536f647bae7eaa0ab1091808084ed2c24a8dabb4,2019-01-31 23:55:37
https://github.com/pytorch/pytorch/commit/bd19dd4b90aa94359b84986b0f9a298538ac7889,2019-01-29 04:28:47
https://github.com/pytorch/pytorch/commit/c7547dbd5eeed5fd24ec96dfc64d5ae98cdcb7c2,2019-01-28 14:38:07
https://github.com/pytorch/pytorch/commit/4cf76574b958b41ae1df7fba6e87af101414549e,2019-01-22 11:50:47
https://github.com/pytorch/pytorch/commit/9aac5c7e85df513fcaab645fefcb74b6e8a5618a,2019-01-17 16:00:28
https://github.com/pytorch/pytorch/commit/aa6b0f50ad4daadb5e35ab89ecc325e35d1207dc,2019-01-17 00:13:21
https://github.com/pytorch/pytorch/commit/8f11147d43386acec2642a23cf08710ee0ab1af5,2019-01-08 10:31:50
https://github.com/pytorch/pytorch/commit/dc72a5e02c1ecb105ea58cafcf10ef3a6f7d9c25,2018-12-13 21:13:46
https://github.com/pytorch/pytorch/commit/cbd1c519c46186eb7c70590ba02f126297ee251f,2018-12-13 16:16:24
https://github.com/pytorch/pytorch/commit/bb7fb7e45fb0af97e701e72e7194b4a1b6b19d48,2018-11-26 17:08:56
https://github.com/pytorch/pytorch/commit/7c1fe1728870eb8316ca33807d262ed6b6a7d4ba,2018-11-13 18:38:58
https://github.com/pytorch/pytorch/commit/f6e4fc071a63b8ffe89bbea892e97c598f008120,2018-11-13 12:41:44
https://github.com/pytorch/pytorch/commit/0bfbdcac891ce3f4943759ddcc65d901ffa680ff,2018-11-13 00:57:31
https://github.com/pytorch/pytorch/commit/cc3cecdba0cd74cdd7c0cb3d97f70c6f81bebf14,2018-11-02 14:09:43
https://github.com/pytorch/pytorch/commit/5b15a501dacc5e60606c63b37f26b7bb4875bac6,2018-10-30 13:27:47
https://github.com/pytorch/pytorch/commit/79709f02e9100306f9aa9bf5887dc5afbe751b5e,2018-10-18 18:34:28
https://github.com/pytorch/pytorch/commit/038d5ca943d5aa732c94c3af2692db79f30de327,2018-10-12 12:52:13
https://github.com/pytorch/pytorch/commit/033e00cd3f1f89152c95e3f8e5474f7520484ffd,2018-10-11 16:13:12
https://github.com/pytorch/pytorch/commit/def655ec27302f9ee36d05f929ecfacf52692bde,2018-10-08 05:20:23
https://github.com/pytorch/pytorch/commit/06f535d8a0e0d21e983fc7715123e47c69a2f12f,2018-10-01 15:56:32
https://github.com/pytorch/pytorch/commit/8c533c2c90fc495b0dbd93105e0d93c85ff66a99,2018-09-27 21:40:28
https://github.com/pytorch/pytorch/commit/b7c302da1ad1f2051a931cb8cb4fb583ae34c685,2018-09-24 19:09:48
https://github.com/pytorch/pytorch/commit/00fe2c56061828ea3613ea854a4863124adcd53d,2018-09-21 16:24:59
https://github.com/pytorch/pytorch/commit/48c8adfe1b211ab728e8a1b4698ba70128f4bcf0,2018-09-21 11:24:57
https://github.com/pytorch/pytorch/commit/d24bcfd9304f0e38c4024620de4da8f2379f6956,2018-09-14 18:51:43
https://github.com/pytorch/pytorch/commit/504126e7050d9c29f4d1ef5bac13399fe50f2730,2018-09-12 17:11:22
https://github.com/pytorch/pytorch/commit/fbc17321fdd96ce4dcc275ff61264d04f2fbd6e2,2018-09-11 15:39:36
https://github.com/pytorch/pytorch/commit/ea0ee77c61beacfe67c0209de4e142e22ce136f1,2018-09-10 15:40:23
https://github.com/pytorch/pytorch/commit/e9da2dd3ccf7c5720ab79f2d1952e0c6bdf59a83,2018-09-07 16:41:18
https://github.com/pytorch/pytorch/commit/aeb60945384c283c8a1e362b0bac0097535e8714,2018-09-05 11:55:49
https://github.com/pytorch/pytorch/commit/3f30c296d374ddbef7043508e80d3cb276d53ea6,2018-09-04 17:56:43
https://github.com/pytorch/pytorch/commit/3aaad3ecb12750cbbcd72375b9474ffbaec17517,2018-08-27 10:09:47
https://github.com/pytorch/pytorch/commit/e5e2514f4e0c1ebde8fcd84e67a94e680d953153,2018-08-21 22:40:16
https://github.com/pytorch/pytorch/commit/26c764a1db1fecbab3870eb88c928da378ab0c5b,2018-08-15 17:26:56
https://github.com/pytorch/pytorch/commit/17ecc06b656ee9efd595b652f7d44af68d61e646,2018-08-14 21:42:44
https://github.com/pytorch/pytorch/commit/16ecd6f99c468027e4a08feb273e4fb31bee50bb,2018-08-14 16:24:14
https://github.com/pytorch/pytorch/commit/acbc2744d8ee95eedcf05c9c25de071a0e87fe2e,2018-08-02 01:55:38
https://github.com/pytorch/pytorch/commit/46d800280050ef531e1a446e173b38bb1c492755,2018-07-28 03:09:16
https://github.com/pytorch/pytorch/commit/6c6a353a6691bf6ab3c67481a27d1fb1241a9b48,2018-07-24 20:10:37
https://github.com/pytorch/pytorch/commit/82539472562b84bc1e17f545e9175ce4c9b7f37a,2018-07-11 18:09:46
https://github.com/pytorch/pytorch/commit/147fc6b9cc2c8c4e2c504156825a5e3c0e3a4e8c,2018-06-08 02:12:08
https://github.com/pytorch/pytorch/commit/e8d6ac50b4805483b5be326f916f32134922185d,2018-06-05 22:38:30
https://github.com/pytorch/pytorch/commit/9b1abd2f81a3bdb653d20dca5b9e709bd5f3ed5d,2018-05-30 19:38:44
https://github.com/pytorch/pytorch/commit/ed6f79ccd26d2808b2f73abeddf4c1df681f7c26,2018-05-07 18:26:51
https://github.com/pytorch/pytorch/commit/f06fcc6efad81bb2619820ada21744d3e6e2f2c4,2018-05-04 17:14:02
https://github.com/pytorch/pytorch/commit/604f907bc78d8189b0e8fe5cb8bd880979d279e7,2018-05-02 10:49:31
https://github.com/pytorch/pytorch/commit/fc6a846cc5db92f5d011d450dd6ea605d5688533,2018-04-28 00:52:40
https://github.com/pytorch/pytorch/commit/b038b3d7beb498301ab3bd5f3a2c3a37adcfe868,2018-04-25 20:00:24
https://github.com/pytorch/pytorch/commit/7d32f6fdc3c97522010dd1eb5d87abd2cdd249a1,2018-04-23 22:43:35
https://github.com/pytorch/pytorch/commit/8fc11748feec2374316c46442df3fe95c050e633,2018-04-20 21:02:18
https://github.com/pytorch/pytorch/commit/9b37a4d027e28e31207b15ba80deb1b1396b237b,2018-04-20 19:39:11
https://github.com/pytorch/pytorch/commit/6ce6c0ed659577061bb54d502bd76317025f312a,2018-04-12 15:20:26
https://github.com/pytorch/pytorch/commit/67bbf585cda43fc63a8450421aaef24e2f7b3501,2018-04-07 19:48:29
https://github.com/pytorch/pytorch/commit/83926393d3f475b89f203d32dc80fb3ecd6241bb,2018-04-03 15:28:37
https://github.com/pytorch/pytorch/commit/0df662c67f422220fa3d45912199c2523ff42952,2018-03-31 00:00:44
https://github.com/pytorch/pytorch/commit/c9dbfca275e375e97135a7a04af091c21e68e9cf,2018-03-31 00:00:44
https://github.com/pytorch/pytorch/commit/91162a74edd57390a2e7fa7c099df4ea32f987e3,2018-03-31 00:00:44
https://github.com/pytorch/pytorch/commit/21aba57744462ddb80fe72df9603aeedaa57a1a0,2018-03-29 13:25:18
https://github.com/pytorch/pytorch/commit/ebc0194950e816d5c6eb39f9b71ee2e4d053b657,2018-03-27 17:25:38
https://github.com/pytorch/pytorch/commit/f508e7378e81b8850523d0a2315b25e6f893ad1d,2018-03-24 00:08:54
https://github.com/pytorch/pytorch/commit/aa4af1a5f997a24a832e643a0cef79ee23c0e953,2018-03-19 19:58:04
https://github.com/pytorch/pytorch/commit/0ca046c68de6a25ee376b52e7783ec33f1f6186a,2018-03-17 12:05:33
https://github.com/pytorch/pytorch/commit/5c51bb6c0fa9cf233ed21a6c358b46a5d667e341,2018-03-15 12:23:21
https://github.com/pytorch/pytorch/commit/abd6f82709482012be24e6bd27e6ad750cc4c885,2018-03-15 11:42:44
https://github.com/pytorch/pytorch/commit/82777815f8013f881bd8f40171b29de92fa3c360,2018-03-15 10:44:35
https://github.com/pytorch/pytorch/commit/063f066394aaa015fb1132664397f2a065308454,2018-03-09 11:45:55
https://github.com/pytorch/pytorch/commit/16ba087b640b37958cc90a8c169bf641751cb487,2018-03-06 03:33:11
https://github.com/pytorch/pytorch/commit/f2ec5b7b0e9d65f8786993a17e78ea33b3fb3e29,2018-03-06 03:33:11
https://github.com/pytorch/pytorch/commit/2d3aebd5fb7e8c94a7f01a97d40ff5728677e8a8,2018-03-06 03:33:11
https://github.com/pytorch/pytorch/commit/c7e69e9015716ab11607665ccfa43b1de5bf8260,2018-03-05 09:42:40
https://github.com/pytorch/pytorch/commit/ec547ce640581846d0c5afdc334beaec5da9e745,2018-02-26 14:04:04
https://github.com/pytorch/pytorch/commit/013ed5b88fc869c3fe5934eaef346ebdada05d5c,2018-02-23 00:05:43
https://github.com/pytorch/pytorch/commit/9bf9f0e613db0d496f214cf75e82e93fc5ad106b,2018-02-21 16:35:36
https://github.com/pytorch/pytorch/commit/3f0a99dc906329915dbd602dd366df57c09b3a35,2018-02-05 17:33:20
https://github.com/pytorch/pytorch/commit/ea0283325cdba3ad3b96ef239af70e5bbc70b0a8,2018-01-30 06:16:59
https://github.com/pytorch/pytorch/commit/e7d4bbc9dd03f387ee7bce179641328f009a65b0,2018-01-26 16:50:32
https://github.com/pytorch/pytorch/commit/fe9121ff59484c529e85fa139fc7b945722a1941,2018-01-26 16:40:36
https://github.com/pytorch/pytorch/commit/db6777eaf4a08ab79509cbc7052f938c9587eacd,2018-01-12 18:34:23
https://github.com/pytorch/pytorch/commit/1f8a8cc941488b438a6418250752627c48524a2b,2018-01-06 10:58:05
https://github.com/pytorch/pytorch/commit/28eea8b0325990e2535082548a854ad628f410b5,2018-01-03 21:31:49
https://github.com/pytorch/pytorch/commit/57f9db9c3c89dcb98e3f65bdc2ac99117e4b932e,2018-01-02 12:42:40
https://github.com/pytorch/pytorch/commit/7592e965037122fc3edb3dc20c8bc128ab7ffe4f,2018-01-01 22:14:41
https://github.com/pytorch/pytorch/commit/14cc15e8f44dac72626b90d8c1ab5a5826fd1022,2017-11-28 13:50:02
https://github.com/pytorch/pytorch/commit/a3afca6fc979b107788fe8cc062ca4d511dd00e1,2017-11-15 19:22:22
https://github.com/pytorch/pytorch/commit/1a58775e19ed35268b63008faf1c477d44dbce63,2017-11-10 17:08:30
https://github.com/pytorch/pytorch/commit/12e4af94e8588d69204f47123b00f5e8def611a0,2017-11-09 11:06:05
https://github.com/pytorch/pytorch/commit/84b76a0712b3b203d3ef1fa58b914e6f20f66e45,2017-11-08 00:08:39
https://github.com/pytorch/pytorch/commit/782be20ac264ccdfb27a35f3fd63f7659505ecc1,2017-11-02 19:53:36
https://github.com/pytorch/pytorch/commit/52a561e5832e02045a9a112f566740bf86b0a164,2017-11-02 19:53:36
https://github.com/pytorch/pytorch/commit/f7b15c52ff31a89945a849cc76f964a86b9e5d82,2017-10-31 03:12:18
https://github.com/pytorch/pytorch/commit/e0d7de5b61c3cf5305c595e0c22cef69564a5c49,2017-10-28 13:11:20
https://github.com/pytorch/pytorch/commit/63297e1a1f632f920a980bcaeb04e455fe54d404,2017-10-26 01:06:02
https://github.com/pytorch/pytorch/commit/b92e06e50e9e196e8d60809d945722a36a4abd0c,2017-10-23 12:35:59
https://github.com/pytorch/pytorch/commit/ca392b7c76d1eb6a2fdd411179604b14f74758df,2017-10-12 13:59:41
https://github.com/pytorch/pytorch/commit/6b22f64d2cb710bf44de1b457f76c7b1a79e73a2,2017-10-12 13:05:27
https://github.com/pytorch/pytorch/commit/6a91f556d0c3ba53757f27bf08df9484e0122bf4,2017-10-06 10:40:14
https://github.com/pytorch/pytorch/commit/5f8bab47c8f87c73f08ad13705aea1fda747e997,2017-10-06 09:20:12
https://github.com/pytorch/pytorch/commit/1cf24b8d551f4f2685e911792b00c0a03a80be79,2017-09-28 12:34:35
https://github.com/pytorch/pytorch/commit/ded3a3b317fbc8b165235c98f238c193e1482ad5,2017-09-26 00:21:36
https://github.com/pytorch/pytorch/commit/289dc2a870c0f51cc2dd5a168d3de5170b7e7e35,2017-09-25 11:28:59
https://github.com/pytorch/pytorch/commit/bf9ab91779a67b39ec712f7878e895e97b2c77e8,2017-09-22 18:33:47
https://github.com/pytorch/pytorch/commit/af688905e4c5501dd15cbf98e02042d9f5160cf3,2017-09-19 10:53:32
https://github.com/pytorch/pytorch/commit/4341dc7e7f430c7c662c14e6a3ab7423ac8ebded,2017-09-19 02:19:10
https://github.com/pytorch/pytorch/commit/6b44a00c712f89421d613e3b094779cba23943d6,2017-09-15 17:03:33
https://github.com/pytorch/pytorch/commit/efda016108f16d4ac6087a3bcb0909729c1a7e11,2017-09-14 02:31:35
https://github.com/pytorch/pytorch/commit/6f9774d7dbaff0c9245b982d79a08a734a5ba398,2017-09-05 17:48:55
https://github.com/pytorch/pytorch/commit/77a02eaa7fe6d95d836e77f1c12af32acbdfa448,2017-09-05 17:21:25
https://github.com/pytorch/pytorch/commit/db78f3cf468549b206c3c8bdc9fb42df86ded2a7,2017-09-04 11:12:52
https://github.com/pytorch/pytorch/commit/0c324ba4171bca7ce20a8a389ed174ab6d43cef9,2017-09-01 21:07:07
https://github.com/pytorch/pytorch/commit/4a211314d000e8be535134d6513dc4270cf63336,2017-08-30 15:46:35
https://github.com/pytorch/pytorch/commit/59540847b136b20c816a27bf9162d8f1b6572e53,2017-08-30 13:22:06
https://github.com/pytorch/pytorch/commit/f250815fa41ebd6ccb32a8281502e343b0794219,2017-08-25 11:08:54
https://github.com/pytorch/pytorch/commit/d368b59177dab6761c670e0ac72dd758cb533ef9,2017-08-24 00:21:27
https://github.com/pytorch/pytorch/commit/4c69697d2acbbe8e418a0921464c09aaf09da82a,2017-08-23 14:46:52
https://github.com/pytorch/pytorch/commit/73e0b3f4014b9f5b716eb1216d11f13347207f27,2017-08-16 17:51:41
https://github.com/pytorch/pytorch/commit/98ac4542e0e097cd1b26c62d0ffe7fb37230347c,2017-08-16 17:51:24
