https://github.com/tensorflow/tensorflow/commit/42fbcf15fc9777c230d19c8e1f43cd2095a4fb34,2024-07-19 07:22:42
https://github.com/tensorflow/tensorflow/commit/45395535f545b86ef017ba1c407d1a0545519d8f,2024-07-05 06:28:59
https://github.com/tensorflow/tensorflow/commit/a908b587f39c8fb1ec0a4805a6bb6d2225d34fcb,2024-07-03 17:59:10
https://github.com/tensorflow/tensorflow/commit/c10c6efa90468912f92ff2f67a6ae07f0863234e,2024-07-02 10:02:07
https://github.com/tensorflow/tensorflow/commit/91eaa88d88011f559365d1077f4838c1065fcdc7,2024-06-28 17:48:51
https://github.com/tensorflow/tensorflow/commit/d24dadc14e6172b30ed45324c849e2666b505c3f,2024-06-26 00:55:04
https://github.com/tensorflow/tensorflow/commit/8583ef6dd875447a008ec6110a1baba6dc6fe616,2024-06-24 17:37:25
https://github.com/tensorflow/tensorflow/commit/da6448317927642650a250a5fb3b84796eb2164b,2024-06-06 19:45:38
https://github.com/tensorflow/tensorflow/commit/77671a4e00dc6ebc8a0db8a31df12255aed91eab,2024-06-06 18:33:57
https://github.com/tensorflow/tensorflow/commit/c3bf76a0f6cf77dbebf2ae3956d82dbc8d26dfce,2024-06-04 06:18:53
https://github.com/tensorflow/tensorflow/commit/3e7ca2fd3b1eeda89fcdde43dce532c1f350cfaf,2024-06-03 05:41:53
https://github.com/tensorflow/tensorflow/commit/0a9e492aa9c5aef2356bcf59a2d4ab7a21ebaaae,2024-05-31 17:01:29
https://github.com/tensorflow/tensorflow/commit/8d97018e3fca33a15e105b50c2040f5cb1d1a3dd,2024-05-16 15:20:15
https://github.com/tensorflow/tensorflow/commit/c05f5ad3d7da282726597343b19e8c6af6e71b1c,2024-05-16 14:37:32
https://github.com/tensorflow/tensorflow/commit/4cd6e86c8f967c85f17a257aa319959070f6a474,2024-05-06 09:41:13
https://github.com/tensorflow/tensorflow/commit/e33b6a9fc398eaa316b5f0180c692cfdf5e7489e,2024-05-03 09:11:17
https://github.com/tensorflow/tensorflow/commit/5695fb751b34c1e43dd66514d8aaa8c47f7d7272,2024-04-30 21:28:02
https://github.com/tensorflow/tensorflow/commit/0572875fcdcaa379df4670c5c72073db9b286033,2024-04-30 11:20:37
https://github.com/tensorflow/tensorflow/commit/43117ea9f137c5cc035ea764c8d09533e44e6e7e,2024-04-23 15:17:03
https://github.com/tensorflow/tensorflow/commit/5a1a2cff8e347c4f7270f598eccfeba25c315125,2024-04-10 00:45:11
https://github.com/tensorflow/tensorflow/commit/58060b4017b971435b5473c21da3d5228a9e41da,2024-03-22 16:35:39
https://github.com/tensorflow/tensorflow/commit/304704326d063da9fdc6713f5e8c07bd27d5f44e,2024-03-22 15:30:15
https://github.com/tensorflow/tensorflow/commit/f0ae6583f5d39ac2f3d53e1ac22bedd51ccc6d8d,2024-03-22 13:10:17
https://github.com/tensorflow/tensorflow/commit/33e9917b87b81e82eae5a7a8cade883f3d58203a,2024-03-20 06:56:02
https://github.com/tensorflow/tensorflow/commit/9c1b61a664d66b15d07c25e713d8d96f6bf347c8,2024-03-18 23:43:53
https://github.com/tensorflow/tensorflow/commit/6270fba5f2a619733802a8cd315e6f4dc54a42c9,2024-03-14 22:43:30
https://github.com/tensorflow/tensorflow/commit/3a25086bb131f6dee91af2b72ef515e8651dc98d,2024-03-12 17:22:55
https://github.com/tensorflow/tensorflow/commit/aa196c211622ce756ca1b04839560f7f21f41a5f,2024-03-11 16:16:26
https://github.com/tensorflow/tensorflow/commit/0be2df838182f145ffa13df7c78c75ba55b2d22f,2024-03-07 18:41:51
https://github.com/tensorflow/tensorflow/commit/50afbc66222d0e7039c42b7f6e4113b68ea0d06a,2024-02-22 17:01:10
https://github.com/tensorflow/tensorflow/commit/28756cc0ee44382c42cbd9b365ab54799c743eb2,2024-02-14 11:34:17
https://github.com/tensorflow/tensorflow/commit/8bbba12f90e2b31ea7069d49ca3601f25b929646,2024-02-08 16:17:06
https://github.com/tensorflow/tensorflow/commit/e9631117dfdc53faa84f307e36da412c9ced75eb,2024-02-08 09:25:15
https://github.com/tensorflow/tensorflow/commit/a4709906daf8654f57f34d4ae6bae66df3b50d0f,2024-02-07 14:08:50
https://github.com/tensorflow/tensorflow/commit/1f976fc26c9e031eaf34b32449d4ae096608f25d,2024-01-29 09:49:01
https://github.com/tensorflow/tensorflow/commit/072c9076d56230c72ef27c948abec5e5f6101adb,2024-01-22 14:06:10
https://github.com/tensorflow/tensorflow/commit/ffc4b2535c52c03fd8da451c3333ef5588466234,2024-01-22 05:01:38
https://github.com/tensorflow/tensorflow/commit/16a53751b9e48afe5302e13d0f1edd144460a36a,2024-01-13 11:04:49
https://github.com/tensorflow/tensorflow/commit/0d6d425e00eb931fb6c69c3de16a3962f0fbab1a,2024-01-12 03:08:19
https://github.com/tensorflow/tensorflow/commit/6c0ae64819af838154ebbf8816267d28387c0879,2024-01-11 19:04:44
https://github.com/tensorflow/tensorflow/commit/035c672099d787aed744f57477ea08e3fd0218f0,2024-01-11 12:49:35
https://github.com/tensorflow/tensorflow/commit/c150bb6edd8d82686efeeff8c1083bcd0a57c96f,2024-01-02 06:59:19
https://github.com/tensorflow/tensorflow/commit/a32a1c9123a7c4fb926c1cdc3d99188a171cdfe5,2024-01-02 02:50:19
https://github.com/tensorflow/tensorflow/commit/cd2998837aba5e77e789fd848704f695905874e5,2023-12-20 15:22:58
https://github.com/tensorflow/tensorflow/commit/c1b5fe83a0fb5558a76155d4d3978c8c7e2b8d75,2023-12-18 22:25:26
https://github.com/tensorflow/tensorflow/commit/8044abd7e8eb4558519a03906a4728d21a2797bd,2023-12-06 09:44:28
https://github.com/tensorflow/tensorflow/commit/84002d3519423aa5edca41e47761e5702173d7cf,2023-12-06 05:59:35
https://github.com/tensorflow/tensorflow/commit/45889deaa34cd5982f10410bf60eb88f6e66bb0e,2023-11-13 19:52:40
https://github.com/tensorflow/tensorflow/commit/1c5e88a84c70f8c3b29879634a5ea9247cfa8ac0,2023-11-13 15:32:38
https://github.com/tensorflow/tensorflow/commit/9c492018a641ac6b5a03b65a77ff9d1ce60699eb,2023-11-10 18:30:39
https://github.com/tensorflow/tensorflow/commit/65bf54877e14a39a163c43f135fec6681186c153,2023-11-03 18:42:44
https://github.com/tensorflow/tensorflow/commit/aa958952037c47bbe1cda7ff59303792cd8666bd,2023-11-03 17:40:00
https://github.com/tensorflow/tensorflow/commit/4fc8f7df100bcbaceecdb6a1ce73d54515c1daa8,2023-11-03 12:41:11
https://github.com/tensorflow/tensorflow/commit/91063eeabcca8f2aef47ea774ab6245c8afd09f5,2023-11-03 04:52:19
https://github.com/tensorflow/tensorflow/commit/b5b0443099811e48471ee98657ff7e409a7ed6fc,2023-10-31 17:13:08
https://github.com/tensorflow/tensorflow/commit/eaf46a8fc870a0025e36588fc7bdb18b329b73be,2023-10-24 13:45:31
https://github.com/tensorflow/tensorflow/commit/04fb826f98b92dd172ad665d8a5522a2f8201867,2023-10-18 18:13:10
https://github.com/tensorflow/tensorflow/commit/b597c9d09dced6817d50e5469da635d5f44094e0,2023-10-13 13:28:53
https://github.com/tensorflow/tensorflow/commit/1bbd10c3bb8de86bfe126ae7ace123f7e85354cf,2023-10-03 18:05:49
https://github.com/tensorflow/tensorflow/commit/7c45b3e9692e1c92587f21ccce3274102b757e3b,2023-09-27 15:44:31
https://github.com/tensorflow/tensorflow/commit/42af713661bf7324c0a8e9b2ee21750ec417cd5e,2023-09-26 02:39:44
https://github.com/tensorflow/tensorflow/commit/fb36fd261aeb2c7a11ebe3fe1f533685b4c030dc,2023-09-22 06:50:33
https://github.com/tensorflow/tensorflow/commit/ebe4f498df55278020b5c7a78d6a98b13b990294,2023-09-13 21:57:41
https://github.com/tensorflow/tensorflow/commit/67c0625e50468e980d8c97fe5bf74870ec0e7fe5,2023-09-13 17:02:44
https://github.com/tensorflow/tensorflow/commit/68cc4388bc7ea92a0eb24abd28377323da254f79,2023-09-11 18:36:45
https://github.com/tensorflow/tensorflow/commit/48e400d57f48b96c069fbf1d3adcec97c34e140b,2023-08-30 23:38:16
https://github.com/tensorflow/tensorflow/commit/62296aa33e61aad357d43489ce6df0d0846b9ded,2023-08-25 07:11:21
https://github.com/tensorflow/tensorflow/commit/ca6374646ea9e98c59994dc24dd88b57680c3059,2023-08-24 18:59:32
https://github.com/tensorflow/tensorflow/commit/a1203dd302aed09b0f0fc2a4b5ab3ec55cdf4a66,2023-08-18 15:31:28
https://github.com/tensorflow/tensorflow/commit/3758184b3d4770a9ec387e136be087010dcd9bb0,2023-08-15 18:02:09
https://github.com/tensorflow/tensorflow/commit/2ad6eb0c1eb3bcd31e385de3699ab0d8f08eeb74,2023-08-15 13:49:09
https://github.com/tensorflow/tensorflow/commit/f1588783a4b1c223b8bf125b959e0e5f0b988574,2023-08-01 15:03:03
https://github.com/tensorflow/tensorflow/commit/b63d1b6dc65f3b76dd3564f0177528c551f753c3,2023-07-31 12:50:53
https://github.com/tensorflow/tensorflow/commit/0440b9d643366e07cad46c71d80eb617368cc42c,2023-07-29 14:53:16
https://github.com/tensorflow/tensorflow/commit/3db0647ff09d4efc013b296e230223e67f531517,2023-07-21 16:01:01
https://github.com/tensorflow/tensorflow/commit/e30d645e145bbb53aedc96912ae755f071e2e97a,2023-07-19 11:38:53
https://github.com/tensorflow/tensorflow/commit/b09824a4ca5831d7c02f99077bfac419e3e230f1,2023-07-19 02:16:27
https://github.com/tensorflow/tensorflow/commit/ebd65be4d8a6db910247c116106dae0dc28472b2,2023-07-18 13:45:02
https://github.com/tensorflow/tensorflow/commit/ca1e1548c86ec7484cfedd79d49cd48dd02ff93e,2023-07-17 12:36:15
https://github.com/tensorflow/tensorflow/commit/4af196bdf7602a3987fbac7e114e1cb01ed25484,2023-07-14 19:13:37
https://github.com/tensorflow/tensorflow/commit/40eafe0e02d98f77c13607c4902bd07d8125be6d,2023-07-13 18:30:09
https://github.com/tensorflow/tensorflow/commit/9335670d00c995294f8cb3eeb70ecc93fcae6bfe,2023-07-13 18:26:35
https://github.com/tensorflow/tensorflow/commit/70c60acb6100651def0b8447783ecb65e273f155,2023-07-13 03:05:32
https://github.com/tensorflow/tensorflow/commit/305a5a6754b725e70d6123019a694830923d84a5,2023-07-10 21:38:46
https://github.com/tensorflow/tensorflow/commit/38b006d10700ab58dc9da0f7870d6981313f4bc2,2023-07-10 12:52:04
https://github.com/tensorflow/tensorflow/commit/6b5e39278b64e1b77b75b11b91b95e39eb7b64e5,2023-07-06 22:51:24
https://github.com/tensorflow/tensorflow/commit/028d339502758f2a798108e2bd7179598cfbe448,2023-07-05 16:53:19
https://github.com/tensorflow/tensorflow/commit/1a2a612d70d6b539947a7cef8f20ac98332997fd,2023-06-27 21:12:02
https://github.com/tensorflow/tensorflow/commit/60443e17534e8039b53776f6f995135cbc8d7e90,2023-06-23 13:28:14
https://github.com/tensorflow/tensorflow/commit/3285539bd50b94f09505bcf04aac7770743cd8c8,2023-06-23 10:58:06
https://github.com/tensorflow/tensorflow/commit/cddaac85fce50dd7a99b7e4879f6ed3259e2d531,2023-06-22 16:54:58
https://github.com/tensorflow/tensorflow/commit/88a4cc25921bb1bcaff62c82ffea6650895fb4ad,2023-06-21 12:21:18
https://github.com/tensorflow/tensorflow/commit/481b90050228f51d9a9facde35b96fbf8a7a9a69,2023-06-21 10:57:58
https://github.com/tensorflow/tensorflow/commit/363461cb2303868367f101e9a84a60bb49ca49bb,2023-06-16 20:26:47
https://github.com/tensorflow/tensorflow/commit/9fb316ca3da873789eeb4131d92c24a1f25c562d,2023-06-12 12:25:52
https://github.com/tensorflow/tensorflow/commit/cac6232dafc13931f046aa41237eeb715469ac6f,2023-06-11 16:55:51
https://github.com/tensorflow/tensorflow/commit/543e4be9c619de7ab4903f6570f4e89ab1a2c4f1,2023-06-09 15:28:16
https://github.com/tensorflow/tensorflow/commit/48421345a02db49011cd4536285e76535c5d67c2,2023-06-09 01:52:05
https://github.com/tensorflow/tensorflow/commit/4c84006ca161643dc868b090f445c7f05bd74c19,2023-06-07 03:52:41
https://github.com/tensorflow/tensorflow/commit/5641537ec30053330595da92270a45ee429d3040,2023-06-01 11:21:50
https://github.com/tensorflow/tensorflow/commit/dc3368241de879d382a85f5c1fac8df4ed810c80,2023-05-30 15:00:18
https://github.com/tensorflow/tensorflow/commit/1ae19b096a4bd23befa83d7c4ae9703a933044c4,2023-05-26 14:51:23
https://github.com/tensorflow/tensorflow/commit/cc199296c36488b363409415d41d053b94d071d6,2023-05-24 09:45:34
https://github.com/tensorflow/tensorflow/commit/f496b47541441549f39c9ff5fb64e7cd22c1bf0f,2023-05-18 13:40:40
https://github.com/tensorflow/tensorflow/commit/aab2884a6f6f479871fe82a2d151b0101a66fd80,2023-05-17 10:58:10
https://github.com/tensorflow/tensorflow/commit/a60ab1028c4f11cb91776d5a3f8d31d93f25ac6e,2023-05-17 09:31:20
https://github.com/tensorflow/tensorflow/commit/b200b38ab1068a991135d946e0cad65600b31ba4,2023-05-17 09:24:15
https://github.com/tensorflow/tensorflow/commit/c4af3626af4b825717418463bf5d4690936853e2,2023-05-16 09:00:26
https://github.com/tensorflow/tensorflow/commit/e16f0155d376173a4c1be0c727a34bcf716eda30,2023-05-15 17:06:30
https://github.com/tensorflow/tensorflow/commit/6df95afdb99c792a153b9133d8152140636955b7,2023-05-15 13:37:17
https://github.com/tensorflow/tensorflow/commit/4f65cb3d1f68826c221ff2df0eabeca6122733e8,2023-05-15 11:32:38
https://github.com/tensorflow/tensorflow/commit/16e29ce9f7b4ccc9c5f3ebe7ada1954d1b1e306d,2023-05-11 22:06:58
https://github.com/tensorflow/tensorflow/commit/6181230152a626432a8a704d7df8391c6e1ad647,2023-05-11 18:56:45
https://github.com/tensorflow/tensorflow/commit/bf79252333c23a92239e7eb8b764b1e95c7bfdef,2023-05-09 20:55:15
https://github.com/tensorflow/tensorflow/commit/84b1508b4a1900a9452a907a6908b79d451b0718,2023-05-08 15:09:30
https://github.com/tensorflow/tensorflow/commit/1f2947c7a493d4fdc365759cc93f073ec3abb7a0,2023-05-06 22:50:17
https://github.com/tensorflow/tensorflow/commit/4e48078e06970ed7ab01d57cb4ce95291614a01e,2023-05-05 16:53:11
https://github.com/tensorflow/tensorflow/commit/b94ce3a38a9e8759c8945e5eea584ddc339243cd,2023-05-04 06:46:31
https://github.com/tensorflow/tensorflow/commit/493eab2a593270f19a1eb8563ec5d0c4ac500ac6,2023-05-04 06:17:39
https://github.com/tensorflow/tensorflow/commit/ddb4843fbbfcc14121ab0e1e12296eb8a02b0a30,2023-05-02 18:37:26
https://github.com/tensorflow/tensorflow/commit/d769af73c5b555cb0464179b9fd49b2fc6c5b80d,2023-04-27 12:57:28
https://github.com/tensorflow/tensorflow/commit/273005c1fb3242d4d4b667eeccf1f79082105c86,2023-04-25 23:37:10
https://github.com/tensorflow/tensorflow/commit/af92cf224ee8e7ed4d8f577f9e24cbeab86f1738,2023-04-24 02:41:28
https://github.com/tensorflow/tensorflow/commit/7ddf59d89ff13fd6c9086d23c71156a4d9d29ba5,2023-04-21 20:49:01
https://github.com/tensorflow/tensorflow/commit/e83b5b97ea4daa8c9bdc460daca60698f6969137,2023-04-21 13:04:01
https://github.com/tensorflow/tensorflow/commit/38eecfafca0edd96e0a9e485c2b671c74e5b7355,2023-04-20 22:12:49
https://github.com/tensorflow/tensorflow/commit/6f9459f9554b6624d919a3b960711534b4b79931,2023-04-18 21:24:39
https://github.com/tensorflow/tensorflow/commit/fd97a6fcce1c54f5f1a38f625a56e6f646d71d63,2023-04-17 07:53:06
https://github.com/tensorflow/tensorflow/commit/84ff5be2857a9980357d2b01d6747bd866005be9,2023-04-14 16:08:00
https://github.com/tensorflow/tensorflow/commit/61cc8f2c89cd4f0e263e97d6180dd8d6579676be,2023-04-13 16:29:43
https://github.com/tensorflow/tensorflow/commit/4e35e4de4d75e15cf420f601beb827337d434cf3,2023-04-12 15:30:18
https://github.com/tensorflow/tensorflow/commit/9a12d03de6a8a2e389d8e2f5063f0b567e0b1702,2023-04-05 11:02:05
https://github.com/tensorflow/tensorflow/commit/3c44525126c088905373484293706cfd5483940c,2023-04-05 09:23:00
https://github.com/tensorflow/tensorflow/commit/0527a0a7fd77da8a02c789fa4d6ca8404ee3da63,2023-04-04 09:35:29
https://github.com/tensorflow/tensorflow/commit/232683a9b9e567f43239592b958e4302c257d85d,2023-04-04 08:31:06
https://github.com/tensorflow/tensorflow/commit/7880014be998032d349419886a17481fe67bc28e,2023-04-03 13:25:48
https://github.com/tensorflow/tensorflow/commit/17cda590d67a3eb6e63bd12f3c423b8dd80fab10,2023-03-29 13:17:03
https://github.com/tensorflow/tensorflow/commit/48abc8ee20876d1a159bbb836e09135664118e44,2023-03-24 18:05:01
https://github.com/tensorflow/tensorflow/commit/6073faead9acd26646cfb1121443ebb147bd3b15,2023-03-24 13:08:14
https://github.com/tensorflow/tensorflow/commit/ba298d672c3f04444fb38a906d62f9a5f642121c,2023-03-23 07:10:15
https://github.com/tensorflow/tensorflow/commit/ca388405c617415aebe5669a52f51d36fdb5f255,2023-03-20 12:53:22
https://github.com/tensorflow/tensorflow/commit/1ed40e77af71f98015bccb342a0ceb349f736b52,2023-03-20 12:14:25
https://github.com/tensorflow/tensorflow/commit/8805f02dd9764c9f6e47a80e538b99f20318289d,2023-03-16 14:39:23
https://github.com/tensorflow/tensorflow/commit/329261a2e7fc0d85b73d0de024c6b010967b6fe1,2023-03-16 14:19:29
https://github.com/tensorflow/tensorflow/commit/84d0615272667671f60e785d978e6b84422be3a7,2023-03-15 21:43:41
https://github.com/tensorflow/tensorflow/commit/ea5d849be1ea2943a8873ef68d631f702b3d4594,2023-03-13 22:01:16
https://github.com/tensorflow/tensorflow/commit/868c6725d1122eeb321c52298dc14c37f5cb4889,2023-03-13 21:38:51
https://github.com/tensorflow/tensorflow/commit/f1945921a30f2b914c2b8bcfb20f2c224301f24f,2023-03-07 13:38:03
https://github.com/tensorflow/tensorflow/commit/e5a244d8ae2e51e4355b968f51116ec6e8460b31,2023-02-28 12:43:37
https://github.com/tensorflow/tensorflow/commit/683de93d5f12edd5e9dcd9843dd32ce8b48a27eb,2023-02-27 18:54:17
https://github.com/tensorflow/tensorflow/commit/56d215967aa7ac97e10b05b680aed52381e611ab,2023-02-27 12:54:14
https://github.com/tensorflow/tensorflow/commit/6b167daef1d6953fd908c1ced6f347e1a7758138,2023-02-23 14:45:22
https://github.com/tensorflow/tensorflow/commit/a1b9edad9aee7475d176e29d4af73c5e809f8be1,2023-02-21 13:55:35
https://github.com/tensorflow/tensorflow/commit/ca291170e701b8b81fe9ffba1475c1261fcb990a,2023-02-21 01:35:11
https://github.com/tensorflow/tensorflow/commit/8de1b71a23c990bc70dfa67a99a13559ee03e30a,2023-02-16 16:21:27
https://github.com/tensorflow/tensorflow/commit/c69eda182c544a38698c3b2c7071e5283bbb5849,2023-02-13 21:52:02
https://github.com/tensorflow/tensorflow/commit/b9fdc987b018d481603dabc84749f16b88114e43,2023-02-13 14:31:10
https://github.com/tensorflow/tensorflow/commit/9dd17a3bf1f23e39040e85681369a8237cbf7146,2023-02-10 16:01:20
https://github.com/tensorflow/tensorflow/commit/3231f89230a0b1f8f0e4816604a2a36bf244e763,2023-02-08 23:58:01
https://github.com/tensorflow/tensorflow/commit/f74375a4c18672dca65514957d9c830094b6f39c,2023-02-08 15:06:31
https://github.com/tensorflow/tensorflow/commit/b5eae3752e28071e805db0925e3661742ee1a5cd,2023-02-08 12:32:35
https://github.com/tensorflow/tensorflow/commit/79f8cd01bd871bffa14c63a6562a55a71cea4398,2023-02-06 15:08:30
https://github.com/tensorflow/tensorflow/commit/5d72568187569d40e6455c9a83aa8c51e730351e,2023-02-06 12:49:43
https://github.com/tensorflow/tensorflow/commit/f024cd92f64190f0efc06253ace34043c7f478ed,2023-02-03 23:51:23
https://github.com/tensorflow/tensorflow/commit/0f8f19fb0ddeede2836a4431b19e2fe35018d271,2023-02-03 15:54:32
https://github.com/tensorflow/tensorflow/commit/5552cb0d2200a37aa1a4d7a3a0846a6a4756e264,2023-02-03 09:07:59
https://github.com/tensorflow/tensorflow/commit/8b1ff1161554fd18717d9cc2043ca97b099f7606,2023-02-02 18:55:26
https://github.com/tensorflow/tensorflow/commit/5bf253cb1da3a7b862f332ccdc9a277d6669ba71,2023-02-01 10:48:09
https://github.com/tensorflow/tensorflow/commit/8f49e2b3e38a7bed7445f14127b8a8c7df836d92,2023-02-01 08:54:59
https://github.com/tensorflow/tensorflow/commit/8386c6ed2a1f7905941b1706b9d8f134400f09a1,2023-01-31 17:18:22
https://github.com/tensorflow/tensorflow/commit/39234407956f746a363935d0a4dd70eb72bde99c,2023-01-31 16:53:30
https://github.com/tensorflow/tensorflow/commit/3b716f81d39c7dbf7cf2a1be61c1493b4dacfde0,2023-01-31 16:16:42
https://github.com/tensorflow/tensorflow/commit/55938f8f0f9456d7a0c8dc788352813fa20cc718,2023-01-27 17:17:39
https://github.com/tensorflow/tensorflow/commit/877e6ecbd43957d8e7313efb61e962149f6231cb,2023-01-27 14:56:02
https://github.com/tensorflow/tensorflow/commit/555dd16a4cbb4078ddf549f06617b500b8e8fe99,2023-01-26 07:33:03
https://github.com/tensorflow/tensorflow/commit/d9f4f05f2bf31b38e6ca5636d1a2d3048643fba6,2023-01-18 12:24:33
https://github.com/tensorflow/tensorflow/commit/2eb474d28997b78dfac285fe7b19b0f51a15a23b,2023-01-17 18:16:13
https://github.com/tensorflow/tensorflow/commit/74e2e7d5ef9c24dd08f657309c8b5c3bd20cb0f2,2023-01-17 17:05:19
https://github.com/tensorflow/tensorflow/commit/6b265a78cabc368c60e555d43ecb63bd6944805d,2023-01-17 16:41:32
https://github.com/tensorflow/tensorflow/commit/d31b064eb5d3381c32b0da600e8cd9c9c299a47d,2023-01-17 03:53:56
https://github.com/tensorflow/tensorflow/commit/aad1efd6c3120952decab0d86b1699c2d3500cc2,2023-01-11 20:02:45
https://github.com/tensorflow/tensorflow/commit/cbc2bae6851aa5fba10fa969607bc11dec92d1b6,2023-01-11 17:55:01
https://github.com/tensorflow/tensorflow/commit/5dadfe4fb9629d4ca54054104754d4cc03d67623,2023-01-11 10:23:17
https://github.com/tensorflow/tensorflow/commit/8405f33e590e1639927dcf0658724b03a5ee6ddc,2023-01-09 20:31:06
https://github.com/tensorflow/tensorflow/commit/281e8e61224bd196b765989ef911ea1002a0f926,2023-01-09 19:45:40
https://github.com/tensorflow/tensorflow/commit/b46a2dba8bfa4003b5134003ab1325f88aa878f6,2023-01-06 06:13:41
https://github.com/tensorflow/tensorflow/commit/9a6dffe783a268b0270927673c8b8317aaf5bd96,2023-01-06 03:47:30
https://github.com/tensorflow/tensorflow/commit/219b178e1a4d9766d5413ad4c6ff14879e80b8ea,2022-12-29 23:29:28
https://github.com/tensorflow/tensorflow/commit/a61749e41165c557fc62b6e40370705f113ed8a6,2022-12-29 00:02:37
https://github.com/tensorflow/tensorflow/commit/216324a83ea3574f522f4bf500ebfe2c6857824c,2022-12-23 14:40:20
https://github.com/tensorflow/tensorflow/commit/e341c098200600138a0726a4d10a35c9e04bd60e,2022-12-22 17:50:56
https://github.com/tensorflow/tensorflow/commit/798bd2c84a5ba83292fcd98404ad04a263ddc6df,2022-12-16 05:10:49
https://github.com/tensorflow/tensorflow/commit/1523318e903209bf149db7a6a1a8eea6918c07b9,2022-12-14 13:00:52
https://github.com/tensorflow/tensorflow/commit/01fa5e1e9485b9d1ba4cabd50edcfd214c65b9bc,2022-12-08 10:47:55
https://github.com/tensorflow/tensorflow/commit/b371e9840324f7277ebec8f20bfbb0863fca4fb0,2022-12-05 20:46:00
https://github.com/tensorflow/tensorflow/commit/c68a562ce6faa98680c97e9c8404f8d486656b8d,2022-12-05 20:12:28
https://github.com/tensorflow/tensorflow/commit/6b790504471057ac3368aa7d69c3678e1e7b1e45,2022-12-05 00:46:51
https://github.com/tensorflow/tensorflow/commit/921efd4c034fe94a9f88bf213c2bb1ecb123ca02,2022-11-30 11:03:49
https://github.com/tensorflow/tensorflow/commit/468e19b1d95126e21e0e2bfcebbd6fe8d305235c,2022-11-29 18:28:29
https://github.com/tensorflow/tensorflow/commit/aae5d9f251a50cb5bf7ebe87fce18f78e03233e5,2022-11-29 18:21:56
https://github.com/tensorflow/tensorflow/commit/72d57d68121257c089a39cf99c406591ad9ccb5d,2022-11-29 16:34:19
https://github.com/tensorflow/tensorflow/commit/4eac0efea5fc5d1d24deb062a5f4096175ead812,2022-11-23 20:28:39
https://github.com/tensorflow/tensorflow/commit/40e2cbf3dfd56022d1ad91880e63f77c950e4d28,2022-11-17 17:49:46
https://github.com/tensorflow/tensorflow/commit/b9175486c37414542f73bf11739620e27f6cb6c8,2022-11-16 12:12:46
https://github.com/tensorflow/tensorflow/commit/f320f5c91e4e70b1ef383aef32b50cc6a268493b,2022-11-02 18:51:23
https://github.com/tensorflow/tensorflow/commit/df411d343d16160332a5d7e2d54d653ce43e51a8,2022-10-29 00:42:24
https://github.com/tensorflow/tensorflow/commit/17cfac3db0b6e930d6f0ee7435f200459ae95b32,2022-10-28 13:49:18
https://github.com/tensorflow/tensorflow/commit/76f728c35e5c34133cdd832c4e494de80331667a,2022-10-26 20:51:52
https://github.com/tensorflow/tensorflow/commit/38af575aa32c5633395a538114fd85e5e7fe049b,2022-10-26 07:03:17
https://github.com/tensorflow/tensorflow/commit/185fe3049343a01d6de0acbd33721575767232e8,2022-10-25 19:10:45
https://github.com/tensorflow/tensorflow/commit/a6d197a36d3f771ce2d4e67706b73969ea6536d6,2022-10-25 15:36:47
https://github.com/tensorflow/tensorflow/commit/0f30ce7ed3902369c5938ba3cd0c078c7c8eb657,2022-10-24 13:27:50
https://github.com/tensorflow/tensorflow/commit/a6d3c055cd6364cfd2a285a7015c6e6f1abff8fb,2022-10-21 18:50:16
https://github.com/tensorflow/tensorflow/commit/5573a6f4b39e2b553d70696e36b0d4f06fd51db1,2022-10-21 18:44:28
https://github.com/tensorflow/tensorflow/commit/4623c32b57ed95c5b2f47cb5691603e46e92eb03,2022-10-18 14:07:32
https://github.com/tensorflow/tensorflow/commit/0de42bcd5a44ff9b484bd3a3d34f88e464a8182e,2022-10-18 12:43:34
https://github.com/tensorflow/tensorflow/commit/aa6d0555a2f99762809f50e3cb339795b02d653e,2022-10-13 13:39:15
https://github.com/tensorflow/tensorflow/commit/3089547dde1b9b54176676e73fa20d13077346b1,2022-10-12 21:54:59
https://github.com/tensorflow/tensorflow/commit/77cb09ff50c96c0231c5d84c12c8de38ea6abe84,2022-10-05 19:13:23
https://github.com/tensorflow/tensorflow/commit/5ebc4de952f524d5a63b401059df0581972bb99a,2022-09-28 18:01:46
https://github.com/tensorflow/tensorflow/commit/50e1ba1ec4952af896a68ff4844f7046f7d28f03,2022-09-28 15:36:40
https://github.com/tensorflow/tensorflow/commit/ce82656e812348e33c62d806ec2609e27a10310d,2022-09-27 05:55:31
https://github.com/tensorflow/tensorflow/commit/afcd6eb47b9e5b806a7885e9579f566f9eb17d0b,2022-09-27 01:39:13
https://github.com/tensorflow/tensorflow/commit/5b6f7d228f4bb57ec1282eb7bc0c8f738233432d,2022-09-23 18:03:32
https://github.com/tensorflow/tensorflow/commit/345d064279aeaba924d961322a129555d850bb8b,2022-09-22 14:02:54
https://github.com/tensorflow/tensorflow/commit/1d8a0787f55b305620e56f857182ab9f742d3e27,2022-09-22 13:35:04
https://github.com/tensorflow/tensorflow/commit/d73d564010f8b3634984c63c7edaa947298dcb03,2022-09-21 20:06:53
https://github.com/tensorflow/tensorflow/commit/62202efa4236f3fd6b8551796b4aece13844e6be,2022-09-15 23:00:06
https://github.com/tensorflow/tensorflow/commit/96119f22d7daff06e4bc7c02c8b3d2b48d294e00,2022-09-15 22:44:13
https://github.com/tensorflow/tensorflow/commit/471101427983a1e591e2661a873eb20790b93199,2022-09-15 22:25:56
https://github.com/tensorflow/tensorflow/commit/1c1b85815a411023dff3167f276c4fb373ecd311,2022-09-15 18:08:28
https://github.com/tensorflow/tensorflow/commit/fe33f1a740eb95ed78741d6e74ba74031735c000,2022-09-09 05:21:47
https://github.com/tensorflow/tensorflow/commit/3472c8b8e16f5bad52b00896c4e55b53ac99d7ce,2022-08-29 18:40:31
https://github.com/tensorflow/tensorflow/commit/bff190beb474873ed46ef2b0e210f663b1d74fad,2022-08-29 16:12:33
https://github.com/tensorflow/tensorflow/commit/d87676a10811808a17a6adfd8972fcd1f1be9622,2022-08-27 06:17:55
https://github.com/tensorflow/tensorflow/commit/9df90de03556a778a959ba286c644041480f03ae,2022-08-19 14:15:03
https://github.com/tensorflow/tensorflow/commit/72d1ca0c3cb67eab29e0983db5fae23ca556f6cf,2022-08-16 22:21:05
https://github.com/tensorflow/tensorflow/commit/68b45d1aa988faf80d2efe870d3a715e54cd66cc,2022-08-16 12:43:10
https://github.com/tensorflow/tensorflow/commit/4d448426f5fbb0107b1c1904ded357242855d55c,2022-08-10 16:14:23
https://github.com/tensorflow/tensorflow/commit/2768a9e9073ac46f2be1779dfeaa635ef5bbe2d3,2022-08-08 08:38:08
https://github.com/tensorflow/tensorflow/commit/33f81cae638156e9268d8b12537ebd6ad5d4e77c,2022-08-03 03:16:05
https://github.com/tensorflow/tensorflow/commit/276ad5fe5bfc1186cca0da25c4ed7690f0174f9e,2022-08-02 13:29:10
https://github.com/tensorflow/tensorflow/commit/5be21c86bd961022fb62bf915391b8544cfd94c8,2022-07-26 16:08:31
https://github.com/tensorflow/tensorflow/commit/35833acda373cf40d957639c1ba3978b809d3c6a,2022-07-26 03:57:32
https://github.com/tensorflow/tensorflow/commit/0c5b7d51a400ee4f180cc6096db18ef96f41625e,2022-07-26 02:33:22
https://github.com/tensorflow/tensorflow/commit/1281c43d84cffa7ff387658bac007719df8e7d9c,2022-07-22 01:43:47
https://github.com/tensorflow/tensorflow/commit/67352edf6c6a99c6e3d16bd10a55828428ad8f04,2022-07-21 17:25:49
https://github.com/tensorflow/tensorflow/commit/32c4149b329110c454068bf33dfb0d75ca0b8789,2022-07-20 20:30:50
https://github.com/tensorflow/tensorflow/commit/f410da3371cfde957411555ac295c05e08350cf6,2022-07-20 17:21:17
https://github.com/tensorflow/tensorflow/commit/0f2ca64a4fa6bc78d0819dc7ea3272882024d0e0,2022-07-20 17:12:14
https://github.com/tensorflow/tensorflow/commit/6ef6485babe8bca7cb9e524fd6caa879549740d9,2022-07-20 17:05:00
https://github.com/tensorflow/tensorflow/commit/20f316cacc40320f638b10adc00cb475f8ac83a5,2022-07-19 20:03:02
https://github.com/tensorflow/tensorflow/commit/2bd4767084d4621d67a5548a46437e8103533184,2022-07-15 19:36:47
https://github.com/tensorflow/tensorflow/commit/fb6c188d85b3abbe56a7dc5c0867d2f8f9059d59,2022-07-12 15:49:47
https://github.com/tensorflow/tensorflow/commit/a52fcef1b73384befaff2a9fb2618897413f8d28,2022-07-07 18:59:05
https://github.com/tensorflow/tensorflow/commit/fbff9fd15e4241e7e2beedf9fbaae0c73e0dd66c,2022-07-01 08:26:18
https://github.com/tensorflow/tensorflow/commit/7b4631efa1fa801bcc02cbe16a4482b8373a3d65,2022-06-29 15:26:58
https://github.com/tensorflow/tensorflow/commit/8800c48b5507bfcb0acda79554ad484f05116c12,2022-06-28 10:01:34
https://github.com/tensorflow/tensorflow/commit/094ca7ad309a899fb1ba11b4b4e2a883d53567dc,2022-06-28 09:56:07
https://github.com/tensorflow/tensorflow/commit/3e3bcde61541761c75a8ca1aafed447e7676abb5,2022-06-21 13:10:05
https://github.com/tensorflow/tensorflow/commit/712b22feb176c2ca03706d596288e75110ef4156,2022-06-20 17:26:02
https://github.com/tensorflow/tensorflow/commit/387c75450ecfc0943938972ed89c02a6251fc1ce,2022-06-16 13:36:49
https://github.com/tensorflow/tensorflow/commit/87c892726d1ca89d24d4e384482a1c6bbbb4e1aa,2022-06-15 11:35:52
https://github.com/tensorflow/tensorflow/commit/81b75f60efdc793cfa4005ee91cf80b2e409c5c1,2022-06-08 20:22:24
https://github.com/tensorflow/tensorflow/commit/6d6677a929c6b91c8bfe52297c156dacc136b239,2022-06-06 08:38:35
https://github.com/tensorflow/tensorflow/commit/66a2d21d097cf32ec87e148ae87b10adf1ab5331,2022-06-03 17:08:12
https://github.com/tensorflow/tensorflow/commit/4d6e6bafaa0e3e014d40d0ff3a8d305d14698b5e,2022-06-01 01:43:15
https://github.com/tensorflow/tensorflow/commit/a9470a65bd3f70c2aefa0bfe3d6007432b578284,2022-05-27 17:12:19
https://github.com/tensorflow/tensorflow/commit/2f006a44cfa1fd9d14f6b55bf594d2369bffec7e,2022-05-25 18:58:15
https://github.com/tensorflow/tensorflow/commit/a20f709e306774eabbcdb26eaf5e2118948044aa,2022-05-25 15:03:37
https://github.com/tensorflow/tensorflow/commit/b0137228c3920977ee0fecbaa7a56f8629711f52,2022-05-25 00:01:32
https://github.com/tensorflow/tensorflow/commit/15c26be8f79834ae5a6123939b4885e4d6a112af,2022-05-24 00:24:41
https://github.com/tensorflow/tensorflow/commit/28d943b7d40a6a59ad0c888c1b3859902aab1688,2022-05-23 07:51:18
https://github.com/tensorflow/tensorflow/commit/dc00a5331fee9c5f2d7e12bd1ae27b102b788959,2022-05-19 03:29:15
https://github.com/tensorflow/tensorflow/commit/ce0396ecd0267b5a85623c9354347d9de0464b23,2022-05-13 12:09:12
https://github.com/tensorflow/tensorflow/commit/8aa80957e270734fa4ed903f5135e63109572e08,2022-05-10 20:51:13
https://github.com/tensorflow/tensorflow/commit/34257b0fd57205059cc561f059e26a9e35974bbe,2022-05-04 11:18:54
https://github.com/tensorflow/tensorflow/commit/deda2e3f0c64ae9d6dff53a338dafcadb53b1431,2022-04-25 17:24:31
https://github.com/tensorflow/tensorflow/commit/0130cce83af0e700a6f2c3220dfa3f614fc37085,2022-04-13 17:37:27
https://github.com/tensorflow/tensorflow/commit/d145efc54b1df772dab59b0fa1dd760cd2fa723f,2022-04-13 17:37:09
https://github.com/tensorflow/tensorflow/commit/6936706d490c32f5c9d974d20e3f972a37804201,2022-04-13 17:36:55
https://github.com/tensorflow/tensorflow/commit/5034247607622361beab0feaa0c19dfa2f0b6d14,2022-04-13 17:36:42
https://github.com/tensorflow/tensorflow/commit/6d4641a887c7fd526875c0d6f6da0872fb1f696c,2022-04-13 17:36:12
https://github.com/tensorflow/tensorflow/commit/7a630f7703da08ca43c242a840cfb1bf51b7263f,2022-04-13 17:35:57
https://github.com/tensorflow/tensorflow/commit/b748413a803229ef668bac8061a49d7cde46ed58,2022-04-11 12:17:50
https://github.com/tensorflow/tensorflow/commit/ffea1aae91cd7dd471f3c2f61e6e74e8fc4215fc,2022-04-11 11:54:23
https://github.com/tensorflow/tensorflow/commit/10d8770a80a72e53b1eb40d22a24616b40ab2c48,2022-04-06 06:55:30
https://github.com/tensorflow/tensorflow/commit/a5e670f37f90753dab9a67507e8752372f2b308c,2022-03-29 16:38:49
https://github.com/tensorflow/tensorflow/commit/01e5a2db0230f003cb069bb584b35669eade4ba7,2022-03-24 12:37:14
https://github.com/tensorflow/tensorflow/commit/f62c8863b3e19b81d2484a95e96ddb854ea66b2f,2022-03-23 15:19:25
https://github.com/tensorflow/tensorflow/commit/752984b0a8de6a360cb897c33323639a7a4c4949,2022-03-22 18:43:26
https://github.com/tensorflow/tensorflow/commit/6218689b9ad8686794a8d70e3a0054ca19e5c544,2022-03-21 19:05:37
https://github.com/tensorflow/tensorflow/commit/2181645d7289d08ab67af114bd234f1eb7621bc6,2022-03-21 13:54:15
https://github.com/tensorflow/tensorflow/commit/4915b1eed0c914d5482e1175c88faeda94e057a8,2022-03-18 16:14:46
https://github.com/tensorflow/tensorflow/commit/1e5fbe0d7746ed9a5644b7961b69f55f81e20e2c,2022-03-17 15:42:23
https://github.com/tensorflow/tensorflow/commit/8fba6855865268d62111ea59c9e1e69583f93add,2022-03-17 08:09:09
https://github.com/tensorflow/tensorflow/commit/608afba608e643f848ef5c9bcd9d4338c067b037,2022-03-15 19:40:07
https://github.com/tensorflow/tensorflow/commit/c63e869e5eb9f89627551e0360dd48f1df2babe0,2022-03-07 17:14:13
https://github.com/tensorflow/tensorflow/commit/a7873fa24f25d8188560a746203382a8f0ce4b80,2022-03-03 09:54:14
https://github.com/tensorflow/tensorflow/commit/63a1543d52326979830a8b49da7c2967e73bf1d5,2022-03-01 20:05:35
https://github.com/tensorflow/tensorflow/commit/8d4cb00f0fde4baeb0b11bdef09ef3aa7cb55b93,2022-02-28 11:51:17
https://github.com/tensorflow/tensorflow/commit/b5c8968ff145227ccf03061b582b06663fca55f1,2022-02-25 15:06:27
https://github.com/tensorflow/tensorflow/commit/c652bed5aef256df19e44c6a796b9318b5bf9496,2022-02-24 11:15:07
https://github.com/tensorflow/tensorflow/commit/39bd65bf8d4c382c6217c52425ddf0fa83f3b2fa,2022-02-22 23:13:00
https://github.com/tensorflow/tensorflow/commit/32af2a3229c8f1bdde5103bf783114eba12c1bce,2022-02-12 23:30:24
https://github.com/tensorflow/tensorflow/commit/814883f04962dd4df85d9244e5ef86ed46b9d8ca,2022-02-08 17:33:51
https://github.com/tensorflow/tensorflow/commit/7867014df1ce2b7c31ff59ce46a08b4ce115d94e,2022-02-08 16:04:48
https://github.com/tensorflow/tensorflow/commit/3edc862f922b43bedbafad0f6b091a9d71055795,2022-02-08 14:38:33
https://github.com/tensorflow/tensorflow/commit/ecda9b3d753eff967c7f88eef84c7c9f3dec7fef,2022-02-01 12:56:34
https://github.com/tensorflow/tensorflow/commit/e6a59c2da9976b603a2d90e9a7a7766d18e55803,2022-01-27 17:47:30
https://github.com/tensorflow/tensorflow/commit/e4b62da3a61a1b43bda8eb3aad85de5e83cf354d,2022-01-14 14:23:24
https://github.com/tensorflow/tensorflow/commit/93d09ee4ac3a44925595884390be6eb48103e840,2022-01-13 17:09:06
https://github.com/tensorflow/tensorflow/commit/d8a08942d4702f96b9ef7c7f05cb7f5ed0cb43b4,2022-01-12 15:48:01
https://github.com/tensorflow/tensorflow/commit/913aed00db90cf812a77a9f043ef961b57c0db83,2022-01-12 14:33:51
https://github.com/tensorflow/tensorflow/commit/cb30d3588f987b99d3b6f7c7863599b9a8f654a8,2022-01-11 15:09:20
https://github.com/tensorflow/tensorflow/commit/9d8f4e90ea5410c64c38abe696b18c05f8d762ba,2022-01-11 13:28:08
https://github.com/tensorflow/tensorflow/commit/5cf030785b78c672ac49a58fecf7911ccd8d9442,2022-01-11 11:13:22
https://github.com/tensorflow/tensorflow/commit/5d2a37a1ca528d454fc33400cad1d3163f1672b2,2022-01-07 17:38:57
https://github.com/tensorflow/tensorflow/commit/6234f3376d81bade727ae691200010af031c24d2,2022-01-07 12:05:13
https://github.com/tensorflow/tensorflow/commit/1a28739b0ce1f6670f1d6d93badc5f3b1ecdfe7d,2022-01-04 16:41:53
https://github.com/tensorflow/tensorflow/commit/7e7a73b9de37b658b59d12be993271849cc02916,2022-01-03 22:02:00
https://github.com/tensorflow/tensorflow/commit/c191a1083020eb598fb6e549010cf90b1ba04bb7,2021-12-30 23:18:54
https://github.com/tensorflow/tensorflow/commit/0d3be41279c77ae76ce26fd175c14b63d47ba8e7,2021-12-30 14:25:45
https://github.com/tensorflow/tensorflow/commit/c3510a0aa8949bbb5c4852994f6225fcb8b2d12c,2021-12-22 08:48:09
https://github.com/tensorflow/tensorflow/commit/6005ff64bfd9fb47e1a7aa5475a53ed90fd91776,2021-12-20 20:43:10
https://github.com/tensorflow/tensorflow/commit/894bdd6a269fa0fa3b067febd79abfa9fff635d9,2021-12-14 08:57:18
https://github.com/tensorflow/tensorflow/commit/bd80395019f2b0b0eaab3f7186e13b4729c07e0e,2021-12-09 15:26:36
https://github.com/tensorflow/tensorflow/commit/3b956a58ac5eeaf87678fe903537b2e38aed7018,2021-12-09 08:10:43
https://github.com/tensorflow/tensorflow/commit/4b262f5774f7e5c8db08cc44dea1f909bfb3d786,2021-12-08 09:30:25
https://github.com/tensorflow/tensorflow/commit/d7ac4a56f282d042a2f0d0372d3363b8947dd764,2021-12-08 01:41:58
https://github.com/tensorflow/tensorflow/commit/5c252f8c508ea30f7414378cb43571f58b503867,2021-12-07 21:11:52
https://github.com/tensorflow/tensorflow/commit/005ddfe4a123d7471030065f73d4fade10cc2775,2021-12-07 20:28:44
https://github.com/tensorflow/tensorflow/commit/80bcfe068776b227ef3d26318d58194ecbd26956,2021-12-07 20:24:17
https://github.com/tensorflow/tensorflow/commit/d68b03fae432f45dd24faed3889fcd167c7a6074,2021-12-07 17:07:18
https://github.com/tensorflow/tensorflow/commit/45d7d254a5736a1702c2378aa24ec7c4e26daaf2,2021-12-07 12:45:01
https://github.com/tensorflow/tensorflow/commit/dcaa60290e85d186ebd9eae9df87b2bbc4756099,2021-12-07 12:08:20
https://github.com/tensorflow/tensorflow/commit/4b8b9db1ac4f102a7abbe8dff96ad59a20bb2aac,2021-12-06 21:56:27
https://github.com/tensorflow/tensorflow/commit/aba622c15efe76cfae043e2478a2b6c7c9277077,2021-12-04 07:25:09
https://github.com/tensorflow/tensorflow/commit/a4fb02b15ec7692d1ec0ca72b376d7a8b94f281c,2021-12-03 22:56:45
https://github.com/tensorflow/tensorflow/commit/0c1c22071bdd35e83ed0163b45d4bcc9cc428457,2021-12-03 14:04:11
https://github.com/tensorflow/tensorflow/commit/29d30e09cd6266a2ffc8240cf0e9d117970c94b5,2021-12-02 13:14:04
https://github.com/tensorflow/tensorflow/commit/c3671002a364ff5bda8d23885ac0a7ebe8ad8eff,2021-11-30 20:58:46
https://github.com/tensorflow/tensorflow/commit/1262377f39bbd734a9a8da65dba699f1e492d59a,2021-11-24 09:18:19
https://github.com/tensorflow/tensorflow/commit/201345c2dfc40b842a1f9e3e731f4309b056ecb0,2021-11-19 15:46:04
https://github.com/tensorflow/tensorflow/commit/8afd8c4954ee6b3394b4a5a2af8bec1e921efea7,2021-11-17 21:29:00
https://github.com/tensorflow/tensorflow/commit/dcc21c7bc972b10b6fb95c2fb0f4ab5a59680ec2,2021-11-12 11:28:29
https://github.com/tensorflow/tensorflow/commit/09dab4f0e0f3785c3b764b64b476831e529bb139,2021-11-12 10:30:03
https://github.com/tensorflow/tensorflow/commit/ef1d027be116f25e25bb94a60da491c2cf55bd0b,2021-11-09 14:22:09
https://github.com/tensorflow/tensorflow/commit/c2b31ff2d3151acb230edc3f5b1832d2c713a9e0,2021-11-08 13:21:15
https://github.com/tensorflow/tensorflow/commit/88b45afb4009fa347e446a647f1ea43ee1843837,2021-11-03 14:28:25
https://github.com/tensorflow/tensorflow/commit/27419e9f339b11e590e80aa965598e52bcd371dc,2021-11-03 14:18:28
https://github.com/tensorflow/tensorflow/commit/3f507b4f8a39a2978d0a626b3128549bf45505aa,2021-10-30 20:09:47
https://github.com/tensorflow/tensorflow/commit/6ab00d035f162354cbb946b775b354e02dcd73dc,2021-10-28 13:43:27
https://github.com/tensorflow/tensorflow/commit/e2d117929e6cc4fa4c7ae3ab965997aecba87bf6,2021-10-26 21:35:35
https://github.com/tensorflow/tensorflow/commit/d4fe9e38485c499d2993f99cb806b99ab35b1b86,2021-10-26 18:13:06
https://github.com/tensorflow/tensorflow/commit/9fed570e077126998a93743f096479735b7ee198,2021-10-25 14:13:18
https://github.com/tensorflow/tensorflow/commit/e4045d49f7c1342dbbac0474cba8679a136ae972,2021-10-21 13:50:17
https://github.com/tensorflow/tensorflow/commit/839c78433c883f8f0f78839b4953db941c896a7f,2021-10-21 01:18:29
https://github.com/tensorflow/tensorflow/commit/b7c807287d23254e04da48033cabd63e7380628f,2021-10-20 18:07:15
https://github.com/tensorflow/tensorflow/commit/b84cc9a4abd7d087653b430d26579d2d1fe3c6e9,2021-10-20 17:46:24
https://github.com/tensorflow/tensorflow/commit/4ad90cc1caf3bdd40ef8c442a706be93dd844b43,2021-10-13 20:12:36
https://github.com/tensorflow/tensorflow/commit/d048132df9f43f10e29d94108cfec17de87433b0,2021-10-06 01:57:01
https://github.com/tensorflow/tensorflow/commit/c29040f139a1b2c9ad2304796d7c9261f9699c93,2021-10-05 16:33:34
https://github.com/tensorflow/tensorflow/commit/af4115fb4dc1adc8cd49c729f4331dedf95797f3,2021-10-01 00:34:28
https://github.com/tensorflow/tensorflow/commit/63a4f82cf87cfd28b8533c25bcceaf12889c947f,2021-09-28 15:16:35
https://github.com/tensorflow/tensorflow/commit/8eccfc17bfc6567c9d0c8472ff7919c1a9b62b94,2021-09-21 01:42:22
https://github.com/tensorflow/tensorflow/commit/c2181bcd3e219e7c271776c7c1ec628fdc16f788,2021-09-13 14:36:44
https://github.com/tensorflow/tensorflow/commit/09ba5577d553146bac9d93844d741fdf58f08600,2021-09-09 20:17:00
https://github.com/tensorflow/tensorflow/commit/1a21073f082824116f6fb17274fc682201bd72b8,2021-09-09 18:27:30
https://github.com/tensorflow/tensorflow/commit/d2e0e7958f71ac841c2d4e6e2ec0c35276c80537,2021-09-09 05:25:26
https://github.com/tensorflow/tensorflow/commit/64387f4e027a4e4980a4203cf78a87c3c402c659,2021-09-08 19:07:21
https://github.com/tensorflow/tensorflow/commit/cc0620d64e3c6b3d1abbfc86644eb874b61e0b9b,2021-09-08 17:27:03
https://github.com/tensorflow/tensorflow/commit/755b71370e27d4710519a29920ce8df08737bad4,2021-08-24 12:00:06
https://github.com/tensorflow/tensorflow/commit/58905c0a7a6bea06ec450505db97a1849fe8a671,2021-08-24 06:47:49
https://github.com/tensorflow/tensorflow/commit/8714a150aae0cc62703e5b7070747443296903d3,2021-08-23 17:40:32
https://github.com/tensorflow/tensorflow/commit/cb66b7835163d9eca1e48f82642d185c92ffc81a,2021-08-18 06:54:01
https://github.com/tensorflow/tensorflow/commit/0e91ea00780443833bef2d2a55189c6fef939379,2021-08-02 11:16:49
https://github.com/tensorflow/tensorflow/commit/e07213384d16f3d26eb98934fcf8902a017deeb5,2021-07-28 09:50:33
https://github.com/tensorflow/tensorflow/commit/59c07f3010b43304f4c8601594bf98b14cc35597,2021-07-27 19:55:25
https://github.com/tensorflow/tensorflow/commit/c9d6f6f031f51c92949ede7c44b74a43a6f0c2a4,2021-07-26 21:07:01
https://github.com/tensorflow/tensorflow/commit/f6ca173b12eaa9c212d1935586e88f04bbff8403,2021-07-26 13:20:17
https://github.com/tensorflow/tensorflow/commit/fd639d1ac1191818ff79a7a7698f0234d25d7a39,2021-07-26 01:21:47
https://github.com/tensorflow/tensorflow/commit/973d0896504bc573b5c3b12a101b43852205edfb,2021-07-23 18:45:25
https://github.com/tensorflow/tensorflow/commit/caf62f37a9518eeabc777f30e119934fc74dfda9,2021-07-23 14:31:14
https://github.com/tensorflow/tensorflow/commit/65627b449f1d4ec19aa7b7ae86154b936049aab7,2021-07-21 13:45:38
https://github.com/tensorflow/tensorflow/commit/25e6477d7b453c51baab9c2dec2ea2602fc4019d,2021-07-16 15:56:27
https://github.com/tensorflow/tensorflow/commit/1c11769caff68dfe4172399c338b48367c1558a3,2021-07-15 13:18:27
https://github.com/tensorflow/tensorflow/commit/6f7fd1b82f613959779f678e827abd958c397a05,2021-07-14 17:51:53
https://github.com/tensorflow/tensorflow/commit/9175b89e51e5aa55a81e51ebc1d4be8a83d395a3,2021-07-14 11:42:05
https://github.com/tensorflow/tensorflow/commit/456af48684a1bf1d549e244340afc639e804051d,2021-07-12 08:15:49
https://github.com/tensorflow/tensorflow/commit/e245af12765996de30bf97fe7a40163ebc3e51d4,2021-07-08 15:26:29
https://github.com/tensorflow/tensorflow/commit/9fd013d10567bc7d591daf9118e0cc7ce1ba578b,2021-07-07 17:09:03
https://github.com/tensorflow/tensorflow/commit/3fb83ce583d50c365432c7a3cfffc08fb3fedc2c,2021-07-02 13:19:06
https://github.com/tensorflow/tensorflow/commit/35223865b9bcfba69bef8ca4bffdef7f812d0cd3,2021-07-01 13:12:16
https://github.com/tensorflow/tensorflow/commit/2c3bdb6eab5f8e3abd4f9c0b8fb18132698b349b,2021-06-30 12:15:54
https://github.com/tensorflow/tensorflow/commit/897e6d2c0803485af9159b40dfe0fb7a37951688,2021-06-30 08:52:04
https://github.com/tensorflow/tensorflow/commit/c5a0cf79f465d97e48c067d028856957641239fb,2021-06-29 14:12:09
https://github.com/tensorflow/tensorflow/commit/ab06e14e06befed3eb3c83dfe6cc2c7fdeaa2f74,2021-06-28 22:38:35
https://github.com/tensorflow/tensorflow/commit/93f3acb54f09ca7ef6d02ec1ba55de4d6ed707ed,2021-06-28 03:28:41
https://github.com/tensorflow/tensorflow/commit/3ff4499d902b9e9707c3fbf57f094a60fca70f77,2021-06-16 15:19:32
https://github.com/tensorflow/tensorflow/commit/1ee1a8073e01badcbcf186aebaa7a2428e04606e,2021-06-16 10:56:57
https://github.com/tensorflow/tensorflow/commit/9d3c37e872c3775715dae15664ce3b4fbd3854fa,2021-06-15 10:37:42
https://github.com/tensorflow/tensorflow/commit/c405c59212c764485818fad8b34294c0b553e6fb,2021-06-15 08:19:19
https://github.com/tensorflow/tensorflow/commit/e60741121151ead703ea659dc7ccce5e60afff00,2021-06-12 05:47:39
https://github.com/tensorflow/tensorflow/commit/d3bbd2ffc930220455e12a9269057f0e200147f9,2021-06-11 14:17:59
https://github.com/tensorflow/tensorflow/commit/d20eb1de0902100f218707fd2ea9a5812fc9c005,2021-06-11 14:00:21
https://github.com/tensorflow/tensorflow/commit/61b97bb772c96dea93ad1e3a9016093b34cc6c55,2021-06-09 10:55:13
https://github.com/tensorflow/tensorflow/commit/3e6eb263935b2a23aa4af90751755e44263a57d7,2021-06-07 17:53:58
https://github.com/tensorflow/tensorflow/commit/d5e6a3c310ad34893c86f8a4eb5cae9b823da748,2021-06-04 03:01:08
https://github.com/tensorflow/tensorflow/commit/44265f6b49d4ab3008e667c59ce23f5a7f2f0a51,2021-06-02 22:26:17
https://github.com/tensorflow/tensorflow/commit/ed81d0ef4592e19c36f4b593ea88fc86bbf13263,2021-06-01 02:26:34
https://github.com/tensorflow/tensorflow/commit/6e523fa723f0462343d3fb55b3ac24750d3b323c,2021-05-31 20:44:22
https://github.com/tensorflow/tensorflow/commit/9b510a99704f1e4fcbb82d38bf294e0f8dc48d7d,2021-05-27 02:45:00
https://github.com/tensorflow/tensorflow/commit/6d6a1d272c73977dd2a1824adf6aff9644190779,2021-05-26 10:12:46
https://github.com/tensorflow/tensorflow/commit/1b1d5923bd8bf68c22c0ba8d183931afff17d07b,2021-05-21 17:42:13
https://github.com/tensorflow/tensorflow/commit/863af33dd172043502fcb9e4f63e09449a9b29f3,2021-05-21 14:56:19
https://github.com/tensorflow/tensorflow/commit/adefa1cb7bafb9fa481e2ebb4d80e30a4cfcfa6e,2021-05-17 19:28:37
https://github.com/tensorflow/tensorflow/commit/50034ad2d55b10eb9d4593374546710b12f134e1,2021-05-11 18:01:33
https://github.com/tensorflow/tensorflow/commit/6c42e4ce29b4ae46382931bb01709d342a34d220,2021-05-05 13:36:56
https://github.com/tensorflow/tensorflow/commit/ce901649beec92845480b6bcdf6851baeff83daa,2021-05-03 23:22:07
https://github.com/tensorflow/tensorflow/commit/b1a3085fda2b731c4e991bfe13c76225be5db9c8,2021-04-30 16:56:39
https://github.com/tensorflow/tensorflow/commit/3e47a822d95b7847fd7cf84e9ef22bd85f8cf9c6,2021-04-27 15:38:05
https://github.com/tensorflow/tensorflow/commit/2ef26e8d4fe86ed7d4463a421756b43a0841ff76,2021-04-26 18:26:21
https://github.com/tensorflow/tensorflow/commit/03225c65dea1ef468c6b20ee649c7fbafb2a93dc,2021-04-26 16:41:35
https://github.com/tensorflow/tensorflow/commit/9cc98f9e73a8a4aeb7a1ed9fc5b60487ec4670d6,2021-04-23 15:54:31
https://github.com/tensorflow/tensorflow/commit/80dc954cfc37d1dac18c4121fbcaef7fbe481291,2021-04-23 04:14:55
https://github.com/tensorflow/tensorflow/commit/1615440b17b364b875eb06f43d087381f1460a65,2021-04-22 17:54:17
https://github.com/tensorflow/tensorflow/commit/e6e654de881adcadc1aac0e1da98ee959840cb4c,2021-04-22 16:51:34
https://github.com/tensorflow/tensorflow/commit/cadeb9fa1ae87845c5692af3f301f38ee9d119e1,2021-04-22 11:32:51
https://github.com/tensorflow/tensorflow/commit/45ff8a2fb72172aaa9d704cbd32fd18c363101e1,2021-04-20 18:39:16
https://github.com/tensorflow/tensorflow/commit/f5ead6f8e4de470fcf140360b304a4d788198090,2021-04-14 11:00:55
https://github.com/tensorflow/tensorflow/commit/5b26d09370b9125b84fd298185f8ff3b9eb66588,2021-04-13 19:33:07
https://github.com/tensorflow/tensorflow/commit/27f95264d54c159be51a28e3c719b7ec1579f988,2021-04-08 08:56:50
https://github.com/tensorflow/tensorflow/commit/c5a3f4b0a14dcdea908ac62d5bffc35b5a529465,2021-04-07 16:34:20
https://github.com/tensorflow/tensorflow/commit/3fcf9f3cb72001e2e441c02f7180260e34549b9d,2021-04-06 21:39:51
https://github.com/tensorflow/tensorflow/commit/04480a456a867bbe97d14bbd188e7bffd43f2821,2021-04-05 22:52:04
https://github.com/tensorflow/tensorflow/commit/0b0b30e8b8bcbb078f00a635d8a72c1fe45ce7ab,2021-04-05 10:13:56
https://github.com/tensorflow/tensorflow/commit/7fa7874186238ee7f1d2082f25b523e9c01cd4db,2021-04-05 06:19:06
https://github.com/tensorflow/tensorflow/commit/5047cad268c7a6bd3a56f6849d463b67e36274c4,2021-04-01 01:03:19
https://github.com/tensorflow/tensorflow/commit/f8aee66b8c227da41273a8d3cef558d9dcf431de,2021-03-31 13:07:13
https://github.com/tensorflow/tensorflow/commit/7c2d94fb7f68af8b84a43ff2d4f13d0f902c2022,2021-03-30 14:58:01
https://github.com/tensorflow/tensorflow/commit/505032f2b7499f08b45fbd51145548dfed75a8ad,2021-03-30 14:12:08
https://github.com/tensorflow/tensorflow/commit/f541e46212636fd77075d746f25a54037751fdaa,2021-03-30 00:21:44
https://github.com/tensorflow/tensorflow/commit/343cb03f21c73cfe84e47ab2974a6faa1ad80972,2021-03-25 20:40:52
https://github.com/tensorflow/tensorflow/commit/7f2db2bbe1928f6b6ade68c45b7079e2f346e639,2021-03-25 11:35:50
https://github.com/tensorflow/tensorflow/commit/3cc03c1fd0063f68400b84583034a477cb76746e,2021-03-24 16:33:11
https://github.com/tensorflow/tensorflow/commit/19d1ff21a63f5a4a898afa51ded9aac64026f758,2021-03-24 11:21:03
https://github.com/tensorflow/tensorflow/commit/2a21421f01df1f3cc43f2cff42f62afec24247dd,2021-03-23 03:59:15
https://github.com/tensorflow/tensorflow/commit/c1ce3541fcd31141a2372c9ad285e5912781e3d9,2021-03-18 23:31:24
https://github.com/tensorflow/tensorflow/commit/63e2cf222bc82f2c92ebeb05c0b9843514877dca,2021-03-17 01:28:56
https://github.com/tensorflow/tensorflow/commit/583814b2d7c63e879d4a80c080f409c163ee793a,2021-03-15 23:52:52
https://github.com/tensorflow/tensorflow/commit/d24c428eec3492ab8a36c0a57196321b7b11688e,2021-03-15 12:43:13
https://github.com/tensorflow/tensorflow/commit/75e2ebf490a0d7dea0000aca777be6ff3c126aab,2021-03-08 13:43:27
https://github.com/tensorflow/tensorflow/commit/6613bf0887142ae7f141bbc00d8cb3d791fdd1a4,2021-03-07 12:52:58
https://github.com/tensorflow/tensorflow/commit/c7776771ec08a590fb74bfb5657df2bdecc4bbc4,2021-03-04 20:54:09
https://github.com/tensorflow/tensorflow/commit/d36adfa1640f7b2a865ba13f4f4623e464964d94,2021-03-03 22:47:10
https://github.com/tensorflow/tensorflow/commit/01c0eee21cf901e603cecd42527d22a65d1ed5be,2021-03-01 12:50:29
https://github.com/tensorflow/tensorflow/commit/7bd2b4ccdc1c8214e744d6e38d94c0b40fbb3571,2021-03-01 12:50:29
https://github.com/tensorflow/tensorflow/commit/ac271da6eeeb7b1dddff26fc94194e9f377b32ec,2021-02-26 12:53:51
https://github.com/tensorflow/tensorflow/commit/a297cd670d58149763d3eba82b626a4e9d5c55da,2021-02-25 19:57:53
https://github.com/tensorflow/tensorflow/commit/d54a254ccf8aeca81f3082af4a8dbada57d51368,2021-02-23 12:24:47
https://github.com/tensorflow/tensorflow/commit/48f7f6530a1685124d24baa2f87e2283e95ae1aa,2021-02-19 22:25:46
https://github.com/tensorflow/tensorflow/commit/051542c14d85ce8de8bae5822fa746d335ce3df6,2021-02-18 22:36:11
https://github.com/tensorflow/tensorflow/commit/50ea65ffdab19e4ffaf90b3b762bb5756b5e5809,2021-02-18 19:55:50
https://github.com/tensorflow/tensorflow/commit/f6695e73fc8e47b35f37b1153ae0e404c58a074d,2021-02-17 17:50:32
https://github.com/tensorflow/tensorflow/commit/4c01f5d82f0eb3f8f585d87676d759c78a7fa5cf,2021-02-09 20:16:42
https://github.com/tensorflow/tensorflow/commit/718f7a4a9e4767c0c1b9ed523952b2ad15e895f5,2021-02-05 22:56:49
https://github.com/tensorflow/tensorflow/commit/ea2477d56c002f144997a40284e0be96bf1a162a,2021-02-05 01:39:50
https://github.com/tensorflow/tensorflow/commit/7b7dc642036f9ee8a51521a6d454539282ed846b,2021-02-05 00:13:38
https://github.com/tensorflow/tensorflow/commit/a8b2a3d48c1db0c47a9f2dcc6c46d31717147f2c,2021-02-04 17:52:01
https://github.com/tensorflow/tensorflow/commit/868276741aa0a0521fd00953df914b60bbc2661a,2021-02-04 12:54:34
https://github.com/tensorflow/tensorflow/commit/5ec720caf0fae9de3e06e685375a410695f51cbc,2021-02-03 23:02:30
https://github.com/tensorflow/tensorflow/commit/41e8c71efb7efdb55fe83eab1bfde55b3a46bad4,2021-02-03 09:14:25
https://github.com/tensorflow/tensorflow/commit/9304b8af0ea04da71795d5cd83accd5cf66ed2a3,2021-01-22 20:30:07
https://github.com/tensorflow/tensorflow/commit/3a06f0d4754c7b146af5a071ac2cbb419ef58e81,2021-01-19 05:42:25
https://github.com/tensorflow/tensorflow/commit/4d5197c63c7c625fed31b66ed03f086feee0b430,2021-01-15 04:31:15
https://github.com/tensorflow/tensorflow/commit/3d21db1f00fe9b0aaf0b2a5a9957cfe31124d816,2021-01-14 15:16:15
https://github.com/tensorflow/tensorflow/commit/b1f3a521990f051554a2cd889419168a80fceed5,2021-01-13 02:09:51
https://github.com/tensorflow/tensorflow/commit/24efa2683fb576af767258115cbc0e58b03cc954,2021-01-11 13:33:11
https://github.com/tensorflow/tensorflow/commit/95a80c02469e294c5d196337d906b18e288a6c35,2021-01-08 00:35:57
https://github.com/tensorflow/tensorflow/commit/55473dc4b55f152b99be0ebd5275d909a3fe388d,2021-01-05 11:59:48
https://github.com/tensorflow/tensorflow/commit/49fc208865e6fe12b98fca92baad0142e7191c82,2020-12-29 13:36:17
https://github.com/tensorflow/tensorflow/commit/d712b970c99943510165fd238abfd463a2603eff,2020-12-21 22:42:04
https://github.com/tensorflow/tensorflow/commit/ca42aa829cc15d947e102ab144bde8834fa6d7da,2020-12-16 11:49:23
https://github.com/tensorflow/tensorflow/commit/2492f10eca1f91864d7238ac646c5848834d6629,2020-12-16 09:55:29
https://github.com/tensorflow/tensorflow/commit/4c5b0c7d5abf914ddd9fc8ddf0055bafdfd7724c,2020-12-15 16:44:37
https://github.com/tensorflow/tensorflow/commit/c6228dd44ac84445e701b2a83c100ecfe9cf5c70,2020-12-15 14:07:26
https://github.com/tensorflow/tensorflow/commit/6df0071c32203a1c20a2ae4104b6db0a1976a410,2020-12-14 02:19:24
https://github.com/tensorflow/tensorflow/commit/4b4893e25b954eecef0cac1cebf4d3d21ba0679f,2020-12-11 21:27:16
https://github.com/tensorflow/tensorflow/commit/bd1fd58c37b53426d0efca83bda64e49817da80d,2020-12-11 13:02:15
https://github.com/tensorflow/tensorflow/commit/5c61a49f35620fbdb2f849d0d48badec196f0e94,2020-12-11 03:32:45
https://github.com/tensorflow/tensorflow/commit/928116bb70f07e9197e87db0d22866bc43ad8ef9,2020-12-10 08:04:08
https://github.com/tensorflow/tensorflow/commit/2fc826104470db79eeed92f994105f2bd820c508,2020-12-08 15:52:42
https://github.com/tensorflow/tensorflow/commit/4425be2b7b3ea85cd538f766802664cb6dfd8983,2020-12-08 02:57:45
https://github.com/tensorflow/tensorflow/commit/3e40e27e454cd8d8d27f757f4942b0bb43da4b03,2020-12-04 03:34:31
https://github.com/tensorflow/tensorflow/commit/87b03eeb92f5088b317cc0e503e497f8d415cb76,2020-11-30 19:23:51
https://github.com/tensorflow/tensorflow/commit/06fb72020d3af8c2b27fd4f80993ff3f6b110d36,2020-11-30 15:22:35
https://github.com/tensorflow/tensorflow/commit/ccb98fd368fd2a0e6054390be74da59b22b41880,2020-11-30 04:45:45
https://github.com/tensorflow/tensorflow/commit/175187b78f6032390d9dc7f91788788777415492,2020-11-26 03:40:41
https://github.com/tensorflow/tensorflow/commit/5d5e0037ec66a6fe0923143e77ef16ec0a3a1351,2020-11-25 22:30:56
https://github.com/tensorflow/tensorflow/commit/4f8460e92f3e0867f18f4970077577907ac84456,2020-11-25 22:22:18
https://github.com/tensorflow/tensorflow/commit/ace0c15a22f7f054abcc1f53eabbcb0a1239a9e2,2020-11-24 14:48:54
https://github.com/tensorflow/tensorflow/commit/daa73375550249b0069145f6ea27df0e9603a5e4,2020-11-23 15:33:49
https://github.com/tensorflow/tensorflow/commit/6e2de42a1d149e1d6902e29e6f88c734c77c9b9d,2020-11-19 17:05:07
https://github.com/tensorflow/tensorflow/commit/98ed5c580a755432c9ed171844f6db29b5f54b76,2020-11-19 13:33:34
https://github.com/tensorflow/tensorflow/commit/1e5c3bf7727f7f0ec85fd9ad8285c705a788bda6,2020-11-19 12:48:37
https://github.com/tensorflow/tensorflow/commit/c58c88b23122576fc99ecde988aab6041593809b,2020-11-18 21:20:01
https://github.com/tensorflow/tensorflow/commit/f8d00d4ce6b822bfec5836883a15bba92d9e9306,2020-11-16 18:13:44
https://github.com/tensorflow/tensorflow/commit/c7bee6875e32c2708026d2a7820def0ad785e94a,2020-11-13 13:42:11
https://github.com/tensorflow/tensorflow/commit/c4bfcaf61cfeb637c3d5aaf64f251bcef69330ea,2020-11-11 18:00:11
https://github.com/tensorflow/tensorflow/commit/cc39a32e8671e4a85f7aae6ded0bb091d4e648e4,2020-11-11 13:06:31
https://github.com/tensorflow/tensorflow/commit/0c3501e9afc2f08ff26aa92c82da60f0cbdd023a,2020-11-06 13:07:57
https://github.com/tensorflow/tensorflow/commit/b54a2ddf6839d31f9ba65be7e50f0513e397d89d,2020-11-06 01:21:19
https://github.com/tensorflow/tensorflow/commit/ccc743bcb4764fba42c45e9f2f324a3b4768b5e1,2020-11-02 20:57:05
https://github.com/tensorflow/tensorflow/commit/3f55e126804b0a0aec5ed6c90eb5ad85263ba563,2020-10-28 17:38:43
https://github.com/tensorflow/tensorflow/commit/3bed57e8794be0af0b7f50aaef110fef6211a3c4,2020-10-27 21:56:15
https://github.com/tensorflow/tensorflow/commit/7b5c80ed9e0606d4edbcd8fae005229422e9d4e1,2020-10-23 14:59:44
https://github.com/tensorflow/tensorflow/commit/eb68be4a42717c601732c928fec588760062d4a5,2020-10-21 19:23:07
https://github.com/tensorflow/tensorflow/commit/fec830a3c84480870bbb6e63a5532ffb6c41f747,2020-10-21 13:52:08
https://github.com/tensorflow/tensorflow/commit/e203dad0298792bbb5b3aa21fb6bc1a5629cda67,2020-10-20 23:42:22
https://github.com/tensorflow/tensorflow/commit/833b3a49a9d77cf5b04990d003c91cc9810b40d8,2020-10-20 18:31:58
https://github.com/tensorflow/tensorflow/commit/bfd573cc1712c231cb334e092ceab8e096c9ce0f,2020-10-17 00:14:51
https://github.com/tensorflow/tensorflow/commit/28db548cfd2d238e63c3fb049119fca8369abdbe,2020-10-15 16:59:41
https://github.com/tensorflow/tensorflow/commit/3d21c6393dff611c920020680bf970fa6bbb78c0,2020-10-14 17:06:49
https://github.com/tensorflow/tensorflow/commit/3fdc2307c5dc58eaec48b4159c9ccfffe5940552,2020-10-14 16:56:08
https://github.com/tensorflow/tensorflow/commit/c346633dd41e3793f71d6b61a130838c448e0005,2020-10-14 14:59:47
https://github.com/tensorflow/tensorflow/commit/e485bb64c5b51e422833ef9ed6f32d985a09bc0f,2020-10-13 21:48:25
https://github.com/tensorflow/tensorflow/commit/4365f05b2f27ab4420ef8db2f91021eb5c6bd255,2020-10-12 12:06:44
https://github.com/tensorflow/tensorflow/commit/aebb9e60178100ddd62fa7c19dfcd14240ebe681,2020-10-09 23:42:48
https://github.com/tensorflow/tensorflow/commit/b071d687adf2fb6383bb409eaca92d5ddee711c4,2020-10-08 19:18:10
https://github.com/tensorflow/tensorflow/commit/dc666bf0f4588f4c2c51f0c42b2421b35d45c3a4,2020-10-08 14:09:30
https://github.com/tensorflow/tensorflow/commit/f9b20531e711bc95b2195117283a6e7bf3987d93,2020-10-06 20:36:51
https://github.com/tensorflow/tensorflow/commit/bde6a9cfeee634889e8e844cf8e30cf012a734ae,2020-10-06 19:24:27
https://github.com/tensorflow/tensorflow/commit/28df4ade506c940f92d7e2cadca5ca4aae26c9ab,2020-10-01 00:28:08
https://github.com/tensorflow/tensorflow/commit/b0c9491ecc06c913bda0ca6356d3d9c9985aa08f,2020-09-27 22:50:34
https://github.com/tensorflow/tensorflow/commit/351a2eeec340be78de572b1bf76890c6cd8d8a27,2020-09-24 13:39:21
https://github.com/tensorflow/tensorflow/commit/e38e718a08182ccda45905ed390ef7f7bf1b2e0d,2020-09-23 13:02:00
https://github.com/tensorflow/tensorflow/commit/d6adf94ff3cbf4b5ee77681b44a0b0000bdb8014,2020-09-23 04:56:53
https://github.com/tensorflow/tensorflow/commit/60c4c3e2105afe28fb7a11cb8d440e0caabbf735,2020-09-22 01:42:25
https://github.com/tensorflow/tensorflow/commit/9240cef2e6d7bfda47823be96f3e45e617fd9150,2020-09-21 16:27:04
https://github.com/tensorflow/tensorflow/commit/6e9da4b8c14ac894e3c270e2fa55c43084f6c7c0,2020-09-17 23:09:01
https://github.com/tensorflow/tensorflow/commit/8a773b71258e627ee51bee30b017c27d790a1b3f,2020-09-14 01:55:39
https://github.com/tensorflow/tensorflow/commit/770b38be96abb970e296050cf69b19caacb5fa3e,2020-09-09 01:38:04
https://github.com/tensorflow/tensorflow/commit/28a2d0a1a83b3dfa3c903ce645aa9d319a4fd5ef,2020-09-08 17:23:50
https://github.com/tensorflow/tensorflow/commit/5dc4cac97cd433331d4a5cef14a5004c8c5e25d8,2020-09-08 13:13:34
https://github.com/tensorflow/tensorflow/commit/c0af29905c1c48e4e59a8741d807a0cd3c924065,2020-09-02 15:49:28
https://github.com/tensorflow/tensorflow/commit/3e4222c02e2aff4a0ff8997a55455d304b6c28c3,2020-09-01 22:12:50
https://github.com/tensorflow/tensorflow/commit/43641031eaf781fb12c8c18d1bc320bd9108de62,2020-09-01 09:52:26
https://github.com/tensorflow/tensorflow/commit/bdf940adf6eb2e0eff1655dfaae3eab36580fac6,2020-09-01 09:38:40
https://github.com/tensorflow/tensorflow/commit/316c4d68cdb79c6b11d9662907ec8afdbd0432e2,2020-09-01 08:14:36
https://github.com/tensorflow/tensorflow/commit/71d09fe58c93dcff3cbcdd75426e033d13b97488,2020-08-31 13:46:45
https://github.com/tensorflow/tensorflow/commit/11a48e7f4948d2c2fbfce1d9c4d68fa19fbbe185,2020-08-25 13:08:18
https://github.com/tensorflow/tensorflow/commit/576ed353aa85c8e1f534fa1650eafec1030c4ae5,2020-08-19 03:03:39
https://github.com/tensorflow/tensorflow/commit/ecca4dc3c7f14b940a6f58cb002ab3a205bb5010,2020-08-16 09:44:48
https://github.com/tensorflow/tensorflow/commit/ad752fdd304e98f02eabb5b44265e3ddf66a2562,2020-08-13 17:02:45
https://github.com/tensorflow/tensorflow/commit/99720318dff80146ccfb18ca184bdb73c0785f5d,2020-08-12 14:17:34
https://github.com/tensorflow/tensorflow/commit/71964485e38d2d65fc7b1905c02c10ac7c63a22f,2020-08-06 19:57:00
https://github.com/tensorflow/tensorflow/commit/0c944514c1f933a420f6f35e96c66ad4714d989d,2020-08-05 12:35:26
https://github.com/tensorflow/tensorflow/commit/0b84561324672ee3045ee23112dbc68540b39cdc,2020-08-05 02:23:39
https://github.com/tensorflow/tensorflow/commit/c96f601e0caabe294c906aa0355b18e970713091,2020-08-04 18:52:55
https://github.com/tensorflow/tensorflow/commit/7972c284ac705b06066dffc85b7a36ef9662fb74,2020-08-04 16:01:24
https://github.com/tensorflow/tensorflow/commit/b6c6e28076d67b6b2026460dfb36ac2ec856b84e,2020-08-02 00:57:44
https://github.com/tensorflow/tensorflow/commit/af197c251c1c4251dee82f8dd9a2f10fc7b28b24,2020-08-01 10:10:46
https://github.com/tensorflow/tensorflow/commit/f6cc28bda0824751ef26c96f8c0ffbe3cc7a5c2d,2020-07-31 01:21:52
https://github.com/tensorflow/tensorflow/commit/091eebc2ac26e3fb6b532cca2c28d34558765393,2020-07-26 13:45:17
https://github.com/tensorflow/tensorflow/commit/8d4711c52d6d5788f93f68b539e316b1ff83a2aa,2020-07-24 03:00:54
https://github.com/tensorflow/tensorflow/commit/b1c32123aafd991d1c812ca87db8f78712901dfd,2020-07-23 14:47:24
https://github.com/tensorflow/tensorflow/commit/803ce808dd349df10c5b639f929a75036efa4c4b,2020-07-22 15:21:58
https://github.com/tensorflow/tensorflow/commit/23f6e460f37d474d2224255789b22da153ac446a,2020-07-22 12:50:16
https://github.com/tensorflow/tensorflow/commit/a80239d1573f8b56b9d570e7bf19d00bcb59bede,2020-07-17 02:52:50
https://github.com/tensorflow/tensorflow/commit/5f1b79f00f04cf26292a5a2d75eb8360ecaee090,2020-07-15 11:58:19
https://github.com/tensorflow/tensorflow/commit/03cb974777d00ddf05957d41aa3d44d7c76af924,2020-07-15 03:30:34
https://github.com/tensorflow/tensorflow/commit/01635a48b125ea465fe5c37bcfe3d33484355299,2020-07-14 23:48:13
https://github.com/tensorflow/tensorflow/commit/e9516a8b0e980b1b2478a683bd233d5ac2c9f2e9,2020-07-14 14:36:38
https://github.com/tensorflow/tensorflow/commit/0a00a296358e3f2ed4bab82f3e22bb1d800c3150,2020-07-07 20:56:31
https://github.com/tensorflow/tensorflow/commit/9448a8c0676dc82b9c01b7e3e14307804cc3d53c,2020-07-07 01:14:25
https://github.com/tensorflow/tensorflow/commit/ea6b83192106bdc145624c73193802cc872ed5d8,2020-07-06 18:30:56
https://github.com/tensorflow/tensorflow/commit/e13ff2da43ab00dba94dd00d87a876b2a03f48e7,2020-07-06 10:41:53
https://github.com/tensorflow/tensorflow/commit/d69076f6e6575886055845125003472e18882916,2020-07-02 01:12:31
https://github.com/tensorflow/tensorflow/commit/9a326299119bb12b177960f9c1a407663a8d7223,2020-07-02 01:07:19
https://github.com/tensorflow/tensorflow/commit/62b6c316d2a9a1fb06aefb086856e76241280c08,2020-07-01 22:21:15
https://github.com/tensorflow/tensorflow/commit/adbf01fac1a980913acdf8724cfba3cdd7d60e33,2020-07-01 21:48:30
https://github.com/tensorflow/tensorflow/commit/35b3d903617ea8993555e59e627501f960698219,2020-06-30 04:14:01
https://github.com/tensorflow/tensorflow/commit/1603b2053c8514d84c1214e5f4421a8a8db4d77b,2020-06-22 17:44:04
https://github.com/tensorflow/tensorflow/commit/8e9a05117bd5c810fa49d56a4cb8a99dc952eac4,2020-06-21 22:54:30
https://github.com/tensorflow/tensorflow/commit/dcc9479bba0f1173bd4f3b21b1299c029000d374,2020-06-18 12:17:57
https://github.com/tensorflow/tensorflow/commit/f24487e6190eb4637f5e4988737cbe17e91a231a,2020-06-17 14:48:55
https://github.com/tensorflow/tensorflow/commit/0292d384f84f55a78312ae0132f700caec245315,2020-06-15 21:30:02
https://github.com/tensorflow/tensorflow/commit/fe6201c57b7fd78e344b4e5ee7fe6c7f7151b08a,2020-06-15 17:18:11
https://github.com/tensorflow/tensorflow/commit/06b1b45e42aefe9dbfbedeca8abff47c20b28a21,2020-06-15 11:50:39
https://github.com/tensorflow/tensorflow/commit/3efb46044d96f0064ca032102d39e11f904ef7dc,2020-06-12 11:47:24
https://github.com/tensorflow/tensorflow/commit/fa58bd5e942ae7c87ff9193804ca07d645fb4c4c,2020-06-12 01:42:41
https://github.com/tensorflow/tensorflow/commit/c3067cb52138d991cd4d448f72a2895a61adb26d,2020-06-11 16:09:05
https://github.com/tensorflow/tensorflow/commit/05ba052c9f3665238f3d13045a2bdb176252568e,2020-06-10 13:00:46
https://github.com/tensorflow/tensorflow/commit/d318b778e90fef1b90ef9bfee7cfc37f3c2e9cfd,2020-06-09 11:42:47
https://github.com/tensorflow/tensorflow/commit/4cd4fcfd890123428ff86ed894f4dc48f3ccba5f,2020-06-03 16:58:48
https://github.com/tensorflow/tensorflow/commit/4f96acb5fdaf5d2e09e125d2d76874bebd52650c,2020-06-03 02:39:38
https://github.com/tensorflow/tensorflow/commit/56ff49b74aab14c609975dc2f4a4af09d48070a0,2020-06-02 04:27:29
https://github.com/tensorflow/tensorflow/commit/61a0c3bccd0bf236f469203cf6e641d466e26c61,2020-06-01 18:51:48
https://github.com/tensorflow/tensorflow/commit/2133d0322de26da1d704452c7e5990c2980c8216,2020-06-01 17:48:43
https://github.com/tensorflow/tensorflow/commit/44a649cc7a00540eb256488152aaf11f54000f3c,2020-05-28 14:05:47
https://github.com/tensorflow/tensorflow/commit/f6bf10607fc0bd00e94704e1ae20f06f34b81df3,2020-05-27 16:36:42
https://github.com/tensorflow/tensorflow/commit/0a1449a983e6e88e62e175d0f34564414d26c4dd,2020-05-26 23:55:26
https://github.com/tensorflow/tensorflow/commit/b6f542de704c4f1b8897f2a8c7c359cddb9bd043,2020-05-26 20:29:49
https://github.com/tensorflow/tensorflow/commit/fd98070b2daece57e96d41f211e97fb16cf431e9,2020-05-26 09:28:05
https://github.com/tensorflow/tensorflow/commit/b9f941a53fa9490fee3306c8f448aeb56bed9ce3,2020-05-23 19:02:55
https://github.com/tensorflow/tensorflow/commit/1c73e5f20a7b69169e69e14d835c257b6c4e355b,2020-05-19 07:30:06
https://github.com/tensorflow/tensorflow/commit/8f1e715482accc94f9859954ed8b334c88c2b0cb,2020-05-15 18:13:34
https://github.com/tensorflow/tensorflow/commit/43691f9b891045f41b59ec1afbe06637c19d2377,2020-05-13 20:56:15
https://github.com/tensorflow/tensorflow/commit/ed400dea16540c75d4e659494adc25a5ffc8bc9c,2020-05-10 22:40:31
https://github.com/tensorflow/tensorflow/commit/cd8b64f7fbdc2bc8700b71dadb4c51744a752095,2020-05-06 18:10:33
https://github.com/tensorflow/tensorflow/commit/dfc190e78833f4d619657b908f9aeec8c4f09b0a,2020-05-05 12:43:36
https://github.com/tensorflow/tensorflow/commit/bf687433298f29af2ee7fc1068329b50ed310693,2020-05-01 14:56:12
https://github.com/tensorflow/tensorflow/commit/6bcfc5e26aabedba3ea71cf5fe5f9f834b16cd54,2020-05-01 12:06:26
https://github.com/tensorflow/tensorflow/commit/336c431b3baab30fa6c76d93f55408ed51b4bd1f,2020-04-30 17:17:16
https://github.com/tensorflow/tensorflow/commit/6f008417c18d6377048b13a74c79af56c5cb6e05,2020-04-29 19:21:35
https://github.com/tensorflow/tensorflow/commit/51d23ffe3b111ed3b04c6d6363d1efe996173f1e,2020-04-29 16:50:02
https://github.com/tensorflow/tensorflow/commit/d46acc6016666abfc27d28e35936ed70979c822e,2020-04-29 03:05:06
https://github.com/tensorflow/tensorflow/commit/6044647af404b492a23328a1380295db34e16d23,2020-04-27 21:41:46
https://github.com/tensorflow/tensorflow/commit/7218bcd4c04081850075dfe4e3f07b97d99a2549,2020-04-27 15:55:25
https://github.com/tensorflow/tensorflow/commit/036b75a818493a30cd25caef1761931a3bc2b074,2020-04-27 05:36:05
https://github.com/tensorflow/tensorflow/commit/3b1545a555e14a94a1394d93327d1e6ad64e8319,2020-04-24 19:34:05
https://github.com/tensorflow/tensorflow/commit/d9192b8cdc418267c3665d9e70f621eec0d4faac,2020-04-24 12:13:44
https://github.com/tensorflow/tensorflow/commit/f0ff56e9e240bc5758a4fd206256fbdfe0ce9cfd,2020-04-21 14:45:35
https://github.com/tensorflow/tensorflow/commit/ef89d9e6642fd1cd3664d62de57173f8e55c068f,2020-04-17 19:39:59
https://github.com/tensorflow/tensorflow/commit/51d480498b07346b8b6e2ee3fbd3dc486f60ed96,2020-04-17 15:13:42
https://github.com/tensorflow/tensorflow/commit/041dd6eac4f4abc69fb064bf3d2d0f7a48091eae,2020-04-17 13:06:49
https://github.com/tensorflow/tensorflow/commit/faa58d6e94cfee5c7b64a8a7b5309985696cca78,2020-04-16 15:35:04
https://github.com/tensorflow/tensorflow/commit/84d9e0a32f7d0d6d1ba157eda1b53be605ad04a6,2020-04-15 16:46:59
https://github.com/tensorflow/tensorflow/commit/62ae2478670ff9b8f0c5b553afab9444b5dc59ae,2020-04-15 02:53:59
https://github.com/tensorflow/tensorflow/commit/9a257b75fd33931fc838bf773bccf1ce31417b96,2020-04-14 20:20:58
https://github.com/tensorflow/tensorflow/commit/0538c9c9d481ecc9cdb248d351de4c816cea7c64,2020-04-13 17:34:50
https://github.com/tensorflow/tensorflow/commit/9c4a71c85cc07828eb7f55f738a0d7095aa5429c,2020-04-13 15:08:09
https://github.com/tensorflow/tensorflow/commit/5e4ce4f0776772798cbe0036b3b42a4aa416fabe,2020-04-13 10:46:53
https://github.com/tensorflow/tensorflow/commit/7d5d21afd194e5bc39cf87cb03cc68e15c3b7750,2020-04-09 17:09:36
https://github.com/tensorflow/tensorflow/commit/4a9bdc5193db51e17ec5b431e68bf16978b7d5da,2020-04-03 13:51:48
https://github.com/tensorflow/tensorflow/commit/50433098af6951f8559e2cb5f5bcf25d2c7eb922,2020-04-03 11:32:44
https://github.com/tensorflow/tensorflow/commit/394b6bb7111df0b76deec019d46b68484372f154,2020-04-02 23:04:56
https://github.com/tensorflow/tensorflow/commit/0ebf54a8dd0f8cb1a8a0f295b4f6d0a8a2bb00be,2020-04-02 18:14:55
https://github.com/tensorflow/tensorflow/commit/f0fa15e9466f747bda563e7cd85143707d86e628,2020-04-01 13:00:19
https://github.com/tensorflow/tensorflow/commit/983a5e245e703ba8b6dd84007fed6e641f741ab0,2020-03-25 03:00:46
https://github.com/tensorflow/tensorflow/commit/dab07567118ff04e7865edb3ca3f1835e6e6bb87,2020-03-19 19:38:11
https://github.com/tensorflow/tensorflow/commit/9a7ad6fe1231291fb139f353b7a596a431c1b1b9,2020-03-19 03:45:36
https://github.com/tensorflow/tensorflow/commit/c3c6b11828477b19721c0bf47a8c586857953207,2020-03-18 12:58:29
https://github.com/tensorflow/tensorflow/commit/c2f7bee60493424147af553d965a26aada5bf426,2020-03-18 03:43:21
https://github.com/tensorflow/tensorflow/commit/ba6a3ab2da8bd9a1f7138f72b938c9208401c8a7,2020-03-16 18:33:31
https://github.com/tensorflow/tensorflow/commit/e25955350c1da44497fa9fb6c96999bc9cf4fd61,2020-03-16 13:59:05
https://github.com/tensorflow/tensorflow/commit/febcaebba76a141348ea3a8d021e37380ac4c1cf,2020-03-14 13:51:38
https://github.com/tensorflow/tensorflow/commit/a9c3a9f30e738d5e63fa2ed4b22ec69880341150,2020-03-13 20:50:27
https://github.com/tensorflow/tensorflow/commit/e8335c78f5f59f12a91e273098f97ed363202b6e,2020-03-12 16:24:00
https://github.com/tensorflow/tensorflow/commit/a389e90cccf9c3758f8dd39facedb7edadf42f64,2020-03-11 16:59:17
https://github.com/tensorflow/tensorflow/commit/20b3b6b5bb516b6cc64ff791a9526d327b66bf99,2020-03-11 14:13:15
https://github.com/tensorflow/tensorflow/commit/de960f4090270d02a7f077f13a6788d68f469981,2020-03-06 19:18:01
https://github.com/tensorflow/tensorflow/commit/17e9b7adf5c333900c1d6b49259b2e774832ed7e,2020-03-06 18:11:47
https://github.com/tensorflow/tensorflow/commit/5db7460fa8dddcc139684b404f37cc20725a1419,2020-03-06 15:34:52
https://github.com/tensorflow/tensorflow/commit/8a3be2333442fc9405b00c8afbb2dcef39cf412d,2020-03-04 22:53:26
https://github.com/tensorflow/tensorflow/commit/09af0ebd6bf20a67731c23eaa7930db10bdaf823,2020-03-04 14:07:46
https://github.com/tensorflow/tensorflow/commit/f6ff46ce76ac83c3e305e30c6f7a199dd5f3e1eb,2020-03-04 12:43:03
https://github.com/tensorflow/tensorflow/commit/6df2a7e47210ac0b2d55b15c4e9f20a3424b5779,2020-03-02 16:34:41
https://github.com/tensorflow/tensorflow/commit/6d54799412e4c4dbde82af54ee523452000bd82b,2020-02-29 12:42:18
https://github.com/tensorflow/tensorflow/commit/3a8c575c4efe57560f36670ddc028f6fc889060a,2020-02-28 18:36:16
https://github.com/tensorflow/tensorflow/commit/9a4a5569e43f2ac6e14d2dafcf75d35f87c6d976,2020-02-28 14:53:57
https://github.com/tensorflow/tensorflow/commit/16f3f137b8bc3a03c86e790a7ab59858340d599b,2020-02-28 14:37:26
https://github.com/tensorflow/tensorflow/commit/8f3e7351996373f8725859285a2332d03dfe521d,2020-02-28 14:23:24
https://github.com/tensorflow/tensorflow/commit/9c6cab4d2f57bd0328a9bee51a29c0992afd944e,2020-02-28 11:26:47
https://github.com/tensorflow/tensorflow/commit/a1bec16fd83e35f50f681c20d7d2a43947cfd35b,2020-02-27 23:59:18
https://github.com/tensorflow/tensorflow/commit/e571da0e46fd95023e21cf140c240bf8bb60654f,2020-02-27 00:55:14
https://github.com/tensorflow/tensorflow/commit/6ea53a1cfe2dfa6b26f56c7ce4c5fb946b95c847,2020-02-26 23:08:59
https://github.com/tensorflow/tensorflow/commit/0e4f3a99d439c41add66513aa065e5c0656167d7,2020-02-23 17:55:10
https://github.com/tensorflow/tensorflow/commit/ab963689c3b3f0399304dcd9af33cd84505e2358,2020-02-21 14:13:09
https://github.com/tensorflow/tensorflow/commit/9b53275852f37fb1f48e22ed99237f1baef761c5,2020-02-21 05:26:11
https://github.com/tensorflow/tensorflow/commit/520533a52bd067a5c785e5e021981eb96eddf6dc,2020-02-21 01:15:34
https://github.com/tensorflow/tensorflow/commit/9903797166938a3f30e9cfb73d669b969f990eed,2020-02-21 01:15:34
https://github.com/tensorflow/tensorflow/commit/94d4e8673e9f8e23794d8e1b9b16b97631c37a55,2020-02-21 01:15:34
https://github.com/tensorflow/tensorflow/commit/e85f354bba3e20224a1bd3df91b47161c8218592,2020-02-20 12:58:53
https://github.com/tensorflow/tensorflow/commit/59840cf101741aac00070a066259bf0b6d4d17ec,2020-02-18 17:48:03
https://github.com/tensorflow/tensorflow/commit/27a9123a7f00b00f84957c0d09c83ddaa7585878,2020-02-14 15:58:55
https://github.com/tensorflow/tensorflow/commit/c7ce71f168bb2be59ec7a22117cecb8466872960,2020-02-14 10:56:25
https://github.com/tensorflow/tensorflow/commit/c26557eaf5625a62cd6c26c780e5c5b61fcf3552,2020-02-13 13:52:32
https://github.com/tensorflow/tensorflow/commit/d7dfa9f16030d6d7a73f646fda4c4803ad451887,2020-02-13 13:48:26
https://github.com/tensorflow/tensorflow/commit/4de896db9f9307c5db28e97a1fa210b5fee13143,2020-02-13 12:17:10
https://github.com/tensorflow/tensorflow/commit/b5a3eda2dc4b16b61467ef4afd5f8211681133b3,2020-02-12 10:14:49
https://github.com/tensorflow/tensorflow/commit/c86e299222e9a3731de97379ca1a4b6bb2b1e414,2020-02-12 04:28:06
https://github.com/tensorflow/tensorflow/commit/0b11e00b312be85da7aad1ad145ca7a8d32da4dc,2020-02-11 20:31:58
https://github.com/tensorflow/tensorflow/commit/391b21e9c2bee4164f888c222978d35c666fedde,2020-02-11 17:29:20
https://github.com/tensorflow/tensorflow/commit/92671a470be3e2a6c799bc8fe68b25b322b4e98e,2020-02-11 14:39:57
https://github.com/tensorflow/tensorflow/commit/e8a5d38a8d6d1c4b88f51c20e406ee3f0892ce9b,2020-02-10 18:55:13
https://github.com/tensorflow/tensorflow/commit/376007fad4f675b9c530197b95a66313775f28d9,2020-02-10 18:52:30
https://github.com/tensorflow/tensorflow/commit/d26ee9801c8117f7fd6297a05a82eab98023a2c3,2020-02-10 15:44:46
https://github.com/tensorflow/tensorflow/commit/b41270fccce0e2bb5ca97aedd2a31dd191f35803,2020-02-10 03:56:18
https://github.com/tensorflow/tensorflow/commit/cd964065fb03e0b74f338dd7d9a499d1e7544ffb,2020-02-07 21:02:54
https://github.com/tensorflow/tensorflow/commit/bcc5af092da9903b0ac476f9b03fa5d0c32d2fdd,2020-02-07 13:26:20
https://github.com/tensorflow/tensorflow/commit/6f34a6c3e93154b4691cae0d992581e725b27536,2020-02-06 20:56:29
https://github.com/tensorflow/tensorflow/commit/dc94b3a69e8988e5db1994ce607b893f59d6f2d9,2020-02-05 18:19:52
https://github.com/tensorflow/tensorflow/commit/86c3de4eff9192d2ef44baad7aab996020e92ef6,2020-02-04 09:49:29
https://github.com/tensorflow/tensorflow/commit/63d610da2b0319e425feb584896bafd7d8cce656,2020-02-03 16:31:46
https://github.com/tensorflow/tensorflow/commit/c12da07ee88a68c77ca06ca058de029d2c78bb9e,2020-02-01 11:32:12
https://github.com/tensorflow/tensorflow/commit/a34091e538540aad57a7a941575538944f38db24,2020-01-29 18:52:55
https://github.com/tensorflow/tensorflow/commit/63f5a3f0b655b0101bb8adfff9839baf4ba1b0cc,2020-01-27 16:53:45
https://github.com/tensorflow/tensorflow/commit/057595bf7711b98e2655249f76462b55c1ce5ed3,2020-01-23 13:25:41
https://github.com/tensorflow/tensorflow/commit/d74dd1d4043d2238e3020817fe898b1346830649,2020-01-17 14:32:26
https://github.com/tensorflow/tensorflow/commit/c6fa2dc9e4c3330aa3e21014efdba3a18108d51b,2020-01-16 21:12:56
https://github.com/tensorflow/tensorflow/commit/49e4e94f207938f3009175360467f0c8cb3f3a9a,2020-01-16 20:25:37
https://github.com/tensorflow/tensorflow/commit/34b72b3120e94224fe81dfa134fe7d99fc0fa29e,2020-01-16 08:51:53
https://github.com/tensorflow/tensorflow/commit/a1e9c5a1454c35598080040da743a11b1cdc76c7,2020-01-15 21:28:37
https://github.com/tensorflow/tensorflow/commit/6fdcd7e975c36baf99a0a071135aeaf5b4d6896e,2020-01-15 17:30:58
https://github.com/tensorflow/tensorflow/commit/b213a59e16db7e9b9c943d19539fda05856e08d6,2020-01-15 01:53:38
https://github.com/tensorflow/tensorflow/commit/b55f48a63b8f02c18f31cfe43b150c9172052abb,2020-01-13 17:46:50
https://github.com/tensorflow/tensorflow/commit/bed506e3a160402f4f93aa8fdfc4bb8b270a3953,2020-01-10 20:29:06
https://github.com/tensorflow/tensorflow/commit/fcc4ff55c3dcb8602b5b8ac578dded48168197a3,2020-01-10 19:00:35
https://github.com/tensorflow/tensorflow/commit/31abd783e6ff567e2a85b3a154a87780fa880a74,2020-01-10 17:20:45
https://github.com/tensorflow/tensorflow/commit/4a310fb72cf4613448a3cc9ee4c2c717161b1812,2020-01-07 11:37:53
https://github.com/tensorflow/tensorflow/commit/02bf45625f488682344c24789898735f86da85a4,2020-01-06 15:22:33
https://github.com/tensorflow/tensorflow/commit/d5abb7ba1b51530c0a036286ca9737eff49b429a,2020-01-03 18:39:18
https://github.com/tensorflow/tensorflow/commit/728967326e45ae3896f17b27fb2cb6b9bce257c4,2020-01-03 16:52:41
https://github.com/tensorflow/tensorflow/commit/4ce40d837152b89dcf8ae01d201861d364e73e30,2020-01-01 23:30:42
https://github.com/tensorflow/tensorflow/commit/3ee3ab9e44fdd46b928661dfdfc732e0736d976c,2019-12-31 12:15:14
https://github.com/tensorflow/tensorflow/commit/87f69493d2553ceb9fdb94ca7f203dc1c8e417ea,2019-12-26 13:18:58
https://github.com/tensorflow/tensorflow/commit/49f453f1f9d8c878f7d381b7631051995336a264,2019-12-24 00:28:46
https://github.com/tensorflow/tensorflow/commit/446ee0118980a784c0b43bcded9ba9205bb00293,2019-12-21 14:49:46
https://github.com/tensorflow/tensorflow/commit/09c50ba082abaa1d828fdd3c40c894fe7641d4e7,2019-12-20 17:17:31
https://github.com/tensorflow/tensorflow/commit/69d62a99f09bdca2e7118f7600652c2d4ba77202,2019-12-20 12:43:07
https://github.com/tensorflow/tensorflow/commit/f079d31f778d5955d109bd5e8ad61298acac0ba9,2019-12-20 11:53:47
https://github.com/tensorflow/tensorflow/commit/6ba3d4160cbd61ea3719256e5dc2d9ce2174f833,2019-12-19 18:20:27
https://github.com/tensorflow/tensorflow/commit/50db00b5cd3093cfaaa50f7d8d03a884441e41bd,2019-12-18 19:21:55
https://github.com/tensorflow/tensorflow/commit/41fe01bf47ca2d3c17b693ec1c71dbdec6333825,2019-12-18 17:27:31
https://github.com/tensorflow/tensorflow/commit/b2485fbfe5b34f2dcf073dd080d9cc501a8c7cef,2019-12-18 14:46:35
https://github.com/tensorflow/tensorflow/commit/ed84b09ce1fd4916ddb345ca8baa0d87dc057a4f,2019-12-18 11:59:00
https://github.com/tensorflow/tensorflow/commit/d00a1182143bd35e6a6b97d500770fc53331f25d,2019-12-17 23:36:34
https://github.com/tensorflow/tensorflow/commit/8fb52262bb8277bfd7b1c5d21399dbd0eae533a2,2019-12-17 19:34:46
https://github.com/tensorflow/tensorflow/commit/435e32140fe1c4fc0eefa2084aaf54d807dbe223,2019-12-17 19:22:16
https://github.com/tensorflow/tensorflow/commit/51dcc7eab1189e1e99a95e1848534a048ef74649,2019-12-17 15:51:12
https://github.com/tensorflow/tensorflow/commit/96805b75cd8d76f73a12a0e5d76067f593510812,2019-12-17 14:15:27
https://github.com/tensorflow/tensorflow/commit/26ed25516e81c63eb237c7ae2d29750fbd5e53c3,2019-12-13 19:26:33
https://github.com/tensorflow/tensorflow/commit/f03ff9f3169d3391a5e1f6b55b98d1e3fb98a0a6,2019-12-12 02:27:54
https://github.com/tensorflow/tensorflow/commit/e7904f5442b5bbad8c4be93fea0afebeac709dc7,2019-12-11 07:57:50
https://github.com/tensorflow/tensorflow/commit/4aea9f74550173856d70abf925c37de7fe74dd8e,2019-12-09 19:25:49
https://github.com/tensorflow/tensorflow/commit/c70fe93b765ecfc566dc79b55cdb51260df07f6c,2019-12-09 18:35:12
https://github.com/tensorflow/tensorflow/commit/c28ca27b96b3a141922523c005c71af51cc61906,2019-12-06 12:21:50
https://github.com/tensorflow/tensorflow/commit/fda7ab091fa547aa3d021c22156ce8938b1076ef,2019-12-04 19:53:41
https://github.com/tensorflow/tensorflow/commit/b4b07944785f699d3de854635fdedfc2729a1aa3,2019-12-04 14:33:25
https://github.com/tensorflow/tensorflow/commit/97b36b0d4a9389178e510b2f59f98c0c75e0b882,2019-12-03 15:08:13
https://github.com/tensorflow/tensorflow/commit/2cfa79f98497cd7d9ce9d26de38ec046323d1d31,2019-12-03 09:13:15
https://github.com/tensorflow/tensorflow/commit/4b736990a70bad67c0307e8aeeaa397f10744d77,2019-11-28 11:48:33
https://github.com/tensorflow/tensorflow/commit/bbd8a3e0e489f7ac138075588cebc3011e43d675,2019-11-27 15:09:06
https://github.com/tensorflow/tensorflow/commit/8ef8c28a21690f31de3ed48f0e269526a36dee9d,2019-11-27 15:00:08
https://github.com/tensorflow/tensorflow/commit/c71cf124b16a973717abc098281fb64d2cc29ed0,2019-11-26 21:02:39
https://github.com/tensorflow/tensorflow/commit/df9d9ea15958a4751c3be539d185f42ea8302dfe,2019-11-25 15:37:47
https://github.com/tensorflow/tensorflow/commit/c974f7ed5f63278c24165d626e9e5dd63f18f7ae,2019-11-21 18:55:24
https://github.com/tensorflow/tensorflow/commit/319d6a4eba00e285f5e707d80e08dc975389087e,2019-11-21 01:57:07
https://github.com/tensorflow/tensorflow/commit/13ffea151cc01d180d06274e326e76f938a91c05,2019-11-20 16:27:57
https://github.com/tensorflow/tensorflow/commit/6e24888c44452c7c970b052e928fbea865c2450b,2019-11-20 16:23:20
https://github.com/tensorflow/tensorflow/commit/80b02cd5f552241f6f8a3ff7c233119745da01cd,2019-11-19 22:25:13
https://github.com/tensorflow/tensorflow/commit/41d8aaf0f4de184638134278e238cae3062c85e8,2019-11-15 15:57:50
https://github.com/tensorflow/tensorflow/commit/f10637646f60e994997040aee2bf644055423aaf,2019-11-15 15:27:50
https://github.com/tensorflow/tensorflow/commit/a29f106161bee066cee1bce3e3c4f3c5a5fc4293,2019-11-15 12:13:49
https://github.com/tensorflow/tensorflow/commit/946bd11412d641682d17b68e9437b888e4ec5619,2019-11-15 12:06:08
https://github.com/tensorflow/tensorflow/commit/e0bef5bba19e4b38244fb7a0b729d17bf31f703a,2019-11-13 22:24:34
https://github.com/tensorflow/tensorflow/commit/00b9ea941eed50d2219a1b4ad4a16fe8530d3ef8,2019-11-11 13:15:50
https://github.com/tensorflow/tensorflow/commit/51296ec43c69c2a4311bb92dcd4f10c905b07537,2019-11-05 10:50:26
https://github.com/tensorflow/tensorflow/commit/512c467ff5292f742d74bd538819ab8f0980ac42,2019-11-01 22:31:56
https://github.com/tensorflow/tensorflow/commit/f7d2d9f716c749728fb95dbf712db12aa2749580,2019-11-01 19:35:59
https://github.com/tensorflow/tensorflow/commit/6fbcb80d239053ad86ba18348fd116996691d7f4,2019-11-01 19:32:02
https://github.com/tensorflow/tensorflow/commit/2f40a93fdf9a2dd98c7b3e7d715fafb926539ddf,2019-11-01 17:44:15
https://github.com/tensorflow/tensorflow/commit/8bcc99578597d3a02e46bcc231c1ac76a14fc0a3,2019-10-30 16:16:30
https://github.com/tensorflow/tensorflow/commit/3ef96bcf2710e34ce7e8d5b4aa3ab12ef5bd11a0,2019-10-30 14:22:22
https://github.com/tensorflow/tensorflow/commit/c6b2a2a87b05406a75d29641e625fd0eaa92a781,2019-10-28 19:00:31
https://github.com/tensorflow/tensorflow/commit/a3540d16d87226ed6ecc0c5f02baad4a7071eb0e,2019-10-28 16:41:14
https://github.com/tensorflow/tensorflow/commit/5f55cc82a9f86576129adea9ee2d27e146b8c0a8,2019-10-25 20:42:17
https://github.com/tensorflow/tensorflow/commit/d7527088595cbc89778ee8d1b3e8361be0cb75cf,2019-10-23 20:51:39
https://github.com/tensorflow/tensorflow/commit/1c2fa3dd267d38cb37e795c7c887452ccd79a940,2019-10-22 15:25:47
https://github.com/tensorflow/tensorflow/commit/a894398b839e8b538210bc8b668c177d7ef78e36,2019-10-22 15:17:48
https://github.com/tensorflow/tensorflow/commit/60e1179aa777c09f9e51cbf8895882fef1f87d7f,2019-10-22 10:08:27
https://github.com/tensorflow/tensorflow/commit/3d7dd10f2e0d7b1a719d9fa1df61e9ae15e89cef,2019-10-08 10:45:16
https://github.com/tensorflow/tensorflow/commit/f23e6832c0d6c75290c93adc13ebc0bd34d9d527,2019-10-07 14:29:48
https://github.com/tensorflow/tensorflow/commit/8c8afe88694ac40d6c64f3d999dc29e8d7a23da7,2019-10-07 12:04:58
https://github.com/tensorflow/tensorflow/commit/8f8857101ba18a2643478908f7e00989fc97740d,2019-10-03 17:06:28
https://github.com/tensorflow/tensorflow/commit/3f7f8ef9223f6902fa76aa2cfaf409d5ed185076,2019-10-02 05:24:07
https://github.com/tensorflow/tensorflow/commit/2f1a73851905e14275b298e8f646cf1fe0e148c2,2019-10-02 04:46:12
https://github.com/tensorflow/tensorflow/commit/7bee8ad08d5a1bdef84b314956d580cc20d82439,2019-10-01 11:47:04
https://github.com/tensorflow/tensorflow/commit/d590b643f18d27afe2e1abb388e7bfadf7c2763b,2019-09-27 09:55:04
https://github.com/tensorflow/tensorflow/commit/887de41b3e8ebb8f1decdff9835bf03952f965ad,2019-09-26 20:10:26
https://github.com/tensorflow/tensorflow/commit/38f9aa0025a7bf3bd6ba30cbec4cb291d7455d14,2019-09-26 12:12:18
https://github.com/tensorflow/tensorflow/commit/cf0db0345bb6a200909faf78a655d499e32b7b1e,2019-09-24 16:27:58
https://github.com/tensorflow/tensorflow/commit/e119e976b77030ea51629c4c300edf0085296f8f,2019-09-23 22:31:47
https://github.com/tensorflow/tensorflow/commit/70a20bb034b26d08d7cff82542510a81ccc1a5a3,2019-09-23 16:14:58
https://github.com/tensorflow/tensorflow/commit/05876b2df8ecb10ee5c3439993cc6caeb8aee343,2019-09-13 04:44:18
https://github.com/tensorflow/tensorflow/commit/3aab403f8da84331436bc9ca17f767b5121fa358,2019-09-13 04:37:38
https://github.com/tensorflow/tensorflow/commit/89af99d969edaaa7b3fe0b1e21062ae6a4261656,2019-09-11 18:39:25
https://github.com/tensorflow/tensorflow/commit/d59a63081a0287fc22e20827dd4855b4a3488867,2019-09-11 04:21:03
https://github.com/tensorflow/tensorflow/commit/c782a538b0b90d93c6070ac177cb1f542272bcce,2019-09-10 17:21:43
https://github.com/tensorflow/tensorflow/commit/c45537230d52fcfd69cbe5757a46949d9a77bb7e,2019-09-10 14:53:34
https://github.com/tensorflow/tensorflow/commit/8bbc0392bc2e843df07de38d8ab66414fbfa3e82,2019-09-09 16:50:03
https://github.com/tensorflow/tensorflow/commit/6713c594da837f1d031b865eed4369e622207aa1,2019-09-07 11:59:19
https://github.com/tensorflow/tensorflow/commit/f48ab96e78715390c3f79cb9ff74b80e23897f25,2019-09-07 11:53:52
https://github.com/tensorflow/tensorflow/commit/d42ac0e35e89222b6c3fba29edcf9e2403d50fda,2019-09-06 22:38:57
https://github.com/tensorflow/tensorflow/commit/90f35c4c87e7d76e7830c23847c55953ff54d33d,2019-09-05 14:58:18
https://github.com/tensorflow/tensorflow/commit/132bebc67527c6fc9c1cd342785630789e8df83c,2019-09-04 23:22:11
https://github.com/tensorflow/tensorflow/commit/b50852ccac3d9e90af0568391ace90fc1da440e1,2019-09-04 08:55:22
https://github.com/tensorflow/tensorflow/commit/b76fbd5d4d3ed92209e124746850004099687219,2019-08-30 11:00:59
https://github.com/tensorflow/tensorflow/commit/4a3f6ccbc2f90099a5a6dd03d5fa88a6d5c12e63,2019-08-28 22:41:47
https://github.com/tensorflow/tensorflow/commit/cd63197f6190176f45dad47b8b63ff0b625c0b50,2019-08-27 00:26:15
https://github.com/tensorflow/tensorflow/commit/69a588b52aed9f08bb7f654c45c2f353dfbbba5e,2019-08-22 00:13:45
https://github.com/tensorflow/tensorflow/commit/8d8a3a2c952c2b7c67faf9eb2d49262c83732c90,2019-08-20 00:13:13
https://github.com/tensorflow/tensorflow/commit/b5ea5c9300b417a505726a77f5cb1d68e3267ab5,2019-08-19 14:47:22
https://github.com/tensorflow/tensorflow/commit/a913689fddb70729dbce45a2cad44f4bd0f03935,2019-08-16 12:49:48
https://github.com/tensorflow/tensorflow/commit/07cac23b3d333076f276f1fd4f2a83a5c0020ed3,2019-08-15 15:03:41
https://github.com/tensorflow/tensorflow/commit/52828d8c856d26a4396576b0c62ef7095f735281,2019-08-15 14:44:18
https://github.com/tensorflow/tensorflow/commit/f63a72d992335f695b2aa398301c15c72afb23df,2019-08-14 10:07:46
https://github.com/tensorflow/tensorflow/commit/20180d323cdbca87b0bdf9fdad51d71ad7c73d37,2019-08-13 23:04:38
https://github.com/tensorflow/tensorflow/commit/a28f6768043259fe6fd6b8fc8c62bed5b16aab16,2019-08-12 13:41:43
https://github.com/tensorflow/tensorflow/commit/d1225113eb7ec3a7af9826c358a1290dfcc84c08,2019-08-12 11:28:02
https://github.com/tensorflow/tensorflow/commit/3afc0e4ecf947ccf7299f65cfe7a8c27dc9ca441,2019-08-07 22:32:17
https://github.com/tensorflow/tensorflow/commit/6b4b4d417db40595d3593802c560420591c3f2bc,2019-08-03 13:37:15
https://github.com/tensorflow/tensorflow/commit/2d2bd4231ba98e8cc04a98675a7088838c671e1b,2019-08-02 12:59:14
https://github.com/tensorflow/tensorflow/commit/21488b7bca8313abe12fbdd4fc7cf4387a26d7bc,2019-08-01 21:12:51
https://github.com/tensorflow/tensorflow/commit/caa237ddd99cd6af9b8a562bd64ad2868e63c189,2019-07-31 00:14:07
https://github.com/tensorflow/tensorflow/commit/9ebead98618f310ddfeb8bcaa40c67147282e93f,2019-07-25 22:44:00
https://github.com/tensorflow/tensorflow/commit/3c180988a21626042da280865ad553ffdf145a13,2019-07-25 12:44:22
https://github.com/tensorflow/tensorflow/commit/b71bdb8980b3050bf7a147f060dcc23b352c6d7b,2019-07-23 12:52:05
https://github.com/tensorflow/tensorflow/commit/710d3113bf63558aa8a0faccab9cdb562052692e,2019-07-22 16:31:13
https://github.com/tensorflow/tensorflow/commit/f72f8bef216ed2712f1e69468e375c901b061ace,2019-07-22 15:07:19
https://github.com/tensorflow/tensorflow/commit/b3ccc749b87a7a6c298e10f66e25f6894c63e87d,2019-07-22 14:20:11
https://github.com/tensorflow/tensorflow/commit/02874a2e4272733cd2148ab9498f3ee4a06dc2da,2019-07-19 14:51:14
https://github.com/tensorflow/tensorflow/commit/0b09bfe67e980a2e6df2c544e0163f93b73ba572,2019-07-18 17:19:48
https://github.com/tensorflow/tensorflow/commit/4cb97078f48d22f0f4c2455aaf5c8f192c688a5e,2019-07-16 03:38:52
https://github.com/tensorflow/tensorflow/commit/67436a5ff89461f7397fe756c7e5f69f611535fd,2019-07-12 20:42:24
https://github.com/tensorflow/tensorflow/commit/db6d5a4289c28a82fdec368e9a239d5757f542cd,2019-07-12 16:48:06
https://github.com/tensorflow/tensorflow/commit/95644131f481eee0356fe922b90e7ca08be2967e,2019-07-12 15:48:49
https://github.com/tensorflow/tensorflow/commit/49c0adc6cd9a02c6233f51f0f6d68abf8bd49d27,2019-07-12 15:00:53
https://github.com/tensorflow/tensorflow/commit/222ca11e0e28de021cf0b5514b2c4a0c334a5c76,2019-07-10 16:44:24
https://github.com/tensorflow/tensorflow/commit/9ab4b5983bf2b22b909bbca490970ec2de9f7c8d,2019-07-10 16:04:32
https://github.com/tensorflow/tensorflow/commit/c88fd63cc599195cbf88885689e8630dd888bb6d,2019-07-09 01:44:33
https://github.com/tensorflow/tensorflow/commit/31ec5abe89d408183a62f7b2010a98fb70b72b08,2019-07-08 23:36:47
https://github.com/tensorflow/tensorflow/commit/c039c4834ca9ba0279d39329acfcbbd8efea66ea,2019-07-08 18:21:08
https://github.com/tensorflow/tensorflow/commit/5d8bcc61df88e4a568882bfcb68d8fd74b103fda,2019-07-03 21:25:33
https://github.com/tensorflow/tensorflow/commit/bedd98033be6c613905ad13336edfb743805a288,2019-07-03 20:48:14
https://github.com/tensorflow/tensorflow/commit/ce09f4ad03a5a97dae2db17b76b95288bbf4bdb1,2019-07-03 19:15:07
https://github.com/tensorflow/tensorflow/commit/bd47c759176f0039026fd5cac8db247bf452de28,2019-07-03 00:12:59
https://github.com/tensorflow/tensorflow/commit/219fd8d727b0b1178a52a1d5d6627cf829a21f5e,2019-07-02 17:32:39
https://github.com/tensorflow/tensorflow/commit/a96e718bd7716c47291b36a56a46cc6e43201ab8,2019-07-02 13:57:43
https://github.com/tensorflow/tensorflow/commit/f043da36052c648157059c2da4870095222006cc,2019-07-01 16:54:39
https://github.com/tensorflow/tensorflow/commit/300590a1e39734809693b24ad0df2daa6cdf8482,2019-06-26 22:00:12
https://github.com/tensorflow/tensorflow/commit/1c14da0bc125b705c491bcd2a46a0dd00b74ab30,2019-06-25 19:06:27
https://github.com/tensorflow/tensorflow/commit/53341fe43a8c95b5b61606806ba4f29e96e18d4f,2019-06-13 14:24:47
https://github.com/tensorflow/tensorflow/commit/bf19e4a398ffbead6f2552da5a2f0dffe5967d51,2019-06-12 06:41:45
https://github.com/tensorflow/tensorflow/commit/5228dca4f7d4fcb4fb04cbc93630756aee61ed98,2019-06-11 20:02:43
https://github.com/tensorflow/tensorflow/commit/f2adcc0bc1f27061d611f3382b752d3531a794c8,2019-06-11 13:28:13
https://github.com/tensorflow/tensorflow/commit/4b10957c79e3e694fe085770e63383734e79261b,2019-06-10 16:24:24
https://github.com/tensorflow/tensorflow/commit/2ff8601fdf787baac4cc3a3f416cf13bac65c7d2,2019-06-07 23:25:44
https://github.com/tensorflow/tensorflow/commit/6f4bc2c5157cd75bda73ea67a17e4aae92c8a78c,2019-06-07 19:44:11
https://github.com/tensorflow/tensorflow/commit/14f0c841dc5e670e392621d3e2092b45600070ba,2019-06-07 06:33:56
https://github.com/tensorflow/tensorflow/commit/fcb8c37574eb7e8a3ff974a7c1a91d22f42568ff,2019-06-06 15:55:12
https://github.com/tensorflow/tensorflow/commit/c2c6fc9cd48b59b5d332409580bb3f939049b939,2019-06-03 10:04:15
https://github.com/tensorflow/tensorflow/commit/c1f6d72a7331921476f2e0ffa519a9b024abd747,2019-06-01 23:02:33
https://github.com/tensorflow/tensorflow/commit/9366340689fef873ddd269ca9059cfcb950be3bf,2019-06-01 22:56:43
https://github.com/tensorflow/tensorflow/commit/27a9d9b992ca8703b0e4310d7fb3935e1ee2eb10,2019-06-01 22:55:13
https://github.com/tensorflow/tensorflow/commit/606cfacbfc8ec629b9324bf293f9f81357bd6e6d,2019-05-30 17:30:16
https://github.com/tensorflow/tensorflow/commit/e4e7043cefd543168c78c46f770a32aa90ce25de,2019-05-29 17:25:18
https://github.com/tensorflow/tensorflow/commit/6ada4ab006525fae4e8fdc0d4b82ab415511836e,2019-05-28 23:52:33
https://github.com/tensorflow/tensorflow/commit/e617d328529820f395180375282d42dfbad4dce3,2019-05-27 03:35:32
https://github.com/tensorflow/tensorflow/commit/88e8960fb2968bac4fe8fa2fba860bfb5a26e064,2019-05-22 19:11:12
https://github.com/tensorflow/tensorflow/commit/cf5687d4b3f66fecbab4ac35f89be0b9edac17eb,2019-05-22 15:13:06
https://github.com/tensorflow/tensorflow/commit/3ecbdf133e8be1d94b24dcdcef3fdc7313f49507,2019-05-21 19:03:47
https://github.com/tensorflow/tensorflow/commit/ebc41609e27dcf0998d8970e77a2e1f53e13ac86,2019-05-21 18:36:50
https://github.com/tensorflow/tensorflow/commit/e637ca8bb8e40b5404b4397bc70361e86f299363,2019-05-20 16:48:36
https://github.com/tensorflow/tensorflow/commit/a5ddd61215cf5d22faef5550310d4519e0480eaf,2019-05-20 16:41:46
https://github.com/tensorflow/tensorflow/commit/ed0a8b6b21ba708b6b29e7b3717f8892ee8b2414,2019-05-20 16:26:03
https://github.com/tensorflow/tensorflow/commit/cecf3f583ac9ff8f1d012e79ad3291b70f52371c,2019-05-17 21:06:43
https://github.com/tensorflow/tensorflow/commit/7d52c0c37c2326abdb1ab728081bf742852edda7,2019-05-15 12:37:55
https://github.com/tensorflow/tensorflow/commit/ba63891c8b2eb4776a0a2cac65df844bb141c37b,2019-05-15 05:38:19
https://github.com/tensorflow/tensorflow/commit/b5a1b06c3b9662a29e40b7fc8d6c7dffba5cc532,2019-05-14 18:07:07
https://github.com/tensorflow/tensorflow/commit/c73a146a7f9f2ab765de881f4f3d484d3d5e8d42,2019-05-13 22:32:32
https://github.com/tensorflow/tensorflow/commit/1751a9f117baebdaadd04cfaa90393964055ae05,2019-05-09 19:00:01
https://github.com/tensorflow/tensorflow/commit/b493244d7848fc9f720a9847f0b4a23f9b5b5c60,2019-05-07 18:15:14
https://github.com/tensorflow/tensorflow/commit/bbc71ba46b03d2e06cfb9f7e845bdb289c4c3a83,2019-05-06 11:26:15
https://github.com/tensorflow/tensorflow/commit/2112f2e9d62019621948672996f0fe527e3a77c7,2019-05-05 03:45:19
https://github.com/tensorflow/tensorflow/commit/c0b8378f08028ad05b82af9c04a88a4499f343d7,2019-05-04 16:37:08
