Library,Commit Link,Label,Verify
pytorch,https://github.com/pytorch/pytorch/commit/745324e487c451998e4e91d074677ebe417ca1d1,NO,1
pytorch,https://github.com/pytorch/pytorch/commit/27ded035455000f7e677cec7dd701cf1c0660418,NO,1
pytorch,https://github.com/pytorch/pytorch/commit/e98135d1ad2f999fec649ecd21b35f3d5676be43,YES,1
pytorch,https://github.com/pytorch/pytorch/commit/433ef4e4443af4d1921ccd6cd49fb2253481b58c,YES,1
pytorch,https://github.com/pytorch/pytorch/commit/051971ab32acfbec374f917c3d70525b130d2e53,YES,1
pytorch,https://github.com/pytorch/pytorch/commit/e22b0acc766db4a853fe8fd73e919b4adf0e3148,NO,1
pytorch,https://github.com/pytorch/pytorch/commit/e14d1d10ef9d24bf43366ac1f05a5aa8b732707b,YES,1
pytorch,https://github.com/pytorch/pytorch/commit/ff7e021e949827e11446f9c5b6cd161074380c55,NO,1
pytorch,https://github.com/pytorch/pytorch/commit/bea6762c013583ff8cea4b6ab19e27bcb6454854,NO,1
pytorch,https://github.com/pytorch/pytorch/commit/2eec02523b1c2fa6c818530178deb5f30a8ba26d,NO,1
pytorch,https://github.com/pytorch/pytorch/commit/1794c35912025aa44b0d70f67ff664b4f7bd1014,NO,1
pytorch,https://github.com/pytorch/pytorch/commit/096dc444cee3ebf8c1868ceb92ca4d6ede9f9cc1,YES,1
pytorch,https://github.com/pytorch/pytorch/commit/2b2671a7b11d7e239e88eb167b5aebce0504d6de,YES,1
pytorch,https://github.com/pytorch/pytorch/commit/50ef099ad0ea307ecab881c8bada6c08f36723a1,NO,1
pytorch,https://github.com/pytorch/pytorch/commit/ee6f0ab190ab1f9bf6cd2434435967a5c151c957,YES,1
pytorch,https://github.com/pytorch/pytorch/commit/a7cfe40c9bb22eef588b1916a7f7e8b132919c8d,NO,1
pytorch,https://github.com/pytorch/pytorch/commit/1a266def4fa62cc09fc86bee8d1fb6a573583403,YES,1
pytorch,https://github.com/pytorch/pytorch/commit/fa5f5727484d78aa2ed8668c11550431bd415f5c,YES,1
pytorch,https://github.com/pytorch/pytorch/commit/f422027fceb71b1f2f7d940f3ade32ced2ed0ba0,YES,1
pytorch,https://github.com/pytorch/pytorch/commit/741c1710e81bcc4034440d87ebbd23ec4c89cd81,NO,1
pytorch,https://github.com/pytorch/pytorch/commit/ea4b80e6d6840c2f0472124d28bae8c00c2ae363,YES,1
pytorch,https://github.com/pytorch/pytorch/commit/ae3ac9cb64896f98ba13de3953ffc6424560160d,YES,1
pytorch,https://github.com/pytorch/pytorch/commit/1cae60a87e5bdda8bcf55724a862eeed98a9747e,YES,1
pytorch,https://github.com/pytorch/pytorch/commit/0d66ccaf239c6218080f02210bb52f60f198d8a3,YES,1
pytorch,https://github.com/pytorch/pytorch/commit/f52b2ee90f2cca81bc2859ca9c3fb7e9f1b9a424,NO,1
pytorch,https://github.com/pytorch/pytorch/commit/2a51ccc77e26de66c35e3308aab4412986f1b0c7,NO,1
pytorch,https://github.com/pytorch/pytorch/commit/5bc18ec0a181fac0994522fefaf664f917d64b86,NO,1
pytorch,https://github.com/pytorch/pytorch/commit/1b3b4c2fb90cee23e837c0241075ce090f66f093,NO,1
pytorch,https://github.com/pytorch/pytorch/commit/08d5423d339ac4b302f8ae6b63b334e032104753,YES,1
pytorch,https://github.com/pytorch/pytorch/commit/b4b7477d3f6361046eecad1107cbca6ef7b220c4,YES,1
pytorch,https://github.com/pytorch/pytorch/commit/fe3e6878c4bb2a6001045c179fd7fa9838242558,YES,1
pytorch,https://github.com/pytorch/pytorch/commit/c83b94114193558fbf5b0f28ce6d5314217adefd,YES,1
pytorch,https://github.com/pytorch/pytorch/commit/81df076bfde9caff819038935c66bb9a4ba2ac08,YES,1
pytorch,https://github.com/pytorch/pytorch/commit/9912209743b7adbcbb82050829a47c00db2881c1,YES,1
pytorch,https://github.com/pytorch/pytorch/commit/adb65682affdfc37f724c02ea8c8930d3925fc07,NO,1
pytorch,https://github.com/pytorch/pytorch/commit/a6345d3477bf2cb46246ab1c53cdf8afccadc758,NO,1
pytorch,https://github.com/pytorch/pytorch/commit/6c4efd4e959017fc758fcc5dc32d8cc6a4b9164d,NO,1
pytorch,https://github.com/pytorch/pytorch/commit/856fe230c708ed1aaba413b5e09f82bcb3b61019,NO,1
pytorch,https://github.com/pytorch/pytorch/commit/940e4477ab0b81eea25051447cf5f599080c903f,NO,1
pytorch,https://github.com/pytorch/pytorch/commit/2f219f7d79357a82c1caf2d4a8df540e97b56bce,NO,1
pytorch,https://github.com/pytorch/pytorch/commit/0267b2ddcb58aa66b2b62336216da7df4f9939d8,NO,1
pytorch,https://github.com/pytorch/pytorch/commit/e5841bb8d5aa1f413cdec1c904ed9b68b91ea356,NO,1
pytorch,https://github.com/pytorch/pytorch/commit/8f1c2e1e28f0a12887fbc7529846aa3262228eae,YES,1
pytorch,https://github.com/pytorch/pytorch/commit/f78b79daaa08a908dc54067417a9253509c5d049,YES,1
pytorch,https://github.com/pytorch/pytorch/commit/5b5f4b02c27e16fb1178f3628f20b3ef72d5bbb7,NO,1
pytorch,https://github.com/pytorch/pytorch/commit/dafbd603ee6672d9592ec72b59300a2631f431d2,YES,1
pytorch,https://github.com/pytorch/pytorch/commit/51fa0bd436cf627bd0c8ccf3a3a8b9c07d260622,YES,1
pytorch,https://github.com/pytorch/pytorch/commit/efb73eda51211a2e615e98c48ea645bc65427881,YES,1
pytorch,https://github.com/pytorch/pytorch/commit/62b710782dfea8ff99c6b3a5f70d77bd0abfa5f6,YES,1
pytorch,https://github.com/pytorch/pytorch/commit/91a8376d470e83920d120f56dd92721a3d5ef8c0,NO,1
pytorch,https://github.com/pytorch/pytorch/commit/b5fdbc1a9fb94e80f0addd836fee358d2446ea88,NO,1
pytorch,https://github.com/pytorch/pytorch/commit/ec789a3c9ddd4e550b3dea6934ce2d41deb98784,NO,1
pytorch,https://github.com/pytorch/pytorch/commit/dc75ec252a952e274222f0e0d0478873f246d2b4,YES,1
pytorch,https://github.com/pytorch/pytorch/commit/ccc4ee7793978d372c64ea8d6d49c1321321d4c7,YES,1
pytorch,https://github.com/pytorch/pytorch/commit/5c9d5272e43573269427cae5e38307faac3266f6,YES,1
pytorch,https://github.com/pytorch/pytorch/commit/e385bf8ef8f84968c0ff6e47ca5e06d4948e8e62,YES,1
pytorch,https://github.com/pytorch/pytorch/commit/fff633f087fa5fb8ac69038fadbe88ccc54e614a,NO,1
pytorch,https://github.com/pytorch/pytorch/commit/3fec0efd344b56235d118fd78527fe3896f4f2d8,YES,1
pytorch,https://github.com/pytorch/pytorch/commit/5b96a552dfd25cd96cb5321e7675926c10f9e34a,YES,1
pytorch,https://github.com/pytorch/pytorch/commit/45f3e20527c0cc27a4d6c3b93f2fa529b80556bb,YES,1
pytorch,https://github.com/pytorch/pytorch/commit/5e7ac69a6721ea780f4e6a28189b7f72d7fd30c8,YES,1
pytorch,https://github.com/pytorch/pytorch/commit/23adf166e166bd56e3446284939af7e46a181079,YES,1
pytorch,https://github.com/pytorch/pytorch/commit/ff026f3d0a68a4533b193498adc5b5c7b045b73c,YES,1
pytorch,https://github.com/pytorch/pytorch/commit/cf392d8a89a86f563b5223a889ef7f7027bd182e,NO,1
pytorch,https://github.com/pytorch/pytorch/commit/27a14405d3b996d572ba18339410e29ec005c775,NO,1
pytorch,https://github.com/pytorch/pytorch/commit/c04cec609dfb57a47665bd6de573669a9d2303fa,YES,1
pytorch,https://github.com/pytorch/pytorch/commit/cda4d4887def865026d318ee265ab84c794260cc,YES,1
pytorch,https://github.com/pytorch/pytorch/commit/ae0f84d89c670fb11bfdc460878d16f713cab0b6,NO,1
pytorch,https://github.com/pytorch/pytorch/commit/8bfd9e98154b83fc6bb0d4407e103d0eb65331ae,YES,1
pytorch,https://github.com/pytorch/pytorch/commit/1bb1e3463c95c75a8555fd4c796dad8a2762d667,YES,1
pytorch,https://github.com/pytorch/pytorch/commit/856541c701f10e075c13cb4be31006ac234fa451,NO,1
pytorch,https://github.com/pytorch/pytorch/commit/72e3aca227ae1e3dc1b91aee415cf27b0cb22f2b,NO,1
pytorch,https://github.com/pytorch/pytorch/commit/73ba226d986711e2474da52ec67bf9719c902611,NO,1
pytorch,https://github.com/pytorch/pytorch/commit/40e8675fcbb233c98ec532607d5cd421ec850253,NO,1
pytorch,https://github.com/pytorch/pytorch/commit/914d3ca2ba0d63437d835da10364cccb2bb41a16,NO,1
pytorch,https://github.com/pytorch/pytorch/commit/7d33ff59ba4ed920f590cb3e8f3e1bd571c78f62,NO,1
pytorch,https://github.com/pytorch/pytorch/commit/d3e8b8bf47206c27b6c5fdc021f7c2c3a8009521,YES,1
pytorch,https://github.com/pytorch/pytorch/commit/1877b7896c237567285804ecc138bc86180a7ced,NO,1
pytorch,https://github.com/pytorch/pytorch/commit/17abbafdfc6935bcc133e5f43ba32d44914fe316,YES,1
pytorch,https://github.com/pytorch/pytorch/commit/fbc7559ceb372d88b55c96ef6984accbaa0ec3ec,YES,1
pytorch,https://github.com/pytorch/pytorch/commit/153362fbc9e8642fb851a4de3b99e3871a2cc714,NO,1
pytorch,https://github.com/pytorch/pytorch/commit/0f81473d7b4a1bf09246410712df22541be7caf3,YES,1
pytorch,https://github.com/pytorch/pytorch/commit/f8d60e0e0a4420def0cf6b3bc0a0c0d46c93de1c,YES,1
pytorch,https://github.com/pytorch/pytorch/commit/f1ee3589a1277bdc9c580612868a92e7ba27e39a,NO,1
pytorch,https://github.com/pytorch/pytorch/commit/60bbdc0b40656cf70b2b098c7d715e19f031fb0d,NO,1
pytorch,https://github.com/pytorch/pytorch/commit/73ba432d32a766e6d4e1e92175ebba91cb45fdf3,YES,1
pytorch,https://github.com/pytorch/pytorch/commit/8629939a51813def63363ff3bdfe1a6e56c69e18,NO,1
pytorch,https://github.com/pytorch/pytorch/commit/03e8a4cf45ee45611de77b55b515a8936f60ce31,YES,1
pytorch,https://github.com/pytorch/pytorch/commit/2b9465d62ab8733a36226f0d8e236a8a9bd60c23,NO,1
pytorch,https://github.com/pytorch/pytorch/commit/0678742924ebdab90dd6ef1dcce64ffc61799d47,NO,1
pytorch,https://github.com/pytorch/pytorch/commit/ede74940a150632bf28ed9d1728e929ee06d6d94,NO,1
pytorch,https://github.com/pytorch/pytorch/commit/c472cec5656b9ffb668af97a02d711bdbdf5ebec,NO,1
pytorch,https://github.com/pytorch/pytorch/commit/3bc2004f9123a32f381ef64202252d59109507f3,YES,1
pytorch,https://github.com/pytorch/pytorch/commit/bb13fad7aa7754042efe6e9465410cf5e543a77e,NO,1
pytorch,https://github.com/pytorch/pytorch/commit/d71f92213ce4bdc954576e4d3ddf7430eea7ab78,YES,1
pytorch,https://github.com/pytorch/pytorch/commit/b19c2319e46d4d5dc01ae1dd166070cd103b0e47,YES,1
pytorch,https://github.com/pytorch/pytorch/commit/2e065f2486e92d8b89b058f1d561bb801f226179,YES,1
pytorch,https://github.com/pytorch/pytorch/commit/a838e909644a3b6d811619be9d60825c16f9006e,NO,1
pytorch,https://github.com/pytorch/pytorch/commit/24e7f290993c842dd3680eade1011fd33cb8d108,NO,1
pytorch,https://github.com/pytorch/pytorch/commit/46948300a25e27d002ef3e068c08877abf432102,NO,1
pytorch,https://github.com/pytorch/pytorch/commit/7b9c5e0e3fb860ed7be4e3e7c74296a452178c00,NO,1
pytorch,https://github.com/pytorch/pytorch/commit/c993f1b37fe167c186911885dd680bba52471aeb,YES,1
pytorch,https://github.com/pytorch/pytorch/commit/df43d5843edd9abd95d2c039670bce51375d9c06,YES,1
pytorch,https://github.com/pytorch/pytorch/commit/d9696ea62482c15f565de3315db7ec40da3cbdc7,YES,1
pytorch,https://github.com/pytorch/pytorch/commit/fba21edf5b9aa14babb9c0bc860dc9c597eb8010,YES,1
pytorch,https://github.com/pytorch/pytorch/commit/936225d7b2fd46c1252a9df9f9278207fa47b7d6,YES,1
pytorch,https://github.com/pytorch/pytorch/commit/c1a43a69e422780dcfe5bc0171d921dc3a5b6836,NO,1
pytorch,https://github.com/pytorch/pytorch/commit/7fdfb88f03215161f1c305d9b45951b0bd9e30d7,YES,1
pytorch,https://github.com/pytorch/pytorch/commit/69f5b66132afa9f52e83cbae1ddeb8842f75964e,NO,1
pytorch,https://github.com/pytorch/pytorch/commit/6d4ec9b2ecba7d26e885bdbb0faeeaa1e148cfd6,NO,1
pytorch,https://github.com/pytorch/pytorch/commit/ef9451ac8dc467d2bb436589e76a0d5cc80b45fd,NO,1
pytorch,https://github.com/pytorch/pytorch/commit/f343f98710dfa7305a873f558086c595a3c3d3d4,YES,1
pytorch,https://github.com/pytorch/pytorch/commit/c3be459f26fe6050bf5041835eca64bf71202fa2,YES,1
pytorch,https://github.com/pytorch/pytorch/commit/3c1cf03fde145bdbe1f5ffb81765d076c10b4c04,YES,1
pytorch,https://github.com/pytorch/pytorch/commit/f7171313abf14d9501a330457140b2f8a01c9985,YES,1
pytorch,https://github.com/pytorch/pytorch/commit/12d6446507df794e5f1f563250bbbd8bbd08044b,YES,1
pytorch,https://github.com/pytorch/pytorch/commit/48538d3d144ebc38244afac107a5a4505dc57d22,YES,1
pytorch,https://github.com/pytorch/pytorch/commit/cdeb242fc977210e211fd77b217320205c9f4042,YES,1
pytorch,https://github.com/pytorch/pytorch/commit/f14dc3bde82aeda53a0d23aa69198c43b64cf77f,YES,1
pytorch,https://github.com/pytorch/pytorch/commit/8a31c2aa84e29f861f401735dd26ec3d6b7a39d0,NO,1
pytorch,https://github.com/pytorch/pytorch/commit/942d9abd66ab09488cec87ab56de2e8945b9b7fe,YES,1
pytorch,https://github.com/pytorch/pytorch/commit/8a21532e5351db5dd748e67ccbad6b7409b0298b,YES,1
pytorch,https://github.com/pytorch/pytorch/commit/26a8fa3a06e11e06eedfe9c5e18f6c4a3b8bb873,YES,1
pytorch,https://github.com/pytorch/pytorch/commit/4154c8358a757f118b8ee6dbc61f7a2ede10cd15,YES,1
pytorch,https://github.com/pytorch/pytorch/commit/045309aa3575b86eb6fd259bfaa336f723eb7b2f,YES,1
pytorch,https://github.com/pytorch/pytorch/commit/829f594d7db4e6328f011d12b6205b68c9f4c80a,NO,1
pytorch,https://github.com/pytorch/pytorch/commit/71eafe9e974048e36bb732680e0e8f390fcf7ad4,NO,1
pytorch,https://github.com/pytorch/pytorch/commit/6c79299a35dad02d2bec382ca204caf8e1e12e87,NO,1
pytorch,https://github.com/pytorch/pytorch/commit/5f15110499a9256f64cce600aedd96f7f02446fa,NO,1
pytorch,https://github.com/pytorch/pytorch/commit/b03dc3d1672517d14f0469af790b93c5a22f5b4d,YES,1
pytorch,https://github.com/pytorch/pytorch/commit/cfb374dc7397e22b2c6454859f4a13ff46db50a1,NO,1
pytorch,https://github.com/pytorch/pytorch/commit/6eac3f45c7d6db45fa26507d0d8949ce6fb12dd7,NO,1
pytorch,https://github.com/pytorch/pytorch/commit/6b39146b3f33c2d00d2e1c0ae60ec32951333a08,NO,1
pytorch,https://github.com/pytorch/pytorch/commit/f8857cef4571cafd078e7799f4762df80566a0e3,NO,1
pytorch,https://github.com/pytorch/pytorch/commit/b1e214ceb19aa79c0fbfe3ee0e53d615bfa68801,YES,1
pytorch,https://github.com/pytorch/pytorch/commit/12dee4f2046d07db97cddc7b3c5bdf06fc304ae3,YES,1
pytorch,https://github.com/pytorch/pytorch/commit/6edf989e2f65abffdc1cffc921628851c2978cf8,YES,1
pytorch,https://github.com/pytorch/pytorch/commit/e6f655697b904401a2685e60dbeeaa94483ce180,YES,1
pytorch,https://github.com/pytorch/pytorch/commit/b96d9090d241ff9518ea31309049822bbdc01577,NO,1
pytorch,https://github.com/pytorch/pytorch/commit/acfe237a71af609e837a34bb38048aa8acb8eb4d,YES,1
pytorch,https://github.com/pytorch/pytorch/commit/8c38d0cd648a8cef9518591f3b4dc257104a5fa8,YES,1
pytorch,https://github.com/pytorch/pytorch/commit/d54c28e7fcb6377aa007c0d3e53837683420af4b,YES,1
pytorch,https://github.com/pytorch/pytorch/commit/d782e43464bc939429054e3373af8cf80554fc45,YES,1
pytorch,https://github.com/pytorch/pytorch/commit/5862521ad15cfb79c3c9f5cf7aef33eb5bd6e08d,YES,1
pytorch,https://github.com/pytorch/pytorch/commit/c860df5a9d315f712d8602a7201fdf2aaabe8945,YES,1
pytorch,https://github.com/pytorch/pytorch/commit/490d72e4e6eb07ed7c65ee6f7c48bb393483c01c,NO,1
pytorch,https://github.com/pytorch/pytorch/commit/92eb1731d4cdc9f15cf9304477a5701415453227,YES,1
pytorch,https://github.com/pytorch/pytorch/commit/e046c59e5bd2d7c105f8e424dda2d1c8b5aed21a,YES,1
pytorch,https://github.com/pytorch/pytorch/commit/2973c9bb884df8f3d7e846738ee6679fb022609e,YES,1
pytorch,https://github.com/pytorch/pytorch/commit/20aa7cc6788ff10dee2d927057b10a81af638a32,YES,1
pytorch,https://github.com/pytorch/pytorch/commit/8bf9e99cead36db15fb7c09455f2b3fb4f6015f3,YES,1
pytorch,https://github.com/pytorch/pytorch/commit/b805d3cbcbd074c9cdb1d0d556c2d3dbdbfe006d,YES,1
pytorch,https://github.com/pytorch/pytorch/commit/6a5acd91c35104c997f8040ef842a0f967c0d796,YES,1
pytorch,https://github.com/pytorch/pytorch/commit/6db32710074f0944305b2d1e4571bb4ce571bf6a,YES,1
pytorch,https://github.com/pytorch/pytorch/commit/f0c8b9348782a68ebd46757453e56ba3e8a1fecf,YES,1
pytorch,https://github.com/pytorch/pytorch/commit/02093b6c6ae1046368e2500881d0bb5880873386,NO,1
pytorch,https://github.com/pytorch/pytorch/commit/b833fc0ecb50f86c01d5f8fd7f996ebe5f689659,YES,1
pytorch,https://github.com/pytorch/pytorch/commit/10c17b13d78a1c7ac91262101f20c5364e0e5f0c,YES,1
pytorch,https://github.com/pytorch/pytorch/commit/f25c7c9699a84f0f7bac3abce7eebc8a444fd80b,NO,1
pytorch,https://github.com/pytorch/pytorch/commit/a08be4b705b5de9263e2d9d9d2ad927b8836edfe,YES,1
pytorch,https://github.com/pytorch/pytorch/commit/346343e6b5b0f81e9a595089dc588d8567cbcb02,YES,1
pytorch,https://github.com/pytorch/pytorch/commit/f4b2d50fd738d2ff2a8dde2f218411052f1c2716,NO,1
pytorch,https://github.com/pytorch/pytorch/commit/faf0015052ee37db718bc5efa6673e0c25be1e8d,YES,1
pytorch,https://github.com/pytorch/pytorch/commit/469383755fe416eb1c41fa724762ad3eaecdff07,NO,1
pytorch,https://github.com/pytorch/pytorch/commit/9fedf41b601e566ef0dcdd590c49bfaa4596a43b,NO,1
pytorch,https://github.com/pytorch/pytorch/commit/0fd1fc17c3a53cb4cede1992d431d5384b2813f3,YES,1
pytorch,https://github.com/pytorch/pytorch/commit/7864d287a1e56685aa754285cc2d3c31ff055f62,NO,1
pytorch,https://github.com/pytorch/pytorch/commit/9782439277fb545ec4e14340ecf75df86ddc4f0f,YES,1
pytorch,https://github.com/pytorch/pytorch/commit/a60fa960e5b6e07b24776279b482c7ee7a76aa8e,NO,1
pytorch,https://github.com/pytorch/pytorch/commit/7c59720ba70d8c24e51c95a4825e6c0f4cb2b54d,YES,1
pytorch,https://github.com/pytorch/pytorch/commit/f70bd71a4883c4d6243bc447f7e9af3fc8f83efd,NO,1
pytorch,https://github.com/pytorch/pytorch/commit/d4727fd4ebd42936a1bae7b7f44ee9a038fd643e,YES,1
pytorch,https://github.com/pytorch/pytorch/commit/9aa7699185e4ec39077e3046dfd63244dffa9ddb,NO,1
pytorch,https://github.com/pytorch/pytorch/commit/c941fee7ea6d069cd79c420dbe5528decb86ac3e,NO,1
pytorch,https://github.com/pytorch/pytorch/commit/b1a7455b996a2bed2f716f54315509b6b9a6dcce,YES,1
pytorch,https://github.com/pytorch/pytorch/commit/bebefcf84520e46e4b156a9426ef76c6e110668d,YES,1
pytorch,https://github.com/pytorch/pytorch/commit/394ec2da300e8933d8184ba862daed3a115d7fd9,YES,1
pytorch,https://github.com/pytorch/pytorch/commit/506eda538b85c9fec7a35a4c8684cdef05fc5e9d,YES,1
pytorch,https://github.com/pytorch/pytorch/commit/aead440c62c94d0a5b9055bd34e961be4aabafdb,NO,1
pytorch,https://github.com/pytorch/pytorch/commit/07958c538cb91adae1b6c00aaa46217a5c4166ed,NO,1
pytorch,https://github.com/pytorch/pytorch/commit/0969f01d739856c5e878ba9950be461e0fe03427,NO,1
pytorch,https://github.com/pytorch/pytorch/commit/8ee6105f84cb26af664c0f9179e2ddb140f07aa6,YES,1
pytorch,https://github.com/pytorch/pytorch/commit/b4a008209a451d6fde94f09601ad179a274c315c,NO,1
pytorch,https://github.com/pytorch/pytorch/commit/43a7ab2a217f0ee007f65bbdec56c21e6e310aba,NO,1
pytorch,https://github.com/pytorch/pytorch/commit/43069c460e87ba77fd69d2193635179779328e27,YES,1
pytorch,https://github.com/pytorch/pytorch/commit/609c958281e2142a9a9911cdb383dcac7d2af332,YES,1
pytorch,https://github.com/pytorch/pytorch/commit/db3a2d751c117fe563bdbc4a1b4f8736c184ca68,YES,1
pytorch,https://github.com/pytorch/pytorch/commit/7bb89bcaa44fb5513c7810d039d0b4dc45346574,YES,1
pytorch,https://github.com/pytorch/pytorch/commit/84fb96130f5214cc2636b05797996a1ed3505251,YES,1
pytorch,https://github.com/pytorch/pytorch/commit/24ed909934925dcd3b99d23758003c08aa581153,YES,1
pytorch,https://github.com/pytorch/pytorch/commit/141888765bba129914448a9609ad5e182778cbdc,YES,1
pytorch,https://github.com/pytorch/pytorch/commit/e739a2d59e3391116f2ee68622e2a9c131c1edf6,YES,1
pytorch,https://github.com/pytorch/pytorch/commit/e0e2d897ed519e65b097fa811abb5db04e6576b2,YES,1
pytorch,https://github.com/pytorch/pytorch/commit/e8f9f37b03fe74a7bc499ee7b01467b4513fa212,NO,1
pytorch,https://github.com/pytorch/pytorch/commit/3999b72d464b2e121d35b1fc2c1b980c922db15a,YES,1
pytorch,https://github.com/pytorch/pytorch/commit/5b98d43488bed0836b4da5996a50bafd0dd2c11c,YES,1
pytorch,https://github.com/pytorch/pytorch/commit/cb9fe91f5cc90a0b110ebb681f4074a7657124dd,NO,1
pytorch,https://github.com/pytorch/pytorch/commit/8973c5b8468e4620df47c092ff7e0fea4b9ef83f,NO,1
pytorch,https://github.com/pytorch/pytorch/commit/317c0af149855b5924a59170a18abecca97e2ce0,NO,1
pytorch,https://github.com/pytorch/pytorch/commit/b1984237a0fb32b760c1b84d6d02d2f0f7ed293b,NO,1
pytorch,https://github.com/pytorch/pytorch/commit/f9fce110af428a600e597291a0ab80e43dc39e93,YES,1
pytorch,https://github.com/pytorch/pytorch/commit/136f8378e1b5a8cb7127977b8d068fbf9c3e1247,YES,1
pytorch,https://github.com/pytorch/pytorch/commit/9a71d12d920f3cafd552623e82e251d143b0c614,NO,1
pytorch,https://github.com/pytorch/pytorch/commit/87f44d70b195d9f4bdfa3f564b47e015d8e2ec8f,YES,1
pytorch,https://github.com/pytorch/pytorch/commit/768ce2cddad2057349d1194274a5f93c47c5ac88,NO,1
pytorch,https://github.com/pytorch/pytorch/commit/51a56efbb91377237eb1b81d72c7d598ad61b14e,YES,1
pytorch,https://github.com/pytorch/pytorch/commit/030bb13fe84c88ab5c988351543362b60fefb556,YES,1
pytorch,https://github.com/pytorch/pytorch/commit/dd7aeedb72f8a96d0f168308292e0d41c095f01b,YES,1
pytorch,https://github.com/pytorch/pytorch/commit/d68196e7ef5eb8f62064ef70c75032f4d8b4a4fa,YES,1
pytorch,https://github.com/pytorch/pytorch/commit/606c4f1367c7eb4a49aa4a9538dd2b1eb92485d6,YES,1
pytorch,https://github.com/pytorch/pytorch/commit/ff1e3ff5a503a520c1a310c8e72a383657f9a4bc,YES,1
pytorch,https://github.com/pytorch/pytorch/commit/2fe672b146e776d18fcb794ca3cbb4e52d32ba8e,YES,1
pytorch,https://github.com/pytorch/pytorch/commit/5b8c81eb824c58820ad2b71b0c807280c6dd6c61,YES,1
pytorch,https://github.com/pytorch/pytorch/commit/fa013f69bb9647a8defba8d0733475a6fdcd6a73,YES,1
pytorch,https://github.com/pytorch/pytorch/commit/6b24ec480ce6cf2f00fddbcb6bd5fb5b83db1b7d,YES,1
pytorch,https://github.com/pytorch/pytorch/commit/793df52dc52f5f5f657744abfd7681eaba7a21f9,YES,1
pytorch,https://github.com/pytorch/pytorch/commit/d60135e91548783a6cbcfc69ea0fbe4976251b16,YES,1
pytorch,https://github.com/pytorch/pytorch/commit/497bac223c72c14df85353512a77e60f3c8a6290,YES,1
pytorch,https://github.com/pytorch/pytorch/commit/15745a52b0d7dc5c3d0ecc061b1604288064f641,YES,1
pytorch,https://github.com/pytorch/pytorch/commit/526a69f5eefcec67ab709cb49831f63e057211c2,YES,1
pytorch,https://github.com/pytorch/pytorch/commit/8865425ff7f68a172f02963f2734e4d5b005cdba,YES,1
pytorch,https://github.com/pytorch/pytorch/commit/1b9eebb6bbcbe8a7ac1bb7622d22fe9dd6fbc2e7,YES,1
pytorch,https://github.com/pytorch/pytorch/commit/b0c86a5bc1e1b2c1cd8f9e36a02789058ddf0add,YES,1
pytorch,https://github.com/pytorch/pytorch/commit/5f46312dbb133118ffb43f3f3fff47beca24d6bf,YES,1
pytorch,https://github.com/pytorch/pytorch/commit/e203aa9fab290e3baf66289568cf614cc9f34621,YES,1
pytorch,https://github.com/pytorch/pytorch/commit/2cd3ef47779d9c4337dc0edba50ac84ffdce0ede,YES,1
pytorch,https://github.com/pytorch/pytorch/commit/267145c5d044d9652308d567886e7cf9c111c23b,YES,1
pytorch,https://github.com/pytorch/pytorch/commit/8a33a77fd1717e23286903927ca5663df91f616d,YES,1
pytorch,https://github.com/pytorch/pytorch/commit/1d6fc0d4de7e5189db0f9330ced186cd21a5bf32,YES,1
pytorch,https://github.com/pytorch/pytorch/commit/2367d0dacdded111d7859fdec23a6a3d87c19ca5,NO,1
pytorch,https://github.com/pytorch/pytorch/commit/55f36d1ada09917195892443295baf1cd0e5cfdd,YES,1
pytorch,https://github.com/pytorch/pytorch/commit/57a3d00b0659e4ac37c4a35a36c71f710e89197a,NO,1
pytorch,https://github.com/pytorch/pytorch/commit/1c1268b6e912af37ea3649826707c271885982fb,YES,1
pytorch,https://github.com/pytorch/pytorch/commit/05bbcae5bb6f1513bb177c19734a838efd97e05e,NO,1
pytorch,https://github.com/pytorch/pytorch/commit/4d8a3f8bb31445e39bad5dc6cff30e510ce798d7,YES,1
pytorch,https://github.com/pytorch/pytorch/commit/8013c4409f3a37452e71ebb2e2a135cc40978b3e,NO,1
pytorch,https://github.com/pytorch/pytorch/commit/34d33df056c3de47d5ca3aa47aa8cda433c09d74,NO,1
pytorch,https://github.com/pytorch/pytorch/commit/90a13c3c5b54292ddcd6c3c2ae00e6aaec3a252d,NO,1
pytorch,https://github.com/pytorch/pytorch/commit/eb1d6ed9f9d9731401b04382f526a64e6d27b6e6,YES,1
pytorch,https://github.com/pytorch/pytorch/commit/1c4887d52b79e07efe4d34580e88e26e81c079c4,YES,1
pytorch,https://github.com/pytorch/pytorch/commit/88999674a01413beb7d22f45a76d7c5afb697090,YES,1
pytorch,https://github.com/pytorch/pytorch/commit/09ce76809c018d2442934d0a1b4a1b6b10b501f4,NO,1
pytorch,https://github.com/pytorch/pytorch/commit/3bd38928ba7b05af3b8e438365958c6cf4b9f17e,NO,1
pytorch,https://github.com/pytorch/pytorch/commit/0c1ac4484d174d55e3cb06fd103b869cf3b34240,YES,1
pytorch,https://github.com/pytorch/pytorch/commit/07330ff7b6241f62945276f1059de1713be6044a,NO,1
pytorch,https://github.com/pytorch/pytorch/commit/a6149eba1268d240c30c9fc220f2fa0af8b5cc0c,YES,1
pytorch,https://github.com/pytorch/pytorch/commit/a26480a4d1d65bbae9589cb9176ede3dd4619768,YES,1
pytorch,https://github.com/pytorch/pytorch/commit/7a68e0a3e8fb4127ef4b26b753c53e4029e35137,NO,1
pytorch,https://github.com/pytorch/pytorch/commit/272cf29e4d0c9de3fb1631f766e8bb55d65944d6,NO,1
pytorch,https://github.com/pytorch/pytorch/commit/03717430cc54609189cc7df593b2c96a99fb7f55,YES,1
pytorch,https://github.com/pytorch/pytorch/commit/7a4e4511845dbeefe4d16c321b2a93ac72b76d93,YES,1
pytorch,https://github.com/pytorch/pytorch/commit/a6a67da33318312a3e290def79b3be548b3296a0,YES,1
pytorch,https://github.com/pytorch/pytorch/commit/13a25c647f7c789564b3762dc2bbcb2f7f1257f7,YES,1
pytorch,https://github.com/pytorch/pytorch/commit/9b03a06288b061ef83c3089d5b525dd689493f52,YES,1
pytorch,https://github.com/pytorch/pytorch/commit/08460f4baeb9257a466935f56362c6ebff8cbdd5,NO,1
pytorch,https://github.com/pytorch/pytorch/commit/b3f24b57fbe7cb102de01c9b9eb1c96b9d1eeab5,YES,1
pytorch,https://github.com/pytorch/pytorch/commit/dc514b967e83c2dc723febcf767447f63afd5515,NO,1
pytorch,https://github.com/pytorch/pytorch/commit/b1657beac174811acb03024327b8d6e972e9eca9,NO,1
pytorch,https://github.com/pytorch/pytorch/commit/e8e3049f576056d169bee0132d5a09f6320fb2ca,NO,1
pytorch,https://github.com/pytorch/pytorch/commit/e50ded03a6b21f4ac217262caa7b6af9425abe4a,NO,1
pytorch,https://github.com/pytorch/pytorch/commit/372f192050f305d05b53d9354b38800e9664543e,NO,1
pytorch,https://github.com/pytorch/pytorch/commit/69cedc16c593e777cd36f064dd862c78d6291c0b,YES,1
pytorch,https://github.com/pytorch/pytorch/commit/099ff51d459462cccf83361f33b9a59ecf93842e,YES,1
pytorch,https://github.com/pytorch/pytorch/commit/87a533ed1b10b6148c83fc3119366c92e575aeba,NO,1
pytorch,https://github.com/pytorch/pytorch/commit/34e3f6f3c9ed0b8ebdbf37637722a6e53274198a,YES,1
pytorch,https://github.com/pytorch/pytorch/commit/34a28f01dd4ce701b2e35f8d80ade2c6932725bc,YES,1
pytorch,https://github.com/pytorch/pytorch/commit/85c807b3fd0f68c0f9ef0b64e54e37e792b25cea,YES,1
pytorch,https://github.com/pytorch/pytorch/commit/9e166223977bb19cd08a974f0b30a543b5f008bc,YES,1
pytorch,https://github.com/pytorch/pytorch/commit/6a5c7d5f95b13f146713d1887b17409d5a4d7d12,NO,1
pytorch,https://github.com/pytorch/pytorch/commit/089f4c0bd9237ac67758b7170df18219079681bc,YES,1
pytorch,https://github.com/pytorch/pytorch/commit/7f81563e5e247f65909084a9b5c5b9ee21fac76d,NO,1
pytorch,https://github.com/pytorch/pytorch/commit/66b20b4297d0a3d0b10bb2e9c0ba3e1391997258,NO,1
pytorch,https://github.com/pytorch/pytorch/commit/2d9efad38f5eec3382feb6c7a1a0472c62e118cd,YES,1
pytorch,https://github.com/pytorch/pytorch/commit/11f2e8beac1b92703ea114b60d1f1e3bf57f22b6,NO,1
pytorch,https://github.com/pytorch/pytorch/commit/02a410ee12e6f7318c2abb463edfaff456a0bdb4,NO,1
pytorch,https://github.com/pytorch/pytorch/commit/06f8af30fa125ca3bec56982e53d09d77fa1ec69,NO,1
pytorch,https://github.com/pytorch/pytorch/commit/f94933ed42be213d37032186e9465b641ef00585,YES,1
pytorch,https://github.com/pytorch/pytorch/commit/ca679384c2022cf2ba69fcd8f577920d2b33df33,YES,1
pytorch,https://github.com/pytorch/pytorch/commit/2ebf2c88baa4667d55eda92f4c8424db505af781,NO,1
pytorch,https://github.com/pytorch/pytorch/commit/7c556428c74a79c6d9c272826344a0828d3f66f5,NO,1
pytorch,https://github.com/pytorch/pytorch/commit/3e382456c109820c836b104570104c3c5aff5632,YES,1
pytorch,https://github.com/pytorch/pytorch/commit/e29eb39e04a9318abae5be131ec361690443fc7d,YES,1
pytorch,https://github.com/pytorch/pytorch/commit/e0268821dd2ea0e8a51b81c0ef3b18e77f68a33d,NO,1
pytorch,https://github.com/pytorch/pytorch/commit/3ad067fe2b969d17773e9ada918c67da829bb5cc,YES,1
pytorch,https://github.com/pytorch/pytorch/commit/516f38a144bf60f44c81342fe2327acce3829ece,YES,1
pytorch,https://github.com/pytorch/pytorch/commit/cd380c794f5b654286e0a95c2d04da1e5b6c8e82,NO,1
pytorch,https://github.com/pytorch/pytorch/commit/e0f6fa6a7c93242c3131325f69582ebe23d5da7c,NO,1
pytorch,https://github.com/pytorch/pytorch/commit/ee3a7bdc2d0966ab788e48e640879fcf4cd1c69e,YES,1
pytorch,https://github.com/pytorch/pytorch/commit/fb492f7ca14ee429a522589f9c71da53f56fc323,YES,1
pytorch,https://github.com/pytorch/pytorch/commit/4240304da4ddc42335b0219bae11f072ca240fe5,YES,1
pytorch,https://github.com/pytorch/pytorch/commit/b51e0246b7f119770c47183b230c553f15ab4fbb,YES,1
pytorch,https://github.com/pytorch/pytorch/commit/d81d5f52d5ab4f7fc64ff0eadd0ae0e54cbd15e6,NO,1
pytorch,https://github.com/pytorch/pytorch/commit/34638c82a666c417f6bb7ad6e5fe4a1ab659edf0,NO,1
pytorch,https://github.com/pytorch/pytorch/commit/8c1480f568a4be7351d68e3a7d0433218473e4e2,NO,1
pytorch,https://github.com/pytorch/pytorch/commit/52de407b6cc2e58462bc043f345865c124771244,YES,1
pytorch,https://github.com/pytorch/pytorch/commit/2502a011108b0592dd6dd34e5a61b2d52b95160e,YES,1
pytorch,https://github.com/pytorch/pytorch/commit/e5f46a1d359a91b5b80a749ab8c01450ec6d2961,NO,1
pytorch,https://github.com/pytorch/pytorch/commit/b8e4423278bd52ac7a8d4c5f9221bb6fc67c75ac,YES,1
pytorch,https://github.com/pytorch/pytorch/commit/f3a2094065c8b4b7bae426e71c923a8a8abb74b5,YES,1
pytorch,https://github.com/pytorch/pytorch/commit/9d6bf20022b724fcc7bde1499c1b9548bcfdec72,YES,1
pytorch,https://github.com/pytorch/pytorch/commit/33761969a415852c61b9c89271b140b1ed827b67,NO,1
pytorch,https://github.com/pytorch/pytorch/commit/ee1c2449f7a44eba4ea04a60541e90792d626788,YES,1
pytorch,https://github.com/pytorch/pytorch/commit/8c2fde1fcf17a1108557740d581e1808cc5b7d38,NO,1
pytorch,https://github.com/pytorch/pytorch/commit/85033759d68c84c3e697da74053d6ecfaea61e15,YES,1
pytorch,https://github.com/pytorch/pytorch/commit/d9d8c2b79fd8dce7226f9157c5a67adb6d30feff,NO,1
pytorch,https://github.com/pytorch/pytorch/commit/b816760a2f27adafb0b1dac4c032a2e97c690b29,NO,1
pytorch,https://github.com/pytorch/pytorch/commit/d670dfb7ae0a88cf010455301eb1d0ef91950f1a,YES,1
pytorch,https://github.com/pytorch/pytorch/commit/3aeaa21eb02953a9cbc62b3e61215572fc28453e,YES,1
pytorch,https://github.com/pytorch/pytorch/commit/576383c2eb979d5ddadea4f27a49c3097530265c,YES,1
pytorch,https://github.com/pytorch/pytorch/commit/6379010ebd77a163024792b4ae983eecc2057cbe,YES,1
pytorch,https://github.com/pytorch/pytorch/commit/8b00e5aa12cfbc29909a8697180621e7cd5d92d3,NO,1
pytorch,https://github.com/pytorch/pytorch/commit/05ac295177ba885165108b03f7a35155ceee6904,YES,1
pytorch,https://github.com/pytorch/pytorch/commit/3f1f057adfcd4cef67fff9605a894cb075c02881,NO,1
pytorch,https://github.com/pytorch/pytorch/commit/babd6c776dfdc5db0f0f1bc69e41a5a5d76ca719,YES,1
pytorch,https://github.com/pytorch/pytorch/commit/a1dd367716ee2846aac20a074d6d553b270d6943,YES,1
pytorch,https://github.com/pytorch/pytorch/commit/ca090b2c774c5ce6dcea17d35bf17d8a053bf556,NO,1
pytorch,https://github.com/pytorch/pytorch/commit/b7c84857048081d2cc1ccacf18c2456e65c5494c,YES,1
pytorch,https://github.com/pytorch/pytorch/commit/fb11354594fb68d86ce3b55d39785d5c0c010fca,YES,1
pytorch,https://github.com/pytorch/pytorch/commit/41dfdde9f5cd593e25732021347015d5e64acc8f,YES,1
pytorch,https://github.com/pytorch/pytorch/commit/41902a6ebc1806e7f4d6ce1da604cc9921c6515e,NO,1
pytorch,https://github.com/pytorch/pytorch/commit/978faf1fa29444f78a7ca805f8abc032cb29e0d8,NO,1
pytorch,https://github.com/pytorch/pytorch/commit/993e4f3911856be3a93746f6ed6a13f25de6ff65,NO,1
pytorch,https://github.com/pytorch/pytorch/commit/7cc7bf9dda77bf7f8506b11d02d686a0a1cd29b8,NO,1
pytorch,https://github.com/pytorch/pytorch/commit/f1aef2c0941139fcdc8d59208718127959f6a706,YES,1
pytorch,https://github.com/pytorch/pytorch/commit/b66c4eda61f4e6be536a096c3fcdf464a3608aef,NO,1
pytorch,https://github.com/pytorch/pytorch/commit/b599f5608c309331df7a599c3b7f21a74375b2fa,NO,1
pytorch,https://github.com/pytorch/pytorch/commit/66c3152e36c9ed2fd7cf7cd5ad4b487e7d79d8f2,NO,1
pytorch,https://github.com/pytorch/pytorch/commit/26f1da0b1b5a786d679bdb9967702811c4cd9a14,YES,1
pytorch,https://github.com/pytorch/pytorch/commit/87fb8b6218e4af83cd71ac103aac2f9193a732a3,NO,1
pytorch,https://github.com/pytorch/pytorch/commit/6e78592cbb81138ce13ad65a5f549d65b191526c,YES,1
pytorch,https://github.com/pytorch/pytorch/commit/155f27a97bc113c4de00884cb8ed8106f40eb116,YES,1
pytorch,https://github.com/pytorch/pytorch/commit/365c7a292fedbf776014b878849ebd3dcb7463f0,NO,1
pytorch,https://github.com/pytorch/pytorch/commit/249a2261139dc06d4a365262d84432e1727f34dc,YES,1
pytorch,https://github.com/pytorch/pytorch/commit/560213de2d8f734987e25680e72d565501ab8318,YES,1
pytorch,https://github.com/pytorch/pytorch/commit/38827141681397564ff4ef0163dc1f0d17cd0708,YES,1
pytorch,https://github.com/pytorch/pytorch/commit/29fa6fbc4eda6c02ecdfd73b74a8702187c4fc44,YES,1
pytorch,https://github.com/pytorch/pytorch/commit/35e847830511b2c700586d312177794be094d67e,YES,1
pytorch,https://github.com/pytorch/pytorch/commit/1deb75b5846c6bb39773a4f210379f983250d802,NO,1
pytorch,https://github.com/pytorch/pytorch/commit/dd2cff1591d2ac28c3efe451b7bc37646b98cec9,YES,1
pytorch,https://github.com/pytorch/pytorch/commit/7a8013fbfa43f7bdf850b13c350febd7419aed2e,YES,1
pytorch,https://github.com/pytorch/pytorch/commit/38c18f382577ee4a5587fd1876d2e2b546d004b8,NO,1
pytorch,https://github.com/pytorch/pytorch/commit/2c8975387d0459b0b0f92937eb60d0ad5d555c60,YES,1
pytorch,https://github.com/pytorch/pytorch/commit/fbd9bccb750a013fefd3836639eba6dd62afe793,YES,1
pytorch,https://github.com/pytorch/pytorch/commit/172dd13ecff965a549bf4f2a58f5b2900a00497a,NO,1
pytorch,https://github.com/pytorch/pytorch/commit/6ebb26d572d5fcdc6ac0d1297bdf8d1eb5d20722,YES,1
pytorch,https://github.com/pytorch/pytorch/commit/19a9fdbf3aab48bfa51fcbf524f0bc02ee3ad4b5,YES,1
pytorch,https://github.com/pytorch/pytorch/commit/04604eea8ad201777a11c80c9dc64112e21cfb3c,YES,1
pytorch,https://github.com/pytorch/pytorch/commit/e10cfdd89531366c5dd0b8dfa3313b2d4be06457,YES,1
pytorch,https://github.com/pytorch/pytorch/commit/19e93b85b91dba5c2d04e97f82ec764f404a4c10,YES,1
pytorch,https://github.com/pytorch/pytorch/commit/152bde6e2760cfab617acb21a20443a6231b7454,YES,1
pytorch,https://github.com/pytorch/pytorch/commit/b4eb97a072a54cf4ca0548fd0a643784da5b073e,YES,1
pytorch,https://github.com/pytorch/pytorch/commit/534c73d478fc967cb3a6a29f5eada94bc4ce2c29,YES,1
pytorch,https://github.com/pytorch/pytorch/commit/f6639359357452de8bfc691430396ded98ea399c,YES,1
pytorch,https://github.com/pytorch/pytorch/commit/53953316444485c8ee250022988ef87778ae1352,YES,1
pytorch,https://github.com/pytorch/pytorch/commit/4926146537df5a39846dae0e551d394001588b13,YES,1
pytorch,https://github.com/pytorch/pytorch/commit/b10cb168a72211639b73e451b9cd69154952ccb3,YES,1
pytorch,https://github.com/pytorch/pytorch/commit/f6be25bae60853c6654d0efea096a459afa72c01,YES,1
pytorch,https://github.com/pytorch/pytorch/commit/ba06951c661d7c4628a742e754106fa0dc1c59b9,NO,1
pytorch,https://github.com/pytorch/pytorch/commit/dfccaac31ba046c78cee0add70957c7110c06119,YES,1
pytorch,https://github.com/pytorch/pytorch/commit/127812efee61768f5660cb10034d96810ac6d960,NO,1
pytorch,https://github.com/pytorch/pytorch/commit/86cd6655a1155803380dbcf442975675bcfa9c41,NO,1
pytorch,https://github.com/pytorch/pytorch/commit/de4d48df34c0e8bcd03d96bcdfd12e263e9889ff,YES,1
pytorch,https://github.com/pytorch/pytorch/commit/02e2158e754bafda46e663052c838aeb6ab6b560,YES,1
pytorch,https://github.com/pytorch/pytorch/commit/b5e83b8c50bb883c1749c2edf8add5bb37e284c4,YES,1
pytorch,https://github.com/pytorch/pytorch/commit/362bc6d7cbcac57466a52701fac3ba3bfb668000,YES,1
pytorch,https://github.com/pytorch/pytorch/commit/44b98c09ca90ce4529d1a9792b01a0e8afe5345e,NO,1
pytorch,https://github.com/pytorch/pytorch/commit/6c419a0efdcfa8e262582795144102051b527f62,YES,1
pytorch,https://github.com/pytorch/pytorch/commit/491292229782e06b1d99684fc591fabae5445cdd,NO,1
pytorch,https://github.com/pytorch/pytorch/commit/c1d960aadd23bb261724c11f34d4a852ffaacfd6,NO,1
pytorch,https://github.com/pytorch/pytorch/commit/be9de33240424c85cbd8dd11bd285830e8ad9b36,NO,1
pytorch,https://github.com/pytorch/pytorch/commit/16e539e0e68a9a7c100e6b4d7d4ba20d67fad2eb,YES,1
pytorch,https://github.com/pytorch/pytorch/commit/d72d99e5917a3d26e304dfb22d7cc86c99466528,YES,1
pytorch,https://github.com/pytorch/pytorch/commit/9a2a44457a661f87ccb0bc947a4287f9bc2330c3,YES,1
pytorch,https://github.com/pytorch/pytorch/commit/9b8f934068290a53ac7b330f7863f007323eec8d,YES,1
pytorch,https://github.com/pytorch/pytorch/commit/dd367b7c8f61637153d2f3b3a16bccfc389345c3,YES,1
pytorch,https://github.com/pytorch/pytorch/commit/419f2ca3e37262359c028f8b0c62c0ccd0b2b898,YES,1
pytorch,https://github.com/pytorch/pytorch/commit/7ed2bc7c67dce9ec0edc642bd0df5170b89ff30b,YES,1
pytorch,https://github.com/pytorch/pytorch/commit/66b04e3cb707d30c4698b269c83cb6221848f17a,YES,1
pytorch,https://github.com/pytorch/pytorch/commit/b9af1269088511b5222f8cbd875e83a7efdf7163,NO,1
pytorch,https://github.com/pytorch/pytorch/commit/8a8d0adc0b500d70016b71704659dd2d7898e856,YES,1
pytorch,https://github.com/pytorch/pytorch/commit/75d3bbaaa23a5b3febb0264df0742b6b6e4c916e,YES,1
pytorch,https://github.com/pytorch/pytorch/commit/1becd2c314f45bded8d3fbec91d785e7190b4afe,YES,1
pytorch,https://github.com/pytorch/pytorch/commit/7553c495147f3e21a1e27d392d277906a47768e7,YES,1
pytorch,https://github.com/pytorch/pytorch/commit/03ff44c958913dedbf160b2c2f6b9107cfd160c1,YES,1
pytorch,https://github.com/pytorch/pytorch/commit/937d616e825e70b8d786c1f514ae9cec9c8d4ee9,YES,1
pytorch,https://github.com/pytorch/pytorch/commit/b5d3d3ebf06360b5e1b9a447745ea9139741c7a0,NO,1
pytorch,https://github.com/pytorch/pytorch/commit/ca15671c303b4d6fa37373ec65935f8b448c6155,YES,1
pytorch,https://github.com/pytorch/pytorch/commit/f5919335db6aee27da62e62a5eedd78334e6421d,YES,1
pytorch,https://github.com/pytorch/pytorch/commit/a1bfaf75dcc5ea6128b7ac224c097c2ae089c7bf,NO,1
pytorch,https://github.com/pytorch/pytorch/commit/73c0035160e7b2c5772417bb7206b316bdf34044,YES,1
pytorch,https://github.com/pytorch/pytorch/commit/490f2d75700a806bdc6110e881e78493cde163e3,YES,1
pytorch,https://github.com/pytorch/pytorch/commit/daf89b41019c909ce40f11fa0d99d15b4bb94b0d,NO,1
pytorch,https://github.com/pytorch/pytorch/commit/0a9819e3e1c2bd15554296e11eb7e115aa5d5677,NO,1
pytorch,https://github.com/pytorch/pytorch/commit/e06bff8bbea84ce672285bc34690b2e45a1b63ab,YES,1
pytorch,https://github.com/pytorch/pytorch/commit/7979ba7b4327d1fabbeb06bafb2f1d2a2269f8b9,YES,1
pytorch,https://github.com/pytorch/pytorch/commit/0fef82b3dfb4a5da1555a3c046950594b83e2898,YES,1
pytorch,https://github.com/pytorch/pytorch/commit/d90d67a1463fbd2a4f4a6833d90811bfdb91b799,YES,1
pytorch,https://github.com/pytorch/pytorch/commit/e3c42d3fb360e632050a423797cdd763729c4f9c,YES,1
pytorch,https://github.com/pytorch/pytorch/commit/c1e51fcbfc70c089276530ee64fb626e3f7f4f2b,NO,1
pytorch,https://github.com/pytorch/pytorch/commit/5262484ecefb03da62ed36053c9a61c1ca938ede,NO,1
pytorch,https://github.com/pytorch/pytorch/commit/a076a74f1118da171cf70d00d1de4abbe27cf85d,YES,1
pytorch,https://github.com/pytorch/pytorch/commit/05f071d922b899905d267b5226a2a1bc38fb7cd0,YES,1
pytorch,https://github.com/pytorch/pytorch/commit/bc34f02c38485ff6b5d1255012c1dd2b8c59810d,NO,1
pytorch,https://github.com/pytorch/pytorch/commit/066e072524718f376c8eed36b638683eaf628121,YES,1
pytorch,https://github.com/pytorch/pytorch/commit/5f504d1de74a5189f93e65aa9283fc4607b8631c,NO,1
pytorch,https://github.com/pytorch/pytorch/commit/0f887a6d1a62449c92ad22b7659c471797ed3762,YES,1
pytorch,https://github.com/pytorch/pytorch/commit/c5ddfa79b3c8bde3099743f24f7d662f6d04152e,NO,1
pytorch,https://github.com/pytorch/pytorch/commit/a785fbe513d72dd475a3640ceda370580ccd0ca8,NO,1
pytorch,https://github.com/pytorch/pytorch/commit/4d07428edee863e7f5920f0672957a9711a9f0b5,YES,1
pytorch,https://github.com/pytorch/pytorch/commit/3b108a150a8b51c3741e24862402feac7c4f76f7,YES,1
pytorch,https://github.com/pytorch/pytorch/commit/fb25fd6f865ed0532caf710ca130b6cc23a772a8,NO,1
pytorch,https://github.com/pytorch/pytorch/commit/2ca1119d532af0ba385c7b5944b954c9385b4901,NO,1
pytorch,https://github.com/pytorch/pytorch/commit/7b442c2b0ae0d9c944a777d7352135f370837c15,YES,1
pytorch,https://github.com/pytorch/pytorch/commit/76bf10e551743cc8448d711e3a1ee58b6f2d3015,YES,1
pytorch,https://github.com/pytorch/pytorch/commit/4f8cb52ed94bcdce16c421d7a5e3e9d32acfa439,YES,1
pytorch,https://github.com/pytorch/pytorch/commit/7731c97e065cffe4efe82698980a2c8297816dbd,YES,1
pytorch,https://github.com/pytorch/pytorch/commit/7f224f6714419f3d56e64a66079340b0e914a2ca,YES,1
pytorch,https://github.com/pytorch/pytorch/commit/0894981f6c28a24e10a25825d0a0824fc1b3faef,NO,1
pytorch,https://github.com/pytorch/pytorch/commit/2530d47cbe1f9622445fdf2558d2f47cf7133d88,NO,1
pytorch,https://github.com/pytorch/pytorch/commit/3c4e4d9947f67e7e73d111b0d0aa19b85e6ea375,YES,1
pytorch,https://github.com/pytorch/pytorch/commit/c1c4882367c592d49e15268a0b99631c207d662e,YES,1
pytorch,https://github.com/pytorch/pytorch/commit/cebad9867be5a676354cde748d6c5e271ce7cecd,YES,1
pytorch,https://github.com/pytorch/pytorch/commit/f8eb46d623b2a49dc40bac4fd99ace2dbf047ac6,YES,1
pytorch,https://github.com/pytorch/pytorch/commit/585e315b3afc962bda4449957dc0d25eca3e4d4e,NO,1
pytorch,https://github.com/pytorch/pytorch/commit/ca9e6543536fa3d2d32eaa7922da77b6e8d15360,YES,1
pytorch,https://github.com/pytorch/pytorch/commit/45671be2a06dcfb01ea2c32828b353fb0b462f7e,YES,1
pytorch,https://github.com/pytorch/pytorch/commit/a05639cea6dc498d4b9a717c7ed6e127b89b89d7,YES,1
pytorch,https://github.com/pytorch/pytorch/commit/37008940999a41aedf3d7e77c86167c8e4852d7a,YES,1
pytorch,https://github.com/pytorch/pytorch/commit/0a7eef9bcf6d1f8b5531102342ffc21f24beb58d,NO,1
pytorch,https://github.com/pytorch/pytorch/commit/ae2c219de2fd032036aa1d2a04101f1c23fd5bbe,YES,1
pytorch,https://github.com/pytorch/pytorch/commit/a2c32b8bd0d9eae72ca3d7b7518b2eff6046ca6d,NO,1
pytorch,https://github.com/pytorch/pytorch/commit/6e243f475db7c0ad77abb00873680f8cfc24a2e4,NO,1
pytorch,https://github.com/pytorch/pytorch/commit/7ccca60927cdccde63d6a1d40480950f24e9877a,NO,1
pytorch,https://github.com/pytorch/pytorch/commit/2a271a3efa9acf396cb89afb16c766a872529c4f,YES,1
pytorch,https://github.com/pytorch/pytorch/commit/cada6c7feee330014a291fc9789a181c996b8a80,YES,1
pytorch,https://github.com/pytorch/pytorch/commit/87082bd025362a84fedcca02350963d21a950d12,NO,1
pytorch,https://github.com/pytorch/pytorch/commit/addb8e29cd842e1a290cb0b55662ee0423ab2498,NO,1
pytorch,https://github.com/pytorch/pytorch/commit/7fb56993badefb1e405d553b1153c7233e7c2d7a,NO,1
pytorch,https://github.com/pytorch/pytorch/commit/e138d80e8e8d45a48982048596740949a9e5d7ee,NO,1
pytorch,https://github.com/pytorch/pytorch/commit/3e4d14702aad366a3deb930307fffb4197bf958a,YES,1
pytorch,https://github.com/pytorch/pytorch/commit/d01f8b291d437a37ec8809a18c1bb2ebfa825285,YES,1
pytorch,https://github.com/pytorch/pytorch/commit/1f3fa13f0ace035f453651c6da3e96cb64413674,YES,1
pytorch,https://github.com/pytorch/pytorch/commit/aa376e31fdc8aacc6bfe1de5f6bff1d5f4fad136,NO,1
pytorch,https://github.com/pytorch/pytorch/commit/93cea394dee1315c7a85ead7bb7af21363157c4f,YES,1
pytorch,https://github.com/pytorch/pytorch/commit/ad1c3467e2755ed203062074497d5b872f074e54,NO,1
pytorch,https://github.com/pytorch/pytorch/commit/7c4e49ec802af938817ae9cd75fc95a7e34e7ef5,YES,1
pytorch,https://github.com/pytorch/pytorch/commit/7715b47f443a7fe64a2f2f73069c93ae5262b159,NO,1
pytorch,https://github.com/pytorch/pytorch/commit/679ca510b0fc5d027c69f2946db8785c16cbb244,YES,1
pytorch,https://github.com/pytorch/pytorch/commit/075cb6bab6ba72f4f8ceba09d627b1b70fbbede6,NO,1
pytorch,https://github.com/pytorch/pytorch/commit/62cbe86ac0d762cecca4e2fa791339b23288d7b6,NO,1
pytorch,https://github.com/pytorch/pytorch/commit/c63693ca270401b08f637d0bab79071f59b90be9,YES,1
pytorch,https://github.com/pytorch/pytorch/commit/50a99812172dd7d1e808fad8dc44665c1770df50,YES,1
pytorch,https://github.com/pytorch/pytorch/commit/db7a3cc436df016cf4d1b9edf7557621f5cdbf47,YES,1
pytorch,https://github.com/pytorch/pytorch/commit/8198474eb763c8d526ede3418211479c2f4cbd30,YES,1
pytorch,https://github.com/pytorch/pytorch/commit/493ae7820100ab6afdfc19883dd9ad8c5198f1e2,YES,1
pytorch,https://github.com/pytorch/pytorch/commit/84f59d893a029ebb804ba344e48fb2c2c56a213d,NO,1
pytorch,https://github.com/pytorch/pytorch/commit/5296c140945c4a8c0e1f3a4542459ab658ffaa31,YES,1
pytorch,https://github.com/pytorch/pytorch/commit/3db0095ea2f351b9935de036a03f29e619093e16,NO,1
pytorch,https://github.com/pytorch/pytorch/commit/6ab1121bdc0ea45c1ff0dd301b706edbbf5e1355,NO,1
pytorch,https://github.com/pytorch/pytorch/commit/80de49653a0d483eebf74c3aad1d4314a329aaee,YES,1
pytorch,https://github.com/pytorch/pytorch/commit/92cc52ab0e48a27d77becd37f1683fd442992120,NO,1
pytorch,https://github.com/pytorch/pytorch/commit/31f605344f255faaef0aede0f98483f4cb09f072,YES,1
pytorch,https://github.com/pytorch/pytorch/commit/25f06ee51b0a113d13612cdc4dc7275250436bd0,YES,1
pytorch,https://github.com/pytorch/pytorch/commit/089e7aa4ac97a6557b488e4d4020dc10656d91ef,YES,1
pytorch,https://github.com/pytorch/pytorch/commit/d97332f8391e9d1f0c3fa019376d04b523bfb06c,YES,1
pytorch,https://github.com/pytorch/pytorch/commit/b61efe1c2b7b25290b580ff3314a7c7019b7048e,YES,1
pytorch,https://github.com/pytorch/pytorch/commit/0ed461ae4c5b3f669a476c890b38b8812a7f7c13,YES,1
pytorch,https://github.com/pytorch/pytorch/commit/bf998a2c5d549cf4856c7becfca4a169bf68b709,NO,1
pytorch,https://github.com/pytorch/pytorch/commit/e574a8ab55b2ac4266211d30d98d32d8b849ea86,YES,1
pytorch,https://github.com/pytorch/pytorch/commit/f97c2dabd9309ec3523e5b7df6ffed9f69abcbd7,YES,1
pytorch,https://github.com/pytorch/pytorch/commit/fdc29f58c6c1b4f1a7215573d18551e63071f1a0,NO,1
pytorch,https://github.com/pytorch/pytorch/commit/e708de83b99a4fa68c42841ff04a042be20c17b5,NO,1
pytorch,https://github.com/pytorch/pytorch/commit/04b04c068659127a53d659c44b0dd75fa9fd5887,NO,1
pytorch,https://github.com/pytorch/pytorch/commit/ff432c048d353ff6944ccf50591c171372a924f7,YES,1
pytorch,https://github.com/pytorch/pytorch/commit/9ab6ac5bc12e34f86942c42355aa333f84235439,YES,1
pytorch,https://github.com/pytorch/pytorch/commit/e6d9350d7f135b3e0f27a949853ae691021b51f6,NO,1
pytorch,https://github.com/pytorch/pytorch/commit/73d288fdf9d0beb76229cabc8566ee116f8a21a2,YES,1
pytorch,https://github.com/pytorch/pytorch/commit/5caf2e55d4c59d3562d5e3e91c22698451edcb80,YES,1
pytorch,https://github.com/pytorch/pytorch/commit/bb89a9e48c869b3056a42d026f963c2ce4fb41a4,NO,1
pytorch,https://github.com/pytorch/pytorch/commit/ac768333be2ad7cd3435c1ae257bdaf297595714,YES,1
pytorch,https://github.com/pytorch/pytorch/commit/8209bbbd061c563cd6461c883afa44b0fc1b8f9f,NO,1
pytorch,https://github.com/pytorch/pytorch/commit/097defb1608827d82b18b27adeec0a98b72a9281,NO,1
pytorch,https://github.com/pytorch/pytorch/commit/9316c8b4bc5e449705e945a3069f35b690d70140,NO,1
pytorch,https://github.com/pytorch/pytorch/commit/07f0f383fa23e63eca164036ab58ab983e9437eb,NO,1
pytorch,https://github.com/pytorch/pytorch/commit/8e32e62f6733b89466f2b5e757d6437e6f3e87e2,NO,1
pytorch,https://github.com/pytorch/pytorch/commit/52e76a305677dfaf26cd5d59bd1aa239375f833c,YES,1
pytorch,https://github.com/pytorch/pytorch/commit/ca03f362339a8d2421b2763a78588a48760b1ba6,NO,1
pytorch,https://github.com/pytorch/pytorch/commit/6b4c686b9a33a1503a4a4133f9067dd31e0822f7,YES,1
pytorch,https://github.com/pytorch/pytorch/commit/57cc88663987fc7ca15758490df1951369cd733a,YES,1
pytorch,https://github.com/pytorch/pytorch/commit/59592ce9f208fc80be89cef5fa5ad1719c61a619,YES,1
pytorch,https://github.com/pytorch/pytorch/commit/c36b31d5302d31746f3f3bd64ed8d9acd8e36155,YES,1
pytorch,https://github.com/pytorch/pytorch/commit/21019620ee095e4f0898da917b7e12f27c74e350,YES,1
pytorch,https://github.com/pytorch/pytorch/commit/a8653f35de02c7fb038e3c184dda6e67a12a39e2,NO,1
pytorch,https://github.com/pytorch/pytorch/commit/fd6c993eeaacda7ef6b83f59ad3474aed0d52eaf,YES,1
pytorch,https://github.com/pytorch/pytorch/commit/2ead6c2f6eaa76eb897d8dd87061bbbdf0824314,YES,1
pytorch,https://github.com/pytorch/pytorch/commit/7f5737392d637a22d555a88a8546d8fc7ab31084,YES,1
pytorch,https://github.com/pytorch/pytorch/commit/248a1b70117a9d1a5ecf0d5c2c9099ca840320f1,YES,1
pytorch,https://github.com/pytorch/pytorch/commit/d79651848556550f524c4020332fdb9d059fae9b,YES,1
pytorch,https://github.com/pytorch/pytorch/commit/10c646295d3512237cfb3ab44aa21dfcc9832441,YES,1
pytorch,https://github.com/pytorch/pytorch/commit/0a60219fe34b73cb624a9f488d7cd09cb937d4c1,YES,1
pytorch,https://github.com/pytorch/pytorch/commit/818f2297e66f4d077007b3f5dae4db9ea417423f,YES,1
pytorch,https://github.com/pytorch/pytorch/commit/993530ee4fe6edcdead21a264d5344602b0f9ee6,NO,1
pytorch,https://github.com/pytorch/pytorch/commit/c4f2b6dbd2c80f0c02bb391998d0df2a84fad8b4,YES,1
pytorch,https://github.com/pytorch/pytorch/commit/d0c8e8240dc04ca85dd071d99be49454a9138de6,YES,1
pytorch,https://github.com/pytorch/pytorch/commit/2512017814fb2e3d6f3ae9dd3b315692ffc8fc71,YES,1
pytorch,https://github.com/pytorch/pytorch/commit/56ef200c2dc8a1f1e269861b7a6e02e99d3b56a1,YES,1
pytorch,https://github.com/pytorch/pytorch/commit/175ccfc4c8443bcc65c87d9c942272d3ebf16b0b,YES,1
pytorch,https://github.com/pytorch/pytorch/commit/d65e067baa2ef224444e180594c4882b5a55efde,NO,1
pytorch,https://github.com/pytorch/pytorch/commit/09622d8d49f8b4af15f93807b2bd40f14b330c96,NO,1
pytorch,https://github.com/pytorch/pytorch/commit/ba0362a09e93b0bcfab88a564058ff2aefecdbec,NO,1
pytorch,https://github.com/pytorch/pytorch/commit/62555930a0a9ea0ee3cd07063b3b83cd0a174c99,YES,1
pytorch,https://github.com/pytorch/pytorch/commit/7564f04389478df3fce478547dbee0dce9434f1a,NO,1
pytorch,https://github.com/pytorch/pytorch/commit/103260a43b906052cff7a8e09867ffa610f0ca09,YES,1
pytorch,https://github.com/pytorch/pytorch/commit/871b5caae76185cff141c522b3133e7543c8dabf,YES,1
pytorch,https://github.com/pytorch/pytorch/commit/9e86a093e4c165e093cba38f88ceda97f5b5e3af,NO,1
pytorch,https://github.com/pytorch/pytorch/commit/9a95b4bc7bbc66f0513d01e1c2af8e1ead5c1077,YES,1
pytorch,https://github.com/pytorch/pytorch/commit/4ee179c9528c8c6aae17a01f2b0d7e8235219219,YES,1
pytorch,https://github.com/pytorch/pytorch/commit/0cbca85707eb95ad40babc4edadaf614a5ca86e1,YES,1
pytorch,https://github.com/pytorch/pytorch/commit/f7574ea43f4f3ae0deda5b94ec8aa0468dd07225,NO,1
pytorch,https://github.com/pytorch/pytorch/commit/50a084070fe782e898edc8ba42c9e5f945c9c149,NO,1
pytorch,https://github.com/pytorch/pytorch/commit/62732bdcdb8b6112e01366d4ad1c2a50e61da1ed,YES,1
pytorch,https://github.com/pytorch/pytorch/commit/063a62622b598326ef8972123ea7c0714ba05c83,YES,1
pytorch,https://github.com/pytorch/pytorch/commit/003c5bb156b3d6745e723b43c0fab2065ebb13c4,NO,1
pytorch,https://github.com/pytorch/pytorch/commit/a5e1d3802569a57c25fdd1c6bf395de13c64e44d,YES,1
pytorch,https://github.com/pytorch/pytorch/commit/f30f9fec8700d4406b3e4c80b40bf40ee3d12099,YES,1
pytorch,https://github.com/pytorch/pytorch/commit/4965fffedad8f7f4d333a384d3b046b029395de5,NO,1
pytorch,https://github.com/pytorch/pytorch/commit/027e3b7910fade8950038fb5044a548319510600,YES,1
pytorch,https://github.com/pytorch/pytorch/commit/c1877e99c59fa7ec31a38bec3fd945a1e518f79f,NO,1
pytorch,https://github.com/pytorch/pytorch/commit/03aac0bff6459e3a565ab76401a1ad9e1ceabb4d,YES,1
pytorch,https://github.com/pytorch/pytorch/commit/06b173780d5c85c8aa35aa615fe2d0377ba61cb4,NO,1
pytorch,https://github.com/pytorch/pytorch/commit/29f17e1f14461bbdbef0c514130455dadf095e61,YES,1
pytorch,https://github.com/pytorch/pytorch/commit/db63bf3d7e5eef320dde9c2d4b7976eb5fcddbd6,YES,1
pytorch,https://github.com/pytorch/pytorch/commit/e18f512b81939c8d8ef82616d3ebc919e232c08d,YES,1
pytorch,https://github.com/pytorch/pytorch/commit/90ef3b82d1ea823add8f49ea58bd0df057dd00e1,NO,1
pytorch,https://github.com/pytorch/pytorch/commit/8289ad8e5e4b22872484cc0d293f69f65b7f3e18,NO,1
pytorch,https://github.com/pytorch/pytorch/commit/e31038d574712d383fdc4c2f1bb63fc82f256ed0,YES,1
pytorch,https://github.com/pytorch/pytorch/commit/283ce12aa9c4ab0f734dba63007b2c6de7c655b8,NO,1
pytorch,https://github.com/pytorch/pytorch/commit/68b518c13e128997a0c7c9ab8ce9508cc4062e3a,YES,1
pytorch,https://github.com/pytorch/pytorch/commit/cd4f74fb2e86b6ce3408928daaa59e817031307e,YES,1
pytorch,https://github.com/pytorch/pytorch/commit/a1d81322108979967a6caeefc81162f0a5f1fc98,NO,1
pytorch,https://github.com/pytorch/pytorch/commit/087c0613c300ee5b8b8159353d70cca45d48dc0e,YES,1
pytorch,https://github.com/pytorch/pytorch/commit/925d71e72e7165d17facff4b9c17ea70ba2617a4,YES,1
pytorch,https://github.com/pytorch/pytorch/commit/0156eeb56488dc203180bd19645f3c26e5a50f42,YES,1
pytorch,https://github.com/pytorch/pytorch/commit/6f0d0b3850db984e73aad91daf75e65272301e8d,YES,1
pytorch,https://github.com/pytorch/pytorch/commit/610f64d72a53c644591e83fbecdd8a8f1702f548,NO,1
pytorch,https://github.com/pytorch/pytorch/commit/31b044570221e577c0aa27fbc7153d98c8fba30b,YES,1
pytorch,https://github.com/pytorch/pytorch/commit/b115da83611ca6b375d69ebb26fd5a24bea319ff,NO,1
pytorch,https://github.com/pytorch/pytorch/commit/4d13422997fc89c9451c6ddf7ab62e81f5885d99,YES,1
pytorch,https://github.com/pytorch/pytorch/commit/d2215f14ba1cd45c79f778a804a6125f140461b3,YES,1