tensorflow,https://github.com/tensorflow/tensorflow/commit/12d82a1f53fd57b0ca0990a266121ec29d0d42b7,2018-01-01 21:52:22
tensorflow,https://github.com/tensorflow/tensorflow/commit/425a71083fddcbdeaf415443e9c5bec2eb356a4b,2018-01-02 15:16:30
tensorflow,https://github.com/tensorflow/tensorflow/commit/d6a9ea3dc2e91e9520f42c3b8cb66ad47bd4694d,2018-01-04 15:55:52
tensorflow,https://github.com/tensorflow/tensorflow/commit/79226b6682d17a39b9b9a21a172f6d79b5f6a162,2018-01-10 11:37:32
tensorflow,https://github.com/tensorflow/tensorflow/commit/d2082810c4e6fdcd501fce7abc86e9be4c36cb3a,2018-01-10 13:02:28
tensorflow,https://github.com/tensorflow/tensorflow/commit/0003892b62cadfa207316ac49ac40ff14d74412e,2018-01-11 15:04:24
tensorflow,https://github.com/tensorflow/tensorflow/commit/b1f157f4d2d871f7a6d8eeb21fddf97b5216608a,2018-01-12 16:29:30
tensorflow,https://github.com/tensorflow/tensorflow/commit/a41f21a6701a77327e66bfec70cb97ecad636070,2018-01-17 14:48:02
tensorflow,https://github.com/tensorflow/tensorflow/commit/32827caf64b06eed15aac5f8f74067de9ee21425,2018-01-18 11:12:45
tensorflow,https://github.com/tensorflow/tensorflow/commit/09a6446b4e61f5fc8aa8fcf3f5824ef6660e7fc2,2018-01-18 11:46:06
tensorflow,https://github.com/tensorflow/tensorflow/commit/b10a711720b3048619058dedc56480dbc65030cd,2018-01-18 18:10:30
tensorflow,https://github.com/tensorflow/tensorflow/commit/94bdd184edb386d7a2682b4f5f4048785c48afeb,2018-01-18 18:10:30
tensorflow,https://github.com/tensorflow/tensorflow/commit/0bcbe479b4adaaa5b16000df4e703dd1389eaea2,2018-01-23 10:23:02
tensorflow,https://github.com/tensorflow/tensorflow/commit/11429a5e25cf7bf9b45a564283a35e1495de6741,2018-01-23 20:13:25
tensorflow,https://github.com/tensorflow/tensorflow/commit/a8c4e8d96de7c0978851a5f9718bbd6b8056d862,2018-01-25 11:21:05
tensorflow,https://github.com/tensorflow/tensorflow/commit/c89c452cd7a1675a6e2332d09379469320197a8c,2018-01-25 17:12:10
tensorflow,https://github.com/tensorflow/tensorflow/commit/c2ea7a710c5ec478fcc0150ec0117250c54e601e,2018-01-25 18:50:28
tensorflow,https://github.com/tensorflow/tensorflow/commit/83ea281804d90f5487b18f6af5eb9dd30b14d9fb,2018-01-25 22:36:15
tensorflow,https://github.com/tensorflow/tensorflow/commit/8fc47fa3af0e7bc1652e7180c699a270bcc71bbd,2018-01-26 17:22:28
tensorflow,https://github.com/tensorflow/tensorflow/commit/8ced9faa028ec050516f89f4f542f5aa25f6f3d0,2018-02-09 16:14:04
tensorflow,https://github.com/tensorflow/tensorflow/commit/695ae5a3de96069c58a4041faa05fc4f68825035,2018-02-11 03:48:08
tensorflow,https://github.com/tensorflow/tensorflow/commit/075aa8aa5a73113935e5a0962166bfb012e1a86e,2018-02-20 11:44:01
tensorflow,https://github.com/tensorflow/tensorflow/commit/23feb7a180288cd3bc0b2afb4d65afdac1fbbf7e,2018-02-20 11:48:43
tensorflow,https://github.com/tensorflow/tensorflow/commit/1051fcb74fd6763382ccc83dda34ae5376ce34c9,2018-02-21 15:20:43
tensorflow,https://github.com/tensorflow/tensorflow/commit/6e7df7bd8c0d5aaf70b3fc5c2b180b6bcb53629a,2018-02-21 21:13:39
tensorflow,https://github.com/tensorflow/tensorflow/commit/1b00edea4688111396683b967f0ad5f5848d2ece,2018-02-21 23:37:34
tensorflow,https://github.com/tensorflow/tensorflow/commit/19f18e377d8ee2f624406527b21444128da344df,2018-02-26 18:08:39
tensorflow,https://github.com/tensorflow/tensorflow/commit/7a2ba8edbaa6491ff33ae1412d9ba45e80c2cc3c,2018-02-27 14:33:33
tensorflow,https://github.com/tensorflow/tensorflow/commit/faab0cf5407dcf11967371b51b97f8eef6964a35,2018-03-02 12:37:58
tensorflow,https://github.com/tensorflow/tensorflow/commit/85daa2e4553e49ca6ab2fbb412b18c23b5399524,2018-03-02 12:47:18
tensorflow,https://github.com/tensorflow/tensorflow/commit/413a22f8ca594b01d78ea5970d454629a438bab3,2018-03-05 16:29:04
tensorflow,https://github.com/tensorflow/tensorflow/commit/80f3080cd87997dd87f2c6ca84bce6525dca92fe,2018-03-05 17:41:45
tensorflow,https://github.com/tensorflow/tensorflow/commit/77e20d1b1912febfba568cb2ea3f9df7d3066e5c,2018-03-06 13:19:32
tensorflow,https://github.com/tensorflow/tensorflow/commit/ca59422fe1f463ef89255b73b77cc08821b74b44,2018-03-08 10:42:31
tensorflow,https://github.com/tensorflow/tensorflow/commit/b006115403f4a6592dee630132b0cf9c6519a922,2018-03-08 19:54:14
tensorflow,https://github.com/tensorflow/tensorflow/commit/8f0c30b88017e883c09da640422588804546b8fc,2018-03-11 19:39:40
tensorflow,https://github.com/tensorflow/tensorflow/commit/4ff81a7d891c2affadb9c9068cf37fdb109c0e77,2018-03-14 13:51:24
tensorflow,https://github.com/tensorflow/tensorflow/commit/f57f7d09eeb7402f2455564fafbcebf7ac4b8fe3,2018-03-20 11:38:47
tensorflow,https://github.com/tensorflow/tensorflow/commit/326bfa618a86c9fd604b8b98be6baff46337b6c6,2018-03-21 09:24:34
tensorflow,https://github.com/tensorflow/tensorflow/commit/aeb9f62e237ae1274482acca2fa09db34aef42d4,2018-03-22 10:19:46
tensorflow,https://github.com/tensorflow/tensorflow/commit/b57af1577f4a6e4181227d105c68463538b8f9ef,2018-03-22 13:08:26
tensorflow,https://github.com/tensorflow/tensorflow/commit/c3436d6757a77ab1fefd3f6000a1e961a9ab9881,2018-03-25 22:04:34
tensorflow,https://github.com/tensorflow/tensorflow/commit/f270e43f886cc39bc4c0fb11e147b9c38853b3a4,2018-03-30 12:28:41
tensorflow,https://github.com/tensorflow/tensorflow/commit/e98c13c55e519cb70ede110cd8941f8cb75ab718,2018-04-04 16:19:36
tensorflow,https://github.com/tensorflow/tensorflow/commit/b59d7b52bf119e07a1682e898e06d20356936a5d,2018-04-09 15:02:47
tensorflow,https://github.com/tensorflow/tensorflow/commit/b52b5a47148b6f05ed9439840dff9e3f189b3b19,2018-04-11 18:59:55
tensorflow,https://github.com/tensorflow/tensorflow/commit/bcfe946780034f2ff757e82c758cf8075f1132df,2018-04-16 16:27:01
tensorflow,https://github.com/tensorflow/tensorflow/commit/d964834a922e77198fd387aac6c6cc5970a31e7d,2018-04-18 15:05:23
tensorflow,https://github.com/tensorflow/tensorflow/commit/9f312f32091534bfc115212d2ec7c838180df663,2018-04-20 14:33:20
tensorflow,https://github.com/tensorflow/tensorflow/commit/26ff316f49e613a7f9cba02dd5e7d6cd5aa78623,2018-04-23 11:05:54
tensorflow,https://github.com/tensorflow/tensorflow/commit/d85610e5d25b4a9150446841d659a17ae1673ddd,2018-04-24 15:52:39
tensorflow,https://github.com/tensorflow/tensorflow/commit/3563165fb8328fd0fd6eba88557c25209453339f,2018-04-25 11:54:37
tensorflow,https://github.com/tensorflow/tensorflow/commit/b75655fc3be17d3b35d28cd649ab0dc14d00009c,2018-04-25 15:02:44
tensorflow,https://github.com/tensorflow/tensorflow/commit/f67a78c69ab301bdc34005a884a9dd0e56b10446,2018-04-26 14:55:57
tensorflow,https://github.com/tensorflow/tensorflow/commit/5dd3d19818193be9bc59a5e802a3d70853a73df4,2018-04-26 15:10:18
tensorflow,https://github.com/tensorflow/tensorflow/commit/7715b7b0650c2f20b47189a060580a45e510acd8,2018-05-01 20:17:23
tensorflow,https://github.com/tensorflow/tensorflow/commit/4a74a5058f7cb3ac096fa582941d9ab801ba6d65,2018-05-04 10:36:40
tensorflow,https://github.com/tensorflow/tensorflow/commit/a0496a1646fd13188cc985889ca325c004674a17,2018-05-07 17:00:32
tensorflow,https://github.com/tensorflow/tensorflow/commit/80c7ebc32324d689ae3feb17a0cb4cf32d736f19,2018-05-07 17:18:57
tensorflow,https://github.com/tensorflow/tensorflow/commit/4ca46dd6dda433e622e4a382123f9a81487aeef5,2018-05-08 15:33:04
tensorflow,https://github.com/tensorflow/tensorflow/commit/1d94ed775417bad963a91cd6831a51e7538d797b,2018-05-08 15:49:21
tensorflow,https://github.com/tensorflow/tensorflow/commit/d3f3fb5b5f2db18f890838b29cac94ba88335f0a,2018-05-08 15:51:09
tensorflow,https://github.com/tensorflow/tensorflow/commit/96fa17d853149f9bdf33c09b89abdd8c6521044d,2018-05-08 15:54:53
tensorflow,https://github.com/tensorflow/tensorflow/commit/71387153307a7df94bcdc5307de95e6e228a95a9,2018-05-08 15:58:40
tensorflow,https://github.com/tensorflow/tensorflow/commit/8039c947c3a2e0f3d780d0a1458bd40c6acd2145,2018-05-08 16:57:21
tensorflow,https://github.com/tensorflow/tensorflow/commit/d4d97591d036bed4ddedc48d66b55500a31b4ab5,2018-05-08 16:59:09
tensorflow,https://github.com/tensorflow/tensorflow/commit/79b773a4395caf7f0b17ce9ac84a1f34dd277bb9,2018-05-08 17:07:32
tensorflow,https://github.com/tensorflow/tensorflow/commit/ee1b43f69d7a7aeb517e54150a3fff30f51933c4,2018-05-09 10:44:58
tensorflow,https://github.com/tensorflow/tensorflow/commit/d8d0be5bd371096403684a03e8bc3b386a59fddb,2018-05-09 11:26:54
tensorflow,https://github.com/tensorflow/tensorflow/commit/37e48e870c9f431dd10fd838ba066c8d6c7bd9dd,2018-05-09 11:30:27
tensorflow,https://github.com/tensorflow/tensorflow/commit/80ec58f7d6f59618aaf7da7e0465441c7c83bc1d,2018-05-09 13:08:46
tensorflow,https://github.com/tensorflow/tensorflow/commit/5e7ff39791d18e67f6f4baac8f190d44d796851e,2018-05-09 13:10:33
tensorflow,https://github.com/tensorflow/tensorflow/commit/a4afe20fb4663c0f3b7f1b0086fe1c97557fea7b,2018-05-09 13:22:44
tensorflow,https://github.com/tensorflow/tensorflow/commit/294e9a1ba1916933b1f932381f082a7d20482ddb,2018-05-09 14:44:14
tensorflow,https://github.com/tensorflow/tensorflow/commit/b348209171a2fac38def122d2ee43bd2fc3d9b1d,2018-05-09 16:22:08
tensorflow,https://github.com/tensorflow/tensorflow/commit/1bb72f944663a4bcad19f4241bf76f0c70fda356,2018-05-09 18:17:26
tensorflow,https://github.com/tensorflow/tensorflow/commit/901035bbe15d8a20cf619a2dca6c46fa4f6e8a76,2018-05-09 18:38:27
tensorflow,https://github.com/tensorflow/tensorflow/commit/8c747a1a8f8c78475c5d5d99d95509c836684dcf,2018-05-09 20:34:53
tensorflow,https://github.com/tensorflow/tensorflow/commit/c4d8097bcd4203d68ee0911ae3476304d6ce65d6,2018-05-10 09:55:53
tensorflow,https://github.com/tensorflow/tensorflow/commit/48e436c091bad11a9a146a280a1cefbeff3ffc8e,2018-05-10 13:59:16
tensorflow,https://github.com/tensorflow/tensorflow/commit/0043a0eb7280fe0f0f5a06d9d59ed517b7a189a4,2018-05-10 20:58:37
tensorflow,https://github.com/tensorflow/tensorflow/commit/9bde1e0f9edf643e6ec322c79e649b672a86d54e,2018-05-14 14:20:34
tensorflow,https://github.com/tensorflow/tensorflow/commit/6f76e5c985246484c95ce48776685ebe3d40f74f,2018-05-16 12:07:19
tensorflow,https://github.com/tensorflow/tensorflow/commit/564fcf1e48224f518fa5b62bbc5e80f84270d0fb,2018-05-21 15:35:36
tensorflow,https://github.com/tensorflow/tensorflow/commit/2bb9fe8d202b2400219d45a8a2185a02dd070fb5,2018-05-30 10:38:37
tensorflow,https://github.com/tensorflow/tensorflow/commit/217d73ceba3248c3570be72300a7234d2cef142b,2018-05-31 17:20:12
tensorflow,https://github.com/tensorflow/tensorflow/commit/1a9f69583876c50c98fc3ccd9ded1f81731a9492,2018-06-04 09:03:06
tensorflow,https://github.com/tensorflow/tensorflow/commit/73c3a8a5217a6b105acffe62165071f8aa740e9b,2018-06-05 16:01:47
tensorflow,https://github.com/tensorflow/tensorflow/commit/3b4f4164663da4c65807c34e7188e43c9d7d7535,2018-06-12 09:53:13
tensorflow,https://github.com/tensorflow/tensorflow/commit/2c4535c489124b71eac73ec120ca08d5d976a7b9,2018-06-17 20:55:08
tensorflow,https://github.com/tensorflow/tensorflow/commit/89045abeddfa4afc9089c8d93d9d22e33d7fe369,2018-06-20 15:42:49
tensorflow,https://github.com/tensorflow/tensorflow/commit/d9774ba1cda55c5710fb434cadbcfdfbfcf49653,2018-06-20 16:48:27
tensorflow,https://github.com/tensorflow/tensorflow/commit/18921a5d96610b703338431c0563f14754363a0a,2018-06-22 08:05:24
tensorflow,https://github.com/tensorflow/tensorflow/commit/1579446141a4d421cc34e92d68bf104056d184ed,2018-06-22 12:09:23
tensorflow,https://github.com/tensorflow/tensorflow/commit/413254661c6c6f69bf435cf0cf5c5ddba3e49831,2018-07-09 13:51:16
tensorflow,https://github.com/tensorflow/tensorflow/commit/4555d63e01f66e241359660de39148eaab2a0dd2,2018-07-13 14:10:20
tensorflow,https://github.com/tensorflow/tensorflow/commit/3d949e2016a967e303b8ddbd3cbe3bd3408320e8,2018-07-13 14:22:04
tensorflow,https://github.com/tensorflow/tensorflow/commit/646c179b2ca8e3366d2b0d27f5f14839aa49e658,2018-07-16 14:07:16
tensorflow,https://github.com/tensorflow/tensorflow/commit/1ece2e8e96be2eb39922951619ea99208df93284,2018-07-30 10:08:58
tensorflow,https://github.com/tensorflow/tensorflow/commit/f48928939d1e882e8a03f15be67e59405a1ddbc9,2018-07-30 11:39:25
tensorflow,https://github.com/tensorflow/tensorflow/commit/11af87ff6f30e0952528f64cc63d6707827f4349,2018-07-31 11:07:08
tensorflow,https://github.com/tensorflow/tensorflow/commit/430dd8d1c14cd665aafdcdee82c76ec304f51ef1,2018-08-10 14:44:39
tensorflow,https://github.com/tensorflow/tensorflow/commit/5817d58b4a0228656389829ff13350b95911d75d,2018-08-14 14:24:25
tensorflow,https://github.com/tensorflow/tensorflow/commit/632e3d66334ac3718a0fd41524c7dfc499363cab,2018-08-26 23:20:21
tensorflow,https://github.com/tensorflow/tensorflow/commit/f468d9a4d9a551601a74edf0564bd6274513be9f,2018-08-27 13:00:02
tensorflow,https://github.com/tensorflow/tensorflow/commit/fb9a2fbfe461020b7ae167f97832c8a2f060319d,2018-08-27 14:31:36
tensorflow,https://github.com/tensorflow/tensorflow/commit/c74d0aeecac3f969f07d67763de6a48755db1844,2018-08-29 23:43:07
tensorflow,https://github.com/tensorflow/tensorflow/commit/efe922e25f30af02d02ecfff0e4f207245e642d7,2018-08-30 18:05:15
tensorflow,https://github.com/tensorflow/tensorflow/commit/de284aecef2ce73c0236a223c1df1995c23395b9,2018-09-06 12:08:20
tensorflow,https://github.com/tensorflow/tensorflow/commit/ce73fa866f421ca9da4763b3d6128a0724265e8c,2018-09-12 14:47:00
tensorflow,https://github.com/tensorflow/tensorflow/commit/0981b26dd4f5d1b9b3baaecbb61533a658a95c2a,2018-09-14 13:35:42
tensorflow,https://github.com/tensorflow/tensorflow/commit/19d66a950e2091bb598c6a2d375e14208f5773b2,2018-09-14 14:10:58
tensorflow,https://github.com/tensorflow/tensorflow/commit/98342d8bea440c960a3a08bf3f27df737b2b2b11,2018-09-14 15:30:58
tensorflow,https://github.com/tensorflow/tensorflow/commit/838d9c859583717a151395ef9c28374e124f1408,2018-09-17 13:46:54
tensorflow,https://github.com/tensorflow/tensorflow/commit/ebe769f166c35c16637cb919ea3ddd096e04befa,2018-09-19 11:46:33
tensorflow,https://github.com/tensorflow/tensorflow/commit/e93a18954689b6d522560f5273f6d3320d545b2e,2018-10-06 13:53:15
tensorflow,https://github.com/tensorflow/tensorflow/commit/cee6187a7d8aec61655546b6df6f84fecf21cc0a,2018-10-06 14:08:08
tensorflow,https://github.com/tensorflow/tensorflow/commit/89769c0f691c489a2e43f81650bbf2216d1fe03a,2018-10-19 15:42:39
tensorflow,https://github.com/tensorflow/tensorflow/commit/bad63b23d03cbe5718d09add991881b565cab0dc,2018-10-20 22:38:44
tensorflow,https://github.com/tensorflow/tensorflow/commit/1fc1fa290634c1c57b940aa2f57edda13da15a00,2018-10-23 10:59:15
tensorflow,https://github.com/tensorflow/tensorflow/commit/15d50e3808f4313b9479d10f05dd05032c82b35d,2018-10-30 13:31:18
tensorflow,https://github.com/tensorflow/tensorflow/commit/341c95baca57ddc1bbb7a53b5f6c52cee46dbabf,2018-11-01 10:51:01
tensorflow,https://github.com/tensorflow/tensorflow/commit/98f7a6760aab4c40c7eb2aebc14b2a9e96f9269a,2018-11-05 10:08:07
tensorflow,https://github.com/tensorflow/tensorflow/commit/665bd7a2ce8ab64917cd47caa15e4c6d2b620e7b,2018-11-07 15:22:33
tensorflow,https://github.com/tensorflow/tensorflow/commit/df74b804064bd16e1fe4aed2940c5f536c993dfc,2018-11-14 17:29:58
tensorflow,https://github.com/tensorflow/tensorflow/commit/32a54c9f4fc2e66c7982291be2eab7a321c6234e,2018-11-16 18:41:52
tensorflow,https://github.com/tensorflow/tensorflow/commit/7d0afad9925cd7b00d12db3c4f6f16646e7ef27d,2018-11-19 14:22:45
tensorflow,https://github.com/tensorflow/tensorflow/commit/777039302d52565ef838082cde12bdfa6a1e38e1,2018-11-21 00:36:22
tensorflow,https://github.com/tensorflow/tensorflow/commit/78ef03f348fa4005890693f51349e714d9aeef5a,2018-11-21 14:41:40
tensorflow,https://github.com/tensorflow/tensorflow/commit/5f0b5c44407e570e5b9e531c0b4a88323f833346,2018-11-21 15:31:04
tensorflow,https://github.com/tensorflow/tensorflow/commit/97ffac50fe31f99a64983b1947b22589df15dbc6,2018-12-03 10:29:20
tensorflow,https://github.com/tensorflow/tensorflow/commit/1b5189b732536db66528cb29eed88874d713cdea,2018-12-05 14:10:01
tensorflow,https://github.com/tensorflow/tensorflow/commit/21e223fb76cef1bcaedfcd1eac44df646da66abb,2018-12-05 21:15:08
tensorflow,https://github.com/tensorflow/tensorflow/commit/2bf928bcbbd51d31b817360a34d6b2b9881f7539,2018-12-06 10:55:45
tensorflow,https://github.com/tensorflow/tensorflow/commit/d6074a1afb8dc7dff25cea759f5249898cf1affe,2018-12-06 16:07:25
tensorflow,https://github.com/tensorflow/tensorflow/commit/3ae0654d41b74538920d1d1cf812f83e35895fc6,2018-12-12 11:16:45
tensorflow,https://github.com/tensorflow/tensorflow/commit/fbc072b45d4a64e8fcc13783fa6047144a8ace2d,2018-12-14 09:35:57
tensorflow,https://github.com/tensorflow/tensorflow/commit/0f34db762d19f28be4d3371f2935983ea3e7fa6c,2018-12-21 11:18:25
tensorflow,https://github.com/tensorflow/tensorflow/commit/78acbc6ee7fa557504599d7847bcd96a9a977d40,2019-01-03 09:46:42
tensorflow,https://github.com/tensorflow/tensorflow/commit/6f4410f580ff48078f33c343b72d742095535fae,2019-01-03 14:10:27
tensorflow,https://github.com/tensorflow/tensorflow/commit/058bb7c3512455d2d83d2094a6f6e60b0ca6ee05,2019-01-04 22:54:19
tensorflow,https://github.com/tensorflow/tensorflow/commit/67d8a0330b5bacc0bb45675b1e3f211bd930ec7f,2019-01-08 12:28:18
tensorflow,https://github.com/tensorflow/tensorflow/commit/2d58c2502f8971bc9af65c4f8270512f7c53fd2a,2019-01-14 11:33:18
tensorflow,https://github.com/tensorflow/tensorflow/commit/dae187c176cd0d59f597e694ae193ff6a5dfbdd2,2019-01-15 13:49:47
tensorflow,https://github.com/tensorflow/tensorflow/commit/1757ebeaa21b356b954fa8f54e1d0796a8e60dc6,2019-01-17 14:06:51
tensorflow,https://github.com/tensorflow/tensorflow/commit/799ec6e59608762d98009db256844ed589b4d6dd,2019-01-17 17:47:20
tensorflow,https://github.com/tensorflow/tensorflow/commit/331a1196b38253869d975e7380bac08e22db4cbe,2019-01-24 13:34:09
tensorflow,https://github.com/tensorflow/tensorflow/commit/8a9c9c8f8fcd9b7857db5efd913ad693ee730e89,2019-01-25 05:04:16
tensorflow,https://github.com/tensorflow/tensorflow/commit/82812551bd02474c8de10ac92fd34abb71afd257,2019-01-25 14:59:06
tensorflow,https://github.com/tensorflow/tensorflow/commit/c8d5380fa36ba12f6a30439b8d8401b05beb0d67,2019-01-30 19:15:18
tensorflow,https://github.com/tensorflow/tensorflow/commit/f395dbf81347e22608d691657b3674ad347d76dd,2019-02-05 18:18:18
tensorflow,https://github.com/tensorflow/tensorflow/commit/78840bb8646aed747e9bf643a11ed2fa77b4bbf6,2019-02-06 12:15:42
tensorflow,https://github.com/tensorflow/tensorflow/commit/7d659b81fbe57d121f840519a89af5b8a56eb001,2019-02-07 11:27:36
tensorflow,https://github.com/tensorflow/tensorflow/commit/6b1cb1e2d752181c45f3fedc50c20027a34c530e,2019-02-11 09:53:39
tensorflow,https://github.com/tensorflow/tensorflow/commit/2199d3064c3f7778d51b9d62f6e81d1640d980f4,2019-02-11 14:04:06
tensorflow,https://github.com/tensorflow/tensorflow/commit/142bd9fc372e0f33af738ce01cf38c8757176465,2019-02-13 13:00:57
tensorflow,https://github.com/tensorflow/tensorflow/commit/71e62242b58e03bcc566bce6f46374dec0f00dc4,2019-02-13 13:04:48
tensorflow,https://github.com/tensorflow/tensorflow/commit/21a83324df6f33ccb9c276d4a28f83902d990899,2019-02-13 18:04:49
tensorflow,https://github.com/tensorflow/tensorflow/commit/4a1d3bad15a9fb5280e5d9cf11ae23491a5bb7e5,2019-02-15 17:50:23
tensorflow,https://github.com/tensorflow/tensorflow/commit/9611d2b3c90c12c7a520c85d278160f6bb532a13,2019-02-22 15:12:03
tensorflow,https://github.com/tensorflow/tensorflow/commit/6338cc61ab62f3eba7f2465cc2dc100a39c55035,2019-02-26 12:03:32
tensorflow,https://github.com/tensorflow/tensorflow/commit/461b64c6e694cbcc2ee666247d74f28ac4d9c5c5,2019-02-26 15:29:22
tensorflow,https://github.com/tensorflow/tensorflow/commit/571e140e13577624c71f16ba7101680f8fbe70dd,2019-02-26 21:27:20
tensorflow,https://github.com/tensorflow/tensorflow/commit/254950d2dbdea91804255411334d3466685b1b03,2019-03-01 11:20:23
tensorflow,https://github.com/tensorflow/tensorflow/commit/12606ff846566dd842444f27f7fed4f911a58580,2019-03-04 13:31:21
tensorflow,https://github.com/tensorflow/tensorflow/commit/b778c033234946e9d46bfaad1ece7eba3727be93,2019-03-04 17:07:00
tensorflow,https://github.com/tensorflow/tensorflow/commit/6da2d24cd5e658bd52efa0a392f83a99f4520465,2019-03-08 16:36:46
tensorflow,https://github.com/tensorflow/tensorflow/commit/e7f508844eab13927f32abdb5d7f0eb4e91caee0,2019-03-12 16:52:02
tensorflow,https://github.com/tensorflow/tensorflow/commit/949474a44831bc28bac8a97bdafd1f7dc6589a97,2019-03-18 18:37:14
tensorflow,https://github.com/tensorflow/tensorflow/commit/ad2e814522c054e2a50a56ebc0a3a2c3a6145a07,2019-03-19 08:14:47
tensorflow,https://github.com/tensorflow/tensorflow/commit/ced09392cb27d2ec4b1d85fb34ebeb01c9907725,2019-03-26 14:39:01
tensorflow,https://github.com/tensorflow/tensorflow/commit/2112ddba7b4926f0a840a15b0c8c59cc55b4d164,2019-03-27 14:54:41
tensorflow,https://github.com/tensorflow/tensorflow/commit/99c4d2ae1acf77ef2f17333ddb4db8644a1d6d87,2019-03-27 15:56:29
tensorflow,https://github.com/tensorflow/tensorflow/commit/109dc3f6f79999c880db0d3ed2647595f684fc30,2019-03-27 16:45:25
tensorflow,https://github.com/tensorflow/tensorflow/commit/b9d3e551e9ab285d41e1f3636f0e010efcdec728,2019-03-29 13:16:33
tensorflow,https://github.com/tensorflow/tensorflow/commit/de14a46a8de544a43eebfaa72a2e160e159ef45b,2019-03-29 13:35:19
tensorflow,https://github.com/tensorflow/tensorflow/commit/87827d55c5a814692898517c0473ea580641bf91,2019-03-30 20:49:26
tensorflow,https://github.com/tensorflow/tensorflow/commit/fad7651026efb5dcbfe42a6b0c146118432cf340,2019-04-01 09:16:03
tensorflow,https://github.com/tensorflow/tensorflow/commit/7115a6f2fd69ae9c0154e55d5e57e00e6d025346,2019-04-03 18:22:18
tensorflow,https://github.com/tensorflow/tensorflow/commit/fe58efbc2eaa4b9e3f7fbc1909457da8462380dc,2019-04-09 13:44:27
tensorflow,https://github.com/tensorflow/tensorflow/commit/32ff91cf4284861994b6bba2cfb8deeb2f840b7c,2019-04-11 07:31:49
tensorflow,https://github.com/tensorflow/tensorflow/commit/9a5375c5ba4fb222074ea1c873cf6aa1f3b93bd9,2019-04-12 10:51:38
tensorflow,https://github.com/tensorflow/tensorflow/commit/034c17c8629a871e3ef04e890b51ac9cd9686389,2019-04-12 16:45:37
tensorflow,https://github.com/tensorflow/tensorflow/commit/5947e1dda4906f94282d4062c5599f2788705dad,2019-04-23 22:03:31
tensorflow,https://github.com/tensorflow/tensorflow/commit/cb0c9a61bf079f33e06041129c347de99af82ba8,2019-04-25 16:09:43
tensorflow,https://github.com/tensorflow/tensorflow/commit/636a905fccd8108e931918cba32d01ac29c75c0d,2019-04-29 11:11:42
tensorflow,https://github.com/tensorflow/tensorflow/commit/cc3490f51c1070a0fe8bc7179d7d862978d74424,2019-05-01 22:31:03
tensorflow,https://github.com/tensorflow/tensorflow/commit/2491bad46f9b5ea79f6d29721f2f8ab18f1413cc,2019-05-03 13:41:50
tensorflow,https://github.com/tensorflow/tensorflow/commit/bf7bfabc2d3706cf7a023f62f3523b2e780d3fa3,2019-05-06 08:00:57
tensorflow,https://github.com/tensorflow/tensorflow/commit/4caf8b10bb87ff3cef3ab039e63c18b8c058ed03,2019-05-07 09:50:16
tensorflow,https://github.com/tensorflow/tensorflow/commit/de3e26b431eb710340eef12d635c3a4c85150845,2019-05-07 14:57:37
tensorflow,https://github.com/tensorflow/tensorflow/commit/9f8c43846d6fb989a4bae0f437773fff4b02a59e,2019-05-07 15:43:29
tensorflow,https://github.com/tensorflow/tensorflow/commit/59f2c9aa19990fd8c0ad55cf67251b978bee017f,2019-05-07 19:49:07
tensorflow,https://github.com/tensorflow/tensorflow/commit/45d1a978418b1afcad5cf8d8f03a5bc35b355d68,2019-05-15 13:28:37
tensorflow,https://github.com/tensorflow/tensorflow/commit/0872da7ce94ec6acc24d3629755088241592ef09,2019-05-22 10:32:35
tensorflow,https://github.com/tensorflow/tensorflow/commit/6fcf520ae0935d96250e26ccbe89ca4bf20d6174,2019-05-23 03:48:24
tensorflow,https://github.com/tensorflow/tensorflow/commit/ba197746641559719349dcc269e24ca4a235cc53,2019-05-24 00:40:13
tensorflow,https://github.com/tensorflow/tensorflow/commit/300d9c7181a7a256c733564ec3aeb33a8b76b2bc,2019-05-24 10:26:44
tensorflow,https://github.com/tensorflow/tensorflow/commit/67d2bb80aea3f8e793df4e06cd0b61df53b13aa6,2019-06-12 10:20:39
tensorflow,https://github.com/tensorflow/tensorflow/commit/5d863fba901d8a081bfdbe9fe00379a5b913b067,2019-06-12 16:06:24
tensorflow,https://github.com/tensorflow/tensorflow/commit/0a72f0a31cf3afe2bcf4d5e76101b799f6ae2965,2019-06-15 08:40:56
tensorflow,https://github.com/tensorflow/tensorflow/commit/a6825e00a2a55f403d3e57cf71ac269d682acf30,2019-06-17 12:57:42
tensorflow,https://github.com/tensorflow/tensorflow/commit/155207e65fd0eec6a28f522870a6d58f41204cd1,2019-06-20 18:09:10
tensorflow,https://github.com/tensorflow/tensorflow/commit/aa996dd99baef2322241caefd213f9ffefeb24b3,2019-06-24 11:28:06
tensorflow,https://github.com/tensorflow/tensorflow/commit/304dcbf5cbf02bef78f4ee8685431a083f67c3ea,2019-06-25 08:46:59
tensorflow,https://github.com/tensorflow/tensorflow/commit/6ef355326b65d251302921b6d7ed7e79632f4a3e,2019-06-26 01:05:11
tensorflow,https://github.com/tensorflow/tensorflow/commit/eb1833ccd573bd6e24d02ad09ef37d160c24a30a,2019-06-26 01:34:08
tensorflow,https://github.com/tensorflow/tensorflow/commit/54bbc6297fc450cb648e00aaa0597e54725f28b0,2019-06-26 01:44:19
tensorflow,https://github.com/tensorflow/tensorflow/commit/064e9d76d46816f7f91aa03a7212fd469c2bfe4c,2019-06-26 03:02:09
tensorflow,https://github.com/tensorflow/tensorflow/commit/d774de85d0c32c88a4c914ba2b196168099822af,2019-06-26 04:16:02
tensorflow,https://github.com/tensorflow/tensorflow/commit/b74c2ac658492c000afb1ebf7db621e2e570b716,2019-06-26 04:23:21
tensorflow,https://github.com/tensorflow/tensorflow/commit/34759e697f2cb2d3fb579c554fb0293d2ab5d389,2019-06-26 04:43:32
tensorflow,https://github.com/tensorflow/tensorflow/commit/4e40e863abc64d7d80c448c392a8871eb5de6630,2019-06-26 04:49:20
tensorflow,https://github.com/tensorflow/tensorflow/commit/712968e97d2403a3d2541926916ae7d5327dbed2,2019-06-26 18:09:57
tensorflow,https://github.com/tensorflow/tensorflow/commit/e64389e4bb31b091f81adf41b7a5195369045cf5,2019-06-27 13:05:04
tensorflow,https://github.com/tensorflow/tensorflow/commit/f53e0d350223dc7ef75382bf92dc7f627862e62f,2019-06-28 12:00:46
tensorflow,https://github.com/tensorflow/tensorflow/commit/6163599cbe573eb9d417dee608d1e7965c713add,2019-07-01 15:09:20
tensorflow,https://github.com/tensorflow/tensorflow/commit/291377fca108dd6f8fde26b29c28092759d83967,2019-07-02 13:04:11
tensorflow,https://github.com/tensorflow/tensorflow/commit/7eb39699ad942e7d198c7b7fce904a10ac0946a4,2019-07-02 13:23:38
tensorflow,https://github.com/tensorflow/tensorflow/commit/0d6c6332066bcab36f696baee488c3047533ad5f,2019-07-02 14:12:51
tensorflow,https://github.com/tensorflow/tensorflow/commit/ceebd4f373e50704e3aa2527a7dcf47d6e83f4cd,2019-07-03 14:02:45
tensorflow,https://github.com/tensorflow/tensorflow/commit/7c5b1779f8ecb79c7da8049094fb3f40b0b064f1,2019-07-03 17:45:53
tensorflow,https://github.com/tensorflow/tensorflow/commit/e6dda7def8c2a88a7d1fee9fb4f439bf86841e41,2019-07-08 16:46:29
tensorflow,https://github.com/tensorflow/tensorflow/commit/5add9adce2b2740241f88ee33c698a2acde0c927,2019-07-08 18:35:09
tensorflow,https://github.com/tensorflow/tensorflow/commit/16fe7ea5db40d09be4d013910ca60668d0234525,2019-07-08 22:52:24
tensorflow,https://github.com/tensorflow/tensorflow/commit/b9d106e7ccd9003f39192a77c326fb4ac3e973dd,2019-07-12 16:17:41
tensorflow,https://github.com/tensorflow/tensorflow/commit/e81526aea0b85b9fb75efed25768f660d72ebd46,2019-07-17 12:00:24
tensorflow,https://github.com/tensorflow/tensorflow/commit/d0181e13c89cd5429a59bd90e436c513c024db0f,2019-07-26 11:37:53
tensorflow,https://github.com/tensorflow/tensorflow/commit/f8c2d15c52181eade6c1daa1e8e7960b38264e6a,2019-07-26 16:01:29
tensorflow,https://github.com/tensorflow/tensorflow/commit/9b75b2ce17a38f5508364dabc63d793ec4a1e7fb,2019-07-29 09:34:45
tensorflow,https://github.com/tensorflow/tensorflow/commit/8d9769d4438c4577c715ef862af6f5de0b0c3a53,2019-07-30 22:08:44
tensorflow,https://github.com/tensorflow/tensorflow/commit/217fb66a0bd72e7a42324a4cc6af3ab5fb11b55a,2019-07-30 22:37:12
tensorflow,https://github.com/tensorflow/tensorflow/commit/77bd717414abd9d3566bc0057d37503b71f3abfa,2019-08-01 19:10:11
tensorflow,https://github.com/tensorflow/tensorflow/commit/4efee1aec7f28b5028ca564eb4d855055114f10f,2019-08-02 10:34:31
tensorflow,https://github.com/tensorflow/tensorflow/commit/0a27dbf2a69fbe5db95ee2875242d281b1aef582,2019-08-12 18:41:05
tensorflow,https://github.com/tensorflow/tensorflow/commit/3d303343daa9be2ddbd8aa64303be17ce854da8e,2019-08-15 17:21:16
tensorflow,https://github.com/tensorflow/tensorflow/commit/aba46a95e04368bc402c93ed52ecfc4896730315,2019-08-23 13:34:16
tensorflow,https://github.com/tensorflow/tensorflow/commit/3562d6de4e6872272ed66e2f6833d6d0b0656819,2019-08-29 12:09:31
tensorflow,https://github.com/tensorflow/tensorflow/commit/484def6ea0fc2798b7c6ef8f62182ef873049025,2019-08-29 12:20:00
tensorflow,https://github.com/tensorflow/tensorflow/commit/8ba40bd9d4f4dd885b564fcbd09bf8208d976d66,2019-09-04 07:54:02
tensorflow,https://github.com/tensorflow/tensorflow/commit/a42c0ed8d2ddb6ea60553989cfece9a263735f82,2019-09-05 14:50:02
tensorflow,https://github.com/tensorflow/tensorflow/commit/a8e04d04d293be9bef20df0fa5e06fb41de3f744,2019-09-06 13:26:13
tensorflow,https://github.com/tensorflow/tensorflow/commit/abaf7ecd910abc80f3330af5f297409943e36eff,2019-09-09 13:19:55
tensorflow,https://github.com/tensorflow/tensorflow/commit/2417ede33d43b45f00807e194b3d8b8c259c43d4,2019-09-09 15:28:18
tensorflow,https://github.com/tensorflow/tensorflow/commit/3067e0b8a1f9fc9bbc02e8059ca057d5d26575c0,2019-09-16 12:46:13
tensorflow,https://github.com/tensorflow/tensorflow/commit/4ad44aa18155a1b62cafa8b3807a1cce854728bc,2019-09-18 13:05:22
tensorflow,https://github.com/tensorflow/tensorflow/commit/25620bfc21c01994fba5ec10693b64ff5aa5d398,2019-09-26 08:01:36
tensorflow,https://github.com/tensorflow/tensorflow/commit/733c349b63784ec5dd223262088033bb25ee9f96,2019-09-26 12:18:20
tensorflow,https://github.com/tensorflow/tensorflow/commit/8025f6fd6b07ddff3119c2ec5bc808fdce36fba1,2019-09-27 14:54:10
tensorflow,https://github.com/tensorflow/tensorflow/commit/beeea26e6688b3a64e2cd9d6f233000dab52de5e,2019-10-01 19:45:45
tensorflow,https://github.com/tensorflow/tensorflow/commit/f1760a62ace1002b975715bdb645948d3d9d548c,2019-10-02 10:09:01
tensorflow,https://github.com/tensorflow/tensorflow/commit/2ae940249f0e5eda7cb4ec33437ba77831e642e6,2019-10-15 12:05:55
tensorflow,https://github.com/tensorflow/tensorflow/commit/fd0ba22c25322a709f9a691b18ceffd114857197,2019-10-17 11:23:15
tensorflow,https://github.com/tensorflow/tensorflow/commit/cc94ef005df7498939c2ed0a9a6ca9a6c1ed6a22,2019-10-18 09:22:14
tensorflow,https://github.com/tensorflow/tensorflow/commit/1c2fa3dd267d38cb37e795c7c887452ccd79a940,2019-10-22 12:25:47
tensorflow,https://github.com/tensorflow/tensorflow/commit/1bfaa1c4283ce64d384660ee5bc14fc9274b2d3d,2019-10-29 12:27:18
tensorflow,https://github.com/tensorflow/tensorflow/commit/abf3efdec0bb593240b932f423a2dc66ee950e30,2019-10-31 12:11:16
tensorflow,https://github.com/tensorflow/tensorflow/commit/005d3470f869311fe0223159430a76a293b5e4fd,2019-11-08 13:35:50
tensorflow,https://github.com/tensorflow/tensorflow/commit/1f3fa0d852e1cf662721e508857e2e9fabf5bcae,2019-12-04 15:00:21
tensorflow,https://github.com/tensorflow/tensorflow/commit/9b8cbbc233c35e7c2f4653412c505bf44db61a01,2019-12-17 11:46:04
tensorflow,https://github.com/tensorflow/tensorflow/commit/777628a212e77782f06aab2766834527cb2ee5c2,2019-12-23 16:50:00
tensorflow,https://github.com/tensorflow/tensorflow/commit/b527487d19c1f07a65ca038a302d81630da71769,2020-01-17 13:52:47
tensorflow,https://github.com/tensorflow/tensorflow/commit/8db452ea5db4672859d5a4c7723a44a572f33f78,2020-01-28 16:04:31
tensorflow,https://github.com/tensorflow/tensorflow/commit/a34091e538540aad57a7a941575538944f38db24,2020-01-29 15:52:55
tensorflow,https://github.com/tensorflow/tensorflow/commit/c1b04f14ba8f84d36d08d2468efe498041c40778,2020-01-30 01:30:18
tensorflow,https://github.com/tensorflow/tensorflow/commit/4fc8e2cd8a9ff28aba131295cbc8853466e4e079,2020-02-03 12:16:08
tensorflow,https://github.com/tensorflow/tensorflow/commit/edcebf35c9003c5f0cbe7101320c403de8fa489e,2020-02-07 11:01:06
tensorflow,https://github.com/tensorflow/tensorflow/commit/21a7c41fd1e00f4e630831749c30093d378f1c95,2020-02-11 18:56:34
tensorflow,https://github.com/tensorflow/tensorflow/commit/b2a1f1889528eeb6be805fff83d4340bee78c3eb,2020-02-14 11:37:21
tensorflow,https://github.com/tensorflow/tensorflow/commit/c51929f2d80bacc9c125f3745bf9a0748e41a42e,2020-02-14 15:14:34
tensorflow,https://github.com/tensorflow/tensorflow/commit/049867522eaaf844f366d09cfe7e73d4ce6b0460,2020-02-21 10:44:15
tensorflow,https://github.com/tensorflow/tensorflow/commit/dba16b1aaac7246976b53b9f16451b1b2dee9501,2020-02-26 11:29:50
tensorflow,https://github.com/tensorflow/tensorflow/commit/bc28c80cd071f37b8e25eaf7c79b67c399fa8162,2020-02-27 11:55:11
tensorflow,https://github.com/tensorflow/tensorflow/commit/0b0432ae2d7519aa3f8f9e9569429685024fa823,2020-03-04 11:24:22
tensorflow,https://github.com/tensorflow/tensorflow/commit/e21667ae7371e32aefb6f8c67877e30cf668c852,2020-03-04 14:19:58
tensorflow,https://github.com/tensorflow/tensorflow/commit/0d8f1f3fca339986f3995d95835da0e833fc19cc,2020-03-08 00:48:22
tensorflow,https://github.com/tensorflow/tensorflow/commit/4c182506f0040b48eed63388d31349af5591cfbb,2020-03-13 12:32:06
tensorflow,https://github.com/tensorflow/tensorflow/commit/0f7ed58c084cefc0585989965d4391718f9fa994,2020-03-13 13:34:17
tensorflow,https://github.com/tensorflow/tensorflow/commit/f57361179f91be5531c9708c08d639b2d29be3e8,2020-03-13 15:29:27
tensorflow,https://github.com/tensorflow/tensorflow/commit/3ba639f091ea7cdde4e9207844560042052f8cbe,2020-03-13 21:22:11
tensorflow,https://github.com/tensorflow/tensorflow/commit/e27d8bbe49b67407e0bf63c5b7f511224d2e0daa,2020-03-16 16:37:52
tensorflow,https://github.com/tensorflow/tensorflow/commit/6dffcddea9a5d5d1aa45213c09c6d6424a93938f,2020-03-17 15:22:27
tensorflow,https://github.com/tensorflow/tensorflow/commit/c6ec2565db03ff3a02e696ca889bf0cef104eed7,2020-03-23 11:57:12
tensorflow,https://github.com/tensorflow/tensorflow/commit/8e19ad854a69dcd98a8b5661990bf1f2613e0fe5,2020-03-23 14:17:33
tensorflow,https://github.com/tensorflow/tensorflow/commit/a58b1026bd971e63dddf72b931a4b1575b277b3b,2020-03-23 16:14:32
tensorflow,https://github.com/tensorflow/tensorflow/commit/f68e082e2be3b843f69f965e5d0e47d50901f1b0,2020-03-23 17:16:59
tensorflow,https://github.com/tensorflow/tensorflow/commit/26fdbf9b7c293292feebc888f573be690d107797,2020-03-26 13:38:54
tensorflow,https://github.com/tensorflow/tensorflow/commit/a96ed21f75e9972d9bcc623f9d3b9863b446f7b6,2020-04-01 11:39:40
tensorflow,https://github.com/tensorflow/tensorflow/commit/b32ac01a82c7b15d5a0a09f98fb13b38b2fef150,2020-04-01 11:44:06
tensorflow,https://github.com/tensorflow/tensorflow/commit/896efbf1570568d02e2a171da361a529c6562379,2020-04-07 16:13:04
tensorflow,https://github.com/tensorflow/tensorflow/commit/d74dcb30ced1082f8984bcea728552dd5d4c2cb6,2020-04-09 13:56:29
tensorflow,https://github.com/tensorflow/tensorflow/commit/aa15cad52c141688b0fc6b97002af110ff576681,2020-04-09 18:09:33
tensorflow,https://github.com/tensorflow/tensorflow/commit/fbfb7e412c88174141549d3be78003645d91fae3,2020-04-10 10:26:48
tensorflow,https://github.com/tensorflow/tensorflow/commit/f7a63abf4c65649f86e507e4685c56675bc9e9d7,2020-04-10 11:08:46
tensorflow,https://github.com/tensorflow/tensorflow/commit/9a9a4bfec64cec8a12d31809404ece94a4f55771,2020-04-10 18:57:25
tensorflow,https://github.com/tensorflow/tensorflow/commit/0468c45d3496ec45c2a2cd109599a46975ffc158,2020-04-13 08:59:52
tensorflow,https://github.com/tensorflow/tensorflow/commit/c7d0948b92330a1d771dc193a9cd15010d4f0347,2020-04-13 14:30:43
tensorflow,https://github.com/tensorflow/tensorflow/commit/496be7c37547d6a59add81d3fa45bc7d02ebe607,2020-04-13 14:46:25
tensorflow,https://github.com/tensorflow/tensorflow/commit/258d16bc6601016931db4f36f2c59e4984903b46,2020-04-13 18:56:53
tensorflow,https://github.com/tensorflow/tensorflow/commit/baf2513d4d6ba588e9009d4eb41e870138d6a118,2020-04-14 18:25:14
tensorflow,https://github.com/tensorflow/tensorflow/commit/fb09b7611aff9c2fecd384e05d40d66bb762e447,2020-04-14 18:32:48
tensorflow,https://github.com/tensorflow/tensorflow/commit/4ab0fd6f42444259155ad4ecddda2649dfebb10d,2020-04-15 11:42:15
tensorflow,https://github.com/tensorflow/tensorflow/commit/a595304f559a66d7dde2dd982a1883bc7d3be1af,2020-04-16 11:38:46
tensorflow,https://github.com/tensorflow/tensorflow/commit/1e5d6adc006fcaff521b0a2b0fd3bcf6165b97c6,2020-04-16 14:30:19
tensorflow,https://github.com/tensorflow/tensorflow/commit/0493a020d48081b6f2afb53a1ac9d45b2861c03d,2020-04-22 11:07:43
tensorflow,https://github.com/tensorflow/tensorflow/commit/86a600513679a671d041cbf414b44a3445ed877f,2020-04-28 15:58:29
tensorflow,https://github.com/tensorflow/tensorflow/commit/3fe0a527bab363a346058c817ded7a2843921254,2020-04-30 11:14:49
tensorflow,https://github.com/tensorflow/tensorflow/commit/614c73e266fe03499f3189a5dd9d69c56da605b2,2020-04-30 11:20:27
tensorflow,https://github.com/tensorflow/tensorflow/commit/7148ced9511f4c4dceacd4b819ae76346428167c,2020-04-30 11:27:08
tensorflow,https://github.com/tensorflow/tensorflow/commit/f69af82c3d12dc176cdd6498584635b80904e814,2020-04-30 12:28:16
tensorflow,https://github.com/tensorflow/tensorflow/commit/51ec68ae070d5fa9bb300382201199a3550e5eaf,2020-04-30 13:06:51
tensorflow,https://github.com/tensorflow/tensorflow/commit/afa06187b908b86b09be35b41a50a53a05360115,2020-04-30 18:00:48
tensorflow,https://github.com/tensorflow/tensorflow/commit/fa5194b3b5d7f12d29e7d33697456e9655eb4352,2020-04-30 19:13:13
tensorflow,https://github.com/tensorflow/tensorflow/commit/ac54b6e7f15131c1256324dc01ef3d1f3d69c499,2020-04-30 19:45:52
tensorflow,https://github.com/tensorflow/tensorflow/commit/eb44e1a63d3c03245cff2319a7392f336df848e0,2020-05-01 11:34:47
tensorflow,https://github.com/tensorflow/tensorflow/commit/30bdba67cc15c67883663b4e24c626afd97b4b5f,2020-05-05 09:29:29
tensorflow,https://github.com/tensorflow/tensorflow/commit/e2542d4a35963b58aae89a865ebc88062e86fe28,2020-05-06 07:42:31
tensorflow,https://github.com/tensorflow/tensorflow/commit/dd00d506b334c53fc912d2a8866af2ded2538b6c,2020-05-06 09:36:22
tensorflow,https://github.com/tensorflow/tensorflow/commit/06b9206d647e7ccf87eb7dbc95885ed99a7692fc,2020-05-06 16:14:26
tensorflow,https://github.com/tensorflow/tensorflow/commit/843f3da02df95e95593af625091646e3ed49b8d6,2020-05-12 23:31:00
tensorflow,https://github.com/tensorflow/tensorflow/commit/714092f36095ec762a5806fbe3c0fad7ec162e8e,2020-05-18 18:40:40
tensorflow,https://github.com/tensorflow/tensorflow/commit/81f379b0f4d6f89a5faa3c43d81f0fa36fbbd200,2020-05-19 19:44:41
tensorflow,https://github.com/tensorflow/tensorflow/commit/cd0322fa0ea8954901ad2f1a47a4fd869d79b8e6,2020-05-19 21:42:58
tensorflow,https://github.com/tensorflow/tensorflow/commit/7315b275c05154c6e2701e0c934d11788e671d62,2020-05-21 14:18:02
tensorflow,https://github.com/tensorflow/tensorflow/commit/1a13e3c8234d9040c26010af7ba4193a970b52b4,2020-05-28 00:15:55
tensorflow,https://github.com/tensorflow/tensorflow/commit/a7d8140e60d351d25ee3ba8236d8badf975dcada,2020-06-03 15:24:54
tensorflow,https://github.com/tensorflow/tensorflow/commit/5e3932ce780cb2eae1549bf93481a1d6d181f00b,2020-06-04 17:40:07
tensorflow,https://github.com/tensorflow/tensorflow/commit/21715bfb30784c7bec7c1c57efabfea2de3be47d,2020-06-05 13:00:24
tensorflow,https://github.com/tensorflow/tensorflow/commit/d7da550fc7b1f9ab3394c927c5078c22f75b8eca,2020-06-08 14:44:00
tensorflow,https://github.com/tensorflow/tensorflow/commit/e665a737f90564cd143fdc1b15420720596d17e1,2020-06-12 14:35:38
tensorflow,https://github.com/tensorflow/tensorflow/commit/c42314ef70f9e093e53cb85d0dac19535bd677ae,2020-06-16 10:43:46
tensorflow,https://github.com/tensorflow/tensorflow/commit/74314054167ea5bbcb18c4b6a3bb2bd21c5c48e6,2020-07-06 14:31:56
tensorflow,https://github.com/tensorflow/tensorflow/commit/683c3eb5fc955a60e80c4f7bb1898a33fd08852a,2020-07-07 15:28:26
tensorflow,https://github.com/tensorflow/tensorflow/commit/112a49004434fb77f6752221db246242477a2d8f,2020-07-08 16:59:59
tensorflow,https://github.com/tensorflow/tensorflow/commit/99e19f6cf5b98fc5a5ddbd54ebf4a4d499ac1dae,2020-07-09 12:28:16
tensorflow,https://github.com/tensorflow/tensorflow/commit/6ffe7a2ecd7f275723eebc406ac6498c0632d5e9,2020-07-10 17:41:45
tensorflow,https://github.com/tensorflow/tensorflow/commit/16c746192d3a28a498e2ab2dae8df8f4555b9dd5,2020-07-14 09:25:20
tensorflow,https://github.com/tensorflow/tensorflow/commit/c9db66374c611722683e27520ed29c66e1540359,2020-07-15 09:25:29
tensorflow,https://github.com/tensorflow/tensorflow/commit/f112d4bd7dc60a1582ab3de8ce12f2f92c5f806a,2020-07-22 19:06:38
tensorflow,https://github.com/tensorflow/tensorflow/commit/7a1ae0a1611ed77b52c35a6a2469600330620586,2020-07-24 11:47:50
tensorflow,https://github.com/tensorflow/tensorflow/commit/660c0e77d82962fd8d02a4b993320c348c99e960,2020-07-28 16:10:11
tensorflow,https://github.com/tensorflow/tensorflow/commit/d9e90e0437a4851ba2852e405d8267b3b630931d,2020-07-29 12:35:06
tensorflow,https://github.com/tensorflow/tensorflow/commit/5f392207bb31c4fb381900bc4239b30a39a326ef,2020-08-06 18:18:36
tensorflow,https://github.com/tensorflow/tensorflow/commit/cb4191a2067d61f23267ae493ab3e5e32185b3ae,2020-08-20 15:11:54
tensorflow,https://github.com/tensorflow/tensorflow/commit/2dae6b39672362ad86da11754feba0b02af9d2bc,2020-08-20 21:45:13
tensorflow,https://github.com/tensorflow/tensorflow/commit/0f8656631d0445f46b6c06e1f66831b7426b5a08,2020-09-11 13:07:48
tensorflow,https://github.com/tensorflow/tensorflow/commit/34b7331467c2f2124b460a3de03a63070b130155,2020-09-11 13:12:22
tensorflow,https://github.com/tensorflow/tensorflow/commit/da8e7314544aa39d85d9bb111645077d1692ae05,2020-10-05 17:33:30
tensorflow,https://github.com/tensorflow/tensorflow/commit/6358ad35c879014b7b3c557e4f3cb8646ed6d2bb,2020-10-14 11:06:10
tensorflow,https://github.com/tensorflow/tensorflow/commit/229d51cd96f387dc710b81aa0ef20d243ad8e0a5,2020-10-14 12:15:46
tensorflow,https://github.com/tensorflow/tensorflow/commit/cf7b1c2d71909e2768946ea013bfbd0d1d8b7a46,2020-10-14 12:23:06
tensorflow,https://github.com/tensorflow/tensorflow/commit/86d5f9d26c47d33fc117189050759a7a5e7c0ebb,2020-10-14 12:28:10
tensorflow,https://github.com/tensorflow/tensorflow/commit/8601477de262af6d80a99cded79ffae1a14d5702,2020-10-14 16:18:59
tensorflow,https://github.com/tensorflow/tensorflow/commit/162e0e02b88788cbaaff5f28446833033fb56dba,2020-10-14 16:25:20
tensorflow,https://github.com/tensorflow/tensorflow/commit/1668b32e7741a79ae105560be521519cefed7e9e,2020-10-14 16:39:14
tensorflow,https://github.com/tensorflow/tensorflow/commit/dc7e041a336d9890aff543058047b797348754a7,2020-10-14 17:03:24
tensorflow,https://github.com/tensorflow/tensorflow/commit/2ed5ba8387424a1b57c35bd85d5fc295ac3f6e91,2020-10-14 17:36:54
tensorflow,https://github.com/tensorflow/tensorflow/commit/78408ea44affec370b5b20cd7bb50d420d199dc4,2020-10-14 18:20:56
tensorflow,https://github.com/tensorflow/tensorflow/commit/65ec9250e26dac8f27a1d2c361a4725b59c3f1bd,2020-10-15 11:34:57
tensorflow,https://github.com/tensorflow/tensorflow/commit/46c34d1d13120f3b9122f2e4d727b87c4e6fed0d,2020-10-16 08:48:40
tensorflow,https://github.com/tensorflow/tensorflow/commit/df6e81b0b369f6c7441457614a3faac58191f58a,2020-10-16 12:05:27
tensorflow,https://github.com/tensorflow/tensorflow/commit/84967b39fa98d27f5984648f9ec47a159206cfda,2020-10-20 12:36:58
tensorflow,https://github.com/tensorflow/tensorflow/commit/5bb2dc8ef9b16ceeba882ecf95f06681b5f1c84f,2020-10-21 18:24:32
tensorflow,https://github.com/tensorflow/tensorflow/commit/1b49ab758fb350487d2d2c109222fa6b619f4dc9,2020-10-22 17:05:34
tensorflow,https://github.com/tensorflow/tensorflow/commit/861d3e482bd2ab7e449a2aed54f70fb9ea145d61,2020-10-28 15:09:46
tensorflow,https://github.com/tensorflow/tensorflow/commit/89b078797d237405c0a4396b4fa9c9ecec28db2b,2020-10-31 08:04:16
tensorflow,https://github.com/tensorflow/tensorflow/commit/094af07edadefbc81e329d86f476b5d68ef6158d,2020-11-11 11:01:21
tensorflow,https://github.com/tensorflow/tensorflow/commit/f649375784cc8d6d631b9bc903a53eb2a696c762,2020-11-13 14:40:00
tensorflow,https://github.com/tensorflow/tensorflow/commit/3666f6bc5345de415f2482c7045b44c67d8348f3,2020-11-30 18:16:59
tensorflow,https://github.com/tensorflow/tensorflow/commit/acdf3c04fcfa767ae8d109b9e1f727ef050dba4d,2020-12-04 16:53:12
tensorflow,https://github.com/tensorflow/tensorflow/commit/079a6c921528a6136db29eb8cf792db4f0552b8a,2020-12-30 23:07:26
tensorflow,https://github.com/tensorflow/tensorflow/commit/b6fbda0c28d7f5357db6daeed2f51f8794e531a9,2021-01-04 13:55:16
tensorflow,https://github.com/tensorflow/tensorflow/commit/2968887e37bdec74ea6e4e748709361a3c47e611,2021-01-05 07:07:36
tensorflow,https://github.com/tensorflow/tensorflow/commit/78012e5d6c45ffd3673b8970b199a67980df1963,2021-01-05 23:02:19
tensorflow,https://github.com/tensorflow/tensorflow/commit/934d47689624eba4c9e7a42c65b97291c0bdec38,2021-01-05 23:08:42
tensorflow,https://github.com/tensorflow/tensorflow/commit/c08fda5cb7927acb5c20fa031c2d28f80d4a03c5,2021-01-11 11:45:09
tensorflow,https://github.com/tensorflow/tensorflow/commit/009675faa9422ef8e2c8a30216b31adad62d25b6,2021-01-11 13:25:07
tensorflow,https://github.com/tensorflow/tensorflow/commit/b6c59262a871500daeffc40322bb43f3f1f1f132,2021-01-13 12:40:04
tensorflow,https://github.com/tensorflow/tensorflow/commit/afc20c51d1b3be6ebb8f503e1e8b812d687f2283,2021-01-19 13:26:42
tensorflow,https://github.com/tensorflow/tensorflow/commit/c0948d3b29345a0f0eed8dfb4ea1fa2e88e987bb,2021-01-26 10:57:08
tensorflow,https://github.com/tensorflow/tensorflow/commit/4b124a09df3aa2886d8ddd1e666bf70c1e60dcd9,2021-01-28 01:19:11
tensorflow,https://github.com/tensorflow/tensorflow/commit/cb4c7d28f0f1bb2103b6de6c6000909a78417370,2021-01-29 11:24:38
tensorflow,https://github.com/tensorflow/tensorflow/commit/274bace09ea7252a28506b27550d2ccdf81b1a4c,2021-01-29 14:07:09
tensorflow,https://github.com/tensorflow/tensorflow/commit/72215fdba6fb07b3de4bb08fa9c6689a1ff89f36,2021-02-01 14:40:31
tensorflow,https://github.com/tensorflow/tensorflow/commit/cc9a7a30cfb995eccf2e014d6b680eaf130bb76c,2021-02-03 16:13:11
tensorflow,https://github.com/tensorflow/tensorflow/commit/25ab142e166c9f2fbdf71f8675154c385602f693,2021-02-17 11:53:41
tensorflow,https://github.com/tensorflow/tensorflow/commit/f083bbd0ccd1f7a891056c5036ede4147774a56a,2021-02-23 10:00:31
tensorflow,https://github.com/tensorflow/tensorflow/commit/94dbd28ba00ec85dc8618f8e2d49030d477c3e84,2021-02-25 21:39:40
tensorflow,https://github.com/tensorflow/tensorflow/commit/e2390bc48c5a3bc703792c71632b26ada6fe567f,2021-03-04 10:56:11
tensorflow,https://github.com/tensorflow/tensorflow/commit/b412bb5d72410adc15e8cd14dedea7fd5f031c4c,2021-03-10 08:06:45
tensorflow,https://github.com/tensorflow/tensorflow/commit/a0f62581b66ddf0394c750fdbce08977683a5b1f,2021-03-17 13:26:30
tensorflow,https://github.com/tensorflow/tensorflow/commit/3820b131670b3f3016565d84d958aa47e3a2a95f,2021-03-19 18:01:38
tensorflow,https://github.com/tensorflow/tensorflow/commit/7af1137ae0270d1a8148f53c4e358bc6160750f7,2021-03-24 14:18:48
tensorflow,https://github.com/tensorflow/tensorflow/commit/0acd589150e77d57afc452ca64926000263c0a7d,2021-03-31 11:46:50
tensorflow,https://github.com/tensorflow/tensorflow/commit/34d0797f5ea6c8bea895970e492f119321de4a1b,2021-03-31 18:49:33
tensorflow,https://github.com/tensorflow/tensorflow/commit/c8ed381a3f50e986d2986c596ca3f38e1d74f981,2021-04-02 18:28:12
tensorflow,https://github.com/tensorflow/tensorflow/commit/1a26ef7993e8c840125d3b694c6e95cf0bc89830,2021-04-02 18:28:12
tensorflow,https://github.com/tensorflow/tensorflow/commit/3425f46ed053934c91eac5ea79b530ea1d3fd6a5,2021-04-05 15:50:50
tensorflow,https://github.com/tensorflow/tensorflow/commit/663723f436f4b97d25ed40bbb7ad572dbe50f919,2021-04-14 11:31:35
tensorflow,https://github.com/tensorflow/tensorflow/commit/d7cc997e67cdc1f7826f88e70a0e9f32833fcf31,2021-04-22 08:40:36
tensorflow,https://github.com/tensorflow/tensorflow/commit/86455b2fef50c626701de061151cca3e97ccb546,2021-04-22 11:54:09
tensorflow,https://github.com/tensorflow/tensorflow/commit/5d4378a7280309fd24572acd09fea2ca5501819e,2021-04-22 11:58:58
tensorflow,https://github.com/tensorflow/tensorflow/commit/77f5ba194bb1ccc3a45cc0dab75b39a1a0017d03,2021-04-23 08:39:18
tensorflow,https://github.com/tensorflow/tensorflow/commit/de4b57da290e39ae5f3b0ad270839adc05c13f42,2021-04-26 10:13:45
tensorflow,https://github.com/tensorflow/tensorflow/commit/1602e140b7abec75cbc5b14e27a5cafeb2fd1aca,2021-04-26 16:08:59
tensorflow,https://github.com/tensorflow/tensorflow/commit/fd1e9155704146f691b7431ea5f852e7f3a9b421,2021-05-13 13:20:18
tensorflow,https://github.com/tensorflow/tensorflow/commit/d7ed27273070d40567b2e73212c5270b87b5efbd,2021-05-17 13:09:53
tensorflow,https://github.com/tensorflow/tensorflow/commit/43fe49b3242dcd217813d01ccc1bbea8851716cd,2021-05-18 15:18:28
tensorflow,https://github.com/tensorflow/tensorflow/commit/039e54f38bef9582ce104d66962cbeb2419b2b64,2021-05-19 09:46:50
tensorflow,https://github.com/tensorflow/tensorflow/commit/3be6b85c3d5e7913582ba3210f40db71da4fee93,2021-05-19 10:18:26
tensorflow,https://github.com/tensorflow/tensorflow/commit/56a68f27ec2ae93dc0947e57545f49bcbb17834b,2021-05-19 20:55:40
tensorflow,https://github.com/tensorflow/tensorflow/commit/6d8a184710164c7bcc41d3bd29fe4ef46836b6c9,2021-05-21 15:06:26
tensorflow,https://github.com/tensorflow/tensorflow/commit/387303a71e0fd5285e7faf25158dd7ef0fa7b112,2021-05-25 10:31:44
tensorflow,https://github.com/tensorflow/tensorflow/commit/0c0ec19a37d9e7363ca3f24e90209f522b810b3f,2021-05-25 10:37:34
tensorflow,https://github.com/tensorflow/tensorflow/commit/50ce5d05c382c32da7289d506c13da2b67912fdf,2021-05-25 11:20:16
tensorflow,https://github.com/tensorflow/tensorflow/commit/b8ee96913740470004aeda52ec27647603fb6a9c,2021-06-11 12:49:34
tensorflow,https://github.com/tensorflow/tensorflow/commit/7feb4d2e2031f4a2d1d0e401254592f638e913a6,2021-06-18 08:24:36
tensorflow,https://github.com/tensorflow/tensorflow/commit/9e429d15e0e2c89f70dfae7f557e14a1dd117946,2021-06-23 15:01:25
tensorflow,https://github.com/tensorflow/tensorflow/commit/de508f0efc5a28a47703b55996627bc898fb431d,2021-06-29 11:18:05
tensorflow,https://github.com/tensorflow/tensorflow/commit/b1bd64aacd5e7a6a918cd8b8557dc9ce23e011bc,2021-07-19 13:34:26
tensorflow,https://github.com/tensorflow/tensorflow/commit/16e230dfbb87bd671c7814e63a0f263876dcad62,2021-08-01 17:53:18
tensorflow,https://github.com/tensorflow/tensorflow/commit/ee3acd8ebd1f3069e157c20c2f8067c31e7c1aaa,2021-08-02 06:05:01
tensorflow,https://github.com/tensorflow/tensorflow/commit/6e48ffaa736e53e28174315bfbbfb2951110ad8e,2021-08-02 14:49:13
tensorflow,https://github.com/tensorflow/tensorflow/commit/4db97257b49a0dfdb4cb10fd81f934b062cc31f2,2021-08-02 15:01:38
tensorflow,https://github.com/tensorflow/tensorflow/commit/a2a54874bee510489aed32074b49893580a09084,2021-08-04 11:54:52
tensorflow,https://github.com/tensorflow/tensorflow/commit/adf8966ef86af88bed51da7ce7382780e3b6089e,2021-08-05 14:41:31
tensorflow,https://github.com/tensorflow/tensorflow/commit/a69457dd2bc72347a12f8ac7499366a3386f4d52,2021-08-06 10:12:27
tensorflow,https://github.com/tensorflow/tensorflow/commit/fe1f94254794352668acf091c5e10f48d38d32c2,2021-08-06 13:33:55
tensorflow,https://github.com/tensorflow/tensorflow/commit/368a8848b8d9b03959e5fbf68a879df507486e68,2021-08-13 14:18:02
tensorflow,https://github.com/tensorflow/tensorflow/commit/7989d6b4d350094e16f06cc3241ac07160226282,2021-08-13 15:26:12
tensorflow,https://github.com/tensorflow/tensorflow/commit/8ffe9c08dae7c962082e6b241a46bc46f65892c7,2021-08-16 20:43:49
tensorflow,https://github.com/tensorflow/tensorflow/commit/ac5cff7b5ecbefdb51c176c0de04acdd1bf2d463,2021-09-16 10:17:03
tensorflow,https://github.com/tensorflow/tensorflow/commit/fe83d6af11e452e1556e5d6ad1faabd847aac749,2021-09-16 11:23:29
tensorflow,https://github.com/tensorflow/tensorflow/commit/ce21956198ea02e149a68b161481c6cea5e903d6,2021-09-17 08:33:43
tensorflow,https://github.com/tensorflow/tensorflow/commit/37c3fc95a38c42ed652025b797bf5b9f6ed048d3,2021-09-20 15:26:44
tensorflow,https://github.com/tensorflow/tensorflow/commit/1385e6e1004c40dbfc891060340c2e720c7bf4f4,2021-09-23 15:07:20
tensorflow,https://github.com/tensorflow/tensorflow/commit/f6a59d68cb1c2d4a9c056812ceb48584668198ae,2021-10-05 05:28:10
tensorflow,https://github.com/tensorflow/tensorflow/commit/ba521efee0141993df45c2ecae5eba15a3e116b6,2021-10-08 06:48:42
tensorflow,https://github.com/tensorflow/tensorflow/commit/2a1a976c6ddbf42db6112a21a9c42dbc7492463b,2021-10-14 18:33:05
tensorflow,https://github.com/tensorflow/tensorflow/commit/69e25dfa84d045bda0c8fe7ba49ae4c52c10c49e,2021-10-18 07:41:06
tensorflow,https://github.com/tensorflow/tensorflow/commit/e4181e823e50ccd7436d93a23e39bb47e64e8c13,2021-10-29 09:18:50
tensorflow,https://github.com/tensorflow/tensorflow/commit/36df9f370c96c41336f652e4edff6a760a1c2176,2021-11-15 09:58:04
tensorflow,https://github.com/tensorflow/tensorflow/commit/819b774efd771460999703f733b0179c7286727a,2021-11-15 10:53:07
tensorflow,https://github.com/tensorflow/tensorflow/commit/52ae4cd05a403851a9b198777663b45cdc670d10,2021-11-16 10:30:26
tensorflow,https://github.com/tensorflow/tensorflow/commit/e3eb68ca4cd07b4125497ac953c1134b9e9fe592,2021-11-19 14:36:12
tensorflow,https://github.com/tensorflow/tensorflow/commit/8de8667843857cdaeed1890bbaff286d7485ef05,2021-12-02 14:17:42
tensorflow,https://github.com/tensorflow/tensorflow/commit/536aed60c3f074072fbbbda81ee0d581cfac94c0,2021-12-02 15:58:17
tensorflow,https://github.com/tensorflow/tensorflow/commit/19cff800e5805097da69bb1ad0b0a2dd9f83741a,2021-12-03 10:07:12
tensorflow,https://github.com/tensorflow/tensorflow/commit/21c258b0f6c5ba851fa556870162cb18ec982979,2021-12-13 15:47:54
tensorflow,https://github.com/tensorflow/tensorflow/commit/f554401f2395fc9edc38bb86bb237283bf8c4b4f,2021-12-20 14:48:18
tensorflow,https://github.com/tensorflow/tensorflow/commit/d6086cc9c6be061a05b38a85bdbaf52106e38dda,2021-12-20 16:13:18
tensorflow,https://github.com/tensorflow/tensorflow/commit/10e331acdb56e05960b6cda4c664bfd6f3541a9a,2021-12-21 20:31:57
tensorflow,https://github.com/tensorflow/tensorflow/commit/3399540a34e19ef071ecf7e82e860871606ed63f,2022-01-13 14:40:49
tensorflow,https://github.com/tensorflow/tensorflow/commit/d698a7f46af5952bb76d572f65f49e6b845a907b,2022-01-21 17:24:39
tensorflow,https://github.com/tensorflow/tensorflow/commit/67f226d70ca269d97772f624ec4bc6944a5be1c3,2022-02-18 14:06:14
tensorflow,https://github.com/tensorflow/tensorflow/commit/ff5f07cbcf9cf2e533a265aa6963dacb16ad2841,2022-03-08 17:01:29
tensorflow,https://github.com/tensorflow/tensorflow/commit/35ab53ad5cbfbfde5b5695c0b75bd8eec1fd2593,2022-03-15 13:57:50
tensorflow,https://github.com/tensorflow/tensorflow/commit/ea3758509753db180dd9010acc7803f3941441bb,2022-03-22 15:30:31
tensorflow,https://github.com/tensorflow/tensorflow/commit/b6ba258f4ec536d80c915a9000c4e0e7c5ef212c,2022-03-24 12:43:22
tensorflow,https://github.com/tensorflow/tensorflow/commit/43999bcef434de14af33cd06fe7baa33c6186fb1,2022-04-18 14:35:58
tensorflow,https://github.com/tensorflow/tensorflow/commit/4303b123d9a77743ad909a92383b124e26a6b949,2022-04-19 16:12:12
tensorflow,https://github.com/tensorflow/tensorflow/commit/b4a9a5de7ce05eea96ed5a3366960525831db3d6,2022-05-02 11:22:27
tensorflow,https://github.com/tensorflow/tensorflow/commit/b506be4dc0035451e7d99434b18cc900f7fe094e,2022-05-03 13:20:39
tensorflow,https://github.com/tensorflow/tensorflow/commit/97d0b6a8ecbe651aede8bb678f78f01b4741cf54,2022-05-04 15:14:19
tensorflow,https://github.com/tensorflow/tensorflow/commit/835e3969c131fbc8fe3161cd9f6202d99d6f7862,2022-05-04 17:12:58
tensorflow,https://github.com/tensorflow/tensorflow/commit/c1475d6dc991b27374b3fe483881ac96312b8a3c,2022-05-09 11:22:15
tensorflow,https://github.com/tensorflow/tensorflow/commit/e3d1dac78cba9bb28d1ef808edcdb62769e4bc5d,2022-05-10 16:06:55
tensorflow,https://github.com/tensorflow/tensorflow/commit/6d50b18bf48f7316c5fdd359ab8d4ea712747842,2022-05-19 08:13:59
tensorflow,https://github.com/tensorflow/tensorflow/commit/578dab6c4d4b599b06f8aab347f9f55845b5b2c6,2022-05-19 12:12:27
tensorflow,https://github.com/tensorflow/tensorflow/commit/6ea588da1372f92782c37293f36d9bd03c8f4c97,2022-05-19 12:47:28
tensorflow,https://github.com/tensorflow/tensorflow/commit/ee06767d8c316302a9b84892a0a7dd3b5b866de7,2022-05-23 12:44:25
tensorflow,https://github.com/tensorflow/tensorflow/commit/c77baf972ad289446b22fa02b69b4b0b799bec04,2022-05-27 16:29:23
tensorflow,https://github.com/tensorflow/tensorflow/commit/12bd65afe8c82509839fda265e62bebb7e414f4e,2022-05-27 20:39:12
tensorflow,https://github.com/tensorflow/tensorflow/commit/5e5ebdce3bf8e7a03d594ccfdf02c70a408d8f26,2022-06-03 09:19:31
tensorflow,https://github.com/tensorflow/tensorflow/commit/a60106c996ae11f782e14af3a84133fa388d4be2,2022-06-07 22:07:34
tensorflow,https://github.com/tensorflow/tensorflow/commit/933e49df3284758ef60eeb534b79261cf00d9404,2022-06-08 20:41:39
tensorflow,https://github.com/tensorflow/tensorflow/commit/35c87919bedca560f326561995f2a67a8473d7af,2022-06-10 11:39:33
tensorflow,https://github.com/tensorflow/tensorflow/commit/923c5c2a5d4742c8c8416833dcd5f3a16ecbeb56,2022-06-13 12:01:31
tensorflow,https://github.com/tensorflow/tensorflow/commit/99e25311059cf6287da4685b54d98ca7fab97000,2022-06-16 10:12:40
tensorflow,https://github.com/tensorflow/tensorflow/commit/6935c45a4dfd486cc9d4e190d68be72e98286d4b,2022-06-16 12:30:37
tensorflow,https://github.com/tensorflow/tensorflow/commit/5ea42815694e1917cf49bd0b662ddcfc29e9fd85,2022-06-22 02:23:59
tensorflow,https://github.com/tensorflow/tensorflow/commit/0e940678848faf28cc34f7264f41479fc8031141,2022-06-24 10:30:58
tensorflow,https://github.com/tensorflow/tensorflow/commit/d8cd66eae6d883a418f67c0f64218cf5068b0216,2022-06-24 12:54:45
tensorflow,https://github.com/tensorflow/tensorflow/commit/40019a06546eecec4615fd9fd0b3bee25a27740b,2022-06-30 10:03:19
tensorflow,https://github.com/tensorflow/tensorflow/commit/832a43dd7cebcdfa1aaf004e36cd0443b2c663e4,2022-07-08 08:25:43
tensorflow,https://github.com/tensorflow/tensorflow/commit/62ed037cf47ed684a98a7efa8bbab7eb587d2728,2022-07-12 13:15:17
tensorflow,https://github.com/tensorflow/tensorflow/commit/e000b3c7fec504a40a835afddb3bf372557d89a3,2022-07-12 19:20:24
tensorflow,https://github.com/tensorflow/tensorflow/commit/0c9aa198f936585d82987af4b4e8809b6e582798,2022-07-14 13:38:01
tensorflow,https://github.com/tensorflow/tensorflow/commit/f9bdcd6d9c714fc5dde232ba3b8b0a5128a07516,2022-08-01 17:59:19
tensorflow,https://github.com/tensorflow/tensorflow/commit/f2f4f09cab9e354ad1c7164b0d746624a39687a1,2022-08-02 10:35:53
tensorflow,https://github.com/tensorflow/tensorflow/commit/2d2a90346011891ee43592f4dbcc0b5ae38559a4,2022-08-09 14:17:14
tensorflow,https://github.com/tensorflow/tensorflow/commit/eda6df78df906dd372c1ed4269aa460b69e9f09e,2022-08-10 14:38:18
tensorflow,https://github.com/tensorflow/tensorflow/commit/737a1a2c76f40edb8a8e9fc67129202f6c2ec445,2022-08-26 14:35:22
tensorflow,https://github.com/tensorflow/tensorflow/commit/889028d180246f74c3078d77d95410e6b51e2fa7,2022-09-07 13:48:11
tensorflow,https://github.com/tensorflow/tensorflow/commit/30863a11ab192264f7c923f4c078c668e97ecc04,2022-09-07 15:43:23
tensorflow,https://github.com/tensorflow/tensorflow/commit/83f96361c8ea039f8a44aad7f378dc805f3ed3ce,2022-09-15 07:47:37
tensorflow,https://github.com/tensorflow/tensorflow/commit/8f858c111e9594c3e93de7007bd81267fa8a6985,2022-10-05 14:48:44
tensorflow,https://github.com/tensorflow/tensorflow/commit/a601b001be911dc2fc04001ab544b8a83eed85e8,2022-10-06 06:01:44
tensorflow,https://github.com/tensorflow/tensorflow/commit/4c4ef6d780f4d6669c4cf156edd3ffb6e0787d5a,2022-10-07 16:47:56
tensorflow,https://github.com/tensorflow/tensorflow/commit/dcc677c22cddc39aa49ece4bf9b02f59ab39e0ed,2022-10-13 15:28:54
tensorflow,https://github.com/tensorflow/tensorflow/commit/eba6e26bd736e30d3040ac654f246a720466dc87,2022-11-09 14:26:17
tensorflow,https://github.com/tensorflow/tensorflow/commit/216bdac0744be8dd49d568cd3c033bf6fa820dd8,2022-11-14 14:24:15
tensorflow,https://github.com/tensorflow/tensorflow/commit/b9cbf936e0395c43fffcf19e47cabcb36dacbbe6,2022-11-14 14:27:54
tensorflow,https://github.com/tensorflow/tensorflow/commit/406b6d0e7e1107dcc04fdf3edc897cb9fa28cd6f,2022-11-14 14:44:41
tensorflow,https://github.com/tensorflow/tensorflow/commit/f28446ad83f1688e335fd09c971a8876c57a26e6,2022-11-14 15:48:56
tensorflow,https://github.com/tensorflow/tensorflow/commit/abbbdb30d07af590b67581fefc761eb7d9f1bfd2,2022-11-18 15:06:30
tensorflow,https://github.com/tensorflow/tensorflow/commit/8a91550c313cdd872091e4d185ab79070e9d7f34,2022-12-09 07:16:10
tensorflow,https://github.com/tensorflow/tensorflow/commit/a5ac116b58056e3c5b15e668e7d3b26dad327b5d,2022-12-20 08:58:59
tensorflow,https://github.com/tensorflow/tensorflow/commit/f6a0dd0ff653d9cd527586e8972aab1b0467875e,2022-12-22 11:06:42
tensorflow,https://github.com/tensorflow/tensorflow/commit/9758950bd12a273fb10d6fe2f5a4a8d9a16cb728,2023-01-19 18:12:13
tensorflow,https://github.com/tensorflow/tensorflow/commit/6d15ee50fa3bcca12f4e80c28bf749a3f1b7f755,2023-01-23 15:58:20
tensorflow,https://github.com/tensorflow/tensorflow/commit/b5d5a32a6b2679994190196528ad56ea295456b1,2023-01-24 14:33:29
tensorflow,https://github.com/tensorflow/tensorflow/commit/4f8b87739e3f3c4aee0e36714e16856227c83e9a,2023-02-01 10:06:50
tensorflow,https://github.com/tensorflow/tensorflow/commit/d368bd93508fafa2ce1c1c41cacdbc531ffdeaa2,2023-02-05 12:59:35
tensorflow,https://github.com/tensorflow/tensorflow/commit/905aa5fbb0cc22bcf105021e94879762f6b63cb6,2023-02-06 09:44:54
tensorflow,https://github.com/tensorflow/tensorflow/commit/9d271945002f484045f166f49c50c1ec3d480a90,2023-02-10 09:46:04
tensorflow,https://github.com/tensorflow/tensorflow/commit/3614d272963b7995d8a28ceeafd6863adbe01855,2023-02-13 15:45:00
tensorflow,https://github.com/tensorflow/tensorflow/commit/2d54fbf1d690208ba2eed9d56e0b68b6354955cb,2023-02-17 04:11:49
tensorflow,https://github.com/tensorflow/tensorflow/commit/e79079540aa073b8d3e1c2167c520afde5abca5e,2023-03-01 19:54:24
tensorflow,https://github.com/tensorflow/tensorflow/commit/2bbd325838801ef7ba8b617475001d54a57d811e,2023-03-06 15:07:34
tensorflow,https://github.com/tensorflow/tensorflow/commit/987bea2bfb4247b11275ac6e59078fc8757faf41,2023-03-08 10:21:51
tensorflow,https://github.com/tensorflow/tensorflow/commit/83ab80cca07378b457deeff8e08806bdba6a3d2e,2023-03-08 10:31:27
tensorflow,https://github.com/tensorflow/tensorflow/commit/c1815912e43d18da6f6ec12bb17041755b7fad16,2023-03-08 12:53:43
tensorflow,https://github.com/tensorflow/tensorflow/commit/81555e43f56c3c08faf5ea2d87367226a89ca14d,2023-03-08 13:24:24
tensorflow,https://github.com/tensorflow/tensorflow/commit/ca388405c617415aebe5669a52f51d36fdb5f255,2023-03-20 09:53:22
tensorflow,https://github.com/tensorflow/tensorflow/commit/50108a38c103c6ecc28fdf8f23c098970cde7e49,2023-03-31 17:47:39
tensorflow,https://github.com/tensorflow/tensorflow/commit/4440c3529470a9e9b9b23a827c9bdb74221e5d68,2023-04-11 21:52:13
tensorflow,https://github.com/tensorflow/tensorflow/commit/ff00b85a99d669166f213286b30b0b4c95217981,2023-04-12 03:21:47
tensorflow,https://github.com/tensorflow/tensorflow/commit/cb16f493dcf46f502296a76b23d40c813a2b4b2f,2023-04-24 02:46:04
tensorflow,https://github.com/tensorflow/tensorflow/commit/14c9312a0d1ed22058e407d66939ef5ac3622253,2023-04-26 09:53:24
tensorflow,https://github.com/tensorflow/tensorflow/commit/78ebfd6a6d444a112e7f8bd3e44c4f535ab88488,2023-04-28 15:42:31
tensorflow,https://github.com/tensorflow/tensorflow/commit/ba0295ac394ecde4c0b327f9574f86da4a27a184,2023-05-09 15:32:24
tensorflow,https://github.com/tensorflow/tensorflow/commit/4c5dae1ce43d741d63bdfc78f5a2ad9b09155bb9,2023-05-10 07:48:28
tensorflow,https://github.com/tensorflow/tensorflow/commit/7ad1784552f5ef11264a7d15bc83e82baf4e6a2a,2023-05-11 12:16:33
tensorflow,https://github.com/tensorflow/tensorflow/commit/47346759fdc7761cdea31152ebbf992cef63fbd1,2023-05-16 11:56:42
tensorflow,https://github.com/tensorflow/tensorflow/commit/fcab0a9c9928fad71c275f6e25362b54be1c770f,2023-05-16 18:20:28
tensorflow,https://github.com/tensorflow/tensorflow/commit/7ac6131d6a6da672a6eea737c2524809c0d9be48,2023-05-17 09:09:16
tensorflow,https://github.com/tensorflow/tensorflow/commit/4df9b9d7544a486819f13633e21755800ed0d8c3,2023-05-17 10:20:18
tensorflow,https://github.com/tensorflow/tensorflow/commit/173c3c1af7fcf80f48b1ec2a8d2802479bb66408,2023-05-17 15:22:02
tensorflow,https://github.com/tensorflow/tensorflow/commit/d79c39950fafd3eb466f3c443aaec113133e2f03,2023-05-17 18:14:26
tensorflow,https://github.com/tensorflow/tensorflow/commit/7e12e619df1e38b7b123e08b7d1335ec6051c978,2023-05-18 14:58:39
tensorflow,https://github.com/tensorflow/tensorflow/commit/feeb658bfa3919259087e2cfb531ca0239fe9d9f,2023-05-18 19:01:55
tensorflow,https://github.com/tensorflow/tensorflow/commit/8cfe87ab4a412d4e829d2ed42072d93962e77a16,2023-05-18 20:51:06
tensorflow,https://github.com/tensorflow/tensorflow/commit/561d3678cbdcc9b96ebf6439b00333c8ca9df81e,2023-05-19 11:59:14
tensorflow,https://github.com/tensorflow/tensorflow/commit/31c18fe5442f1cb0d1a690bc9234a82dcc0e42c7,2023-05-19 09:48:42
tensorflow,https://github.com/tensorflow/tensorflow/commit/8d81019452089bfdb0a04994b5d783316cd2bf28,2023-05-19 10:52:22
tensorflow,https://github.com/tensorflow/tensorflow/commit/be16d5c2ff50804a3f9e9cfb84f83c790a2b5aa8,2023-05-19 12:20:20
tensorflow,https://github.com/tensorflow/tensorflow/commit/01fc3119520d36a01256b6d904db9ae54c612945,2023-05-23 16:54:01
tensorflow,https://github.com/tensorflow/tensorflow/commit/8122e6ef058fda0dd50b9fce8474de1e8c93b05c,2023-05-24 09:11:50
tensorflow,https://github.com/tensorflow/tensorflow/commit/dc327a7756af0ba26207fe5ad716bcfc1bcdf9cc,2023-05-24 22:43:01
tensorflow,https://github.com/tensorflow/tensorflow/commit/727e706af399c06a3c0c161bd84b04d0a46c613e,2023-05-28 15:06:56
tensorflow,https://github.com/tensorflow/tensorflow/commit/72d8915c5b0a92d2417d7846066df5d25551a748,2023-05-30 15:33:32
tensorflow,https://github.com/tensorflow/tensorflow/commit/777bade894e3c8210ab54ba59b82f5f453519260,2023-05-31 07:25:55
tensorflow,https://github.com/tensorflow/tensorflow/commit/ae240b497de90c4ec11e40f2c5a3f9c5736d89e1,2023-06-02 16:19:09
tensorflow,https://github.com/tensorflow/tensorflow/commit/ca3d6513c561b813f37de41e21489bf9395c0ada,2023-06-13 16:54:57
tensorflow,https://github.com/tensorflow/tensorflow/commit/7d5ef0b15c3d25a58b08348e1cce79bd26c309ad,2023-06-28 15:52:13
tensorflow,https://github.com/tensorflow/tensorflow/commit/d8dd0a4184a7eb66af3aaa727bbd8728cbde3869,2023-07-05 12:40:16
tensorflow,https://github.com/tensorflow/tensorflow/commit/33f241d20d5b0a86d80e16098fc2716c2e9662ef,2023-07-10 10:04:28
tensorflow,https://github.com/tensorflow/tensorflow/commit/2ca49454875b328e1f74b3c9051103f75ad619d7,2023-07-10 10:46:01
tensorflow,https://github.com/tensorflow/tensorflow/commit/5006a30cce50b6f613317a2ba5db16edd34cf02e,2023-07-14 16:03:18
tensorflow,https://github.com/tensorflow/tensorflow/commit/5887a9efb4786a01189b065ce4ce5f4853d83e2f,2023-07-20 12:30:12
tensorflow,https://github.com/tensorflow/tensorflow/commit/5c33f00e273116ceb3ae2d05fc65235053c4780a,2023-07-24 13:48:56
tensorflow,https://github.com/tensorflow/tensorflow/commit/7e48fb09009f0aed5eea349248e262058c32db7b,2023-07-27 16:55:12
tensorflow,https://github.com/tensorflow/tensorflow/commit/78be6ff484c6f02a5fc8fb03edffcf902ab1d7d7,2023-07-27 10:48:58
tensorflow,https://github.com/tensorflow/tensorflow/commit/db162487f5fefa1396e4a6884d712914549c3223,2023-08-01 18:30:09
tensorflow,https://github.com/tensorflow/tensorflow/commit/b2e198226aa1f2ba847b115fe7baea9cab270b27,2023-08-09 10:26:07
tensorflow,https://github.com/tensorflow/tensorflow/commit/1467c45521ad1a9b75507cc2d77bc0f826f878c4,2023-08-11 11:42:35
tensorflow,https://github.com/tensorflow/tensorflow/commit/1314592ab06ada38cc339cdd62094e245a2bcdae,2023-09-28 17:26:34
tensorflow,https://github.com/tensorflow/tensorflow/commit/af3421baf53759a776c375228e5e8e72a5103eeb,2023-09-29 14:27:11
tensorflow,https://github.com/tensorflow/tensorflow/commit/56cf3e14d3b88cf24b2b564aa6eff4f6142fde60,2023-10-12 10:43:01
tensorflow,https://github.com/tensorflow/tensorflow/commit/a39d7df972aaedc3a2bf4a986e6e3d48f5f3eab5,2023-10-23 06:02:06
tensorflow,https://github.com/tensorflow/tensorflow/commit/16afd0591c64a418fb9c4c6530b934c9418e02a0,2023-10-27 23:27:44
tensorflow,https://github.com/tensorflow/tensorflow/commit/7500dfc73f2cfbeb0a3a76c005cbf0402b5cc0c7,2023-11-17 10:12:15
tensorflow,https://github.com/tensorflow/tensorflow/commit/18bb144a7a1661c23da678e20be2cd604a755e94,2023-11-23 13:00:15
