https://github.com/tensorflow/tensorflow/commit/6045ccea11b31174d5d9b147fddedf1b5f5af384,2024-02-09 21:00:51,No
https://github.com/tensorflow/tensorflow/commit/710dfc7e888af209f5fcb65a5f339ad1505cca7d,2024-02-08 18:08:49,Yes
https://github.com/tensorflow/tensorflow/commit/69da028a7f9f5662fba7fae1fb109f4eb81c19f7,2024-02-08 17:46:30,No
https://github.com/tensorflow/tensorflow/commit/06e915ff90544ff47a71f874b07c533fff9d5faf,2024-02-08 17:01:38,No
https://github.com/tensorflow/tensorflow/commit/7ed3c00bb4bdbff7c29f42796237a17f6090db0c,2024-02-08 12:46:00,No
https://github.com/tensorflow/tensorflow/commit/c510c1b8b1ef5be1d65971f5b9e21e61becd0bb3,2024-02-08 07:11:31,No
https://github.com/tensorflow/tensorflow/commit/fc24a5a3b3b79cb6eec10d39990d4eea3412b45b,2024-02-06 14:44:09,No
https://github.com/tensorflow/tensorflow/commit/66d401491c7bd9380d9c87a21b4a0cb40fbad14a,2024-02-06 10:23:06,No
https://github.com/tensorflow/tensorflow/commit/ad4ef2768ef5a74e828d65b30bca7c21ea41a132,2024-02-05 18:08:14,Yes
https://github.com/tensorflow/tensorflow/commit/6045ccea11b31174d5d9b147fddedf1b5f5af384,2024-02-09 21:00:51,No
https://github.com/tensorflow/tensorflow/commit/710dfc7e888af209f5fcb65a5f339ad1505cca7d,2024-02-08 18:08:49,Yes
https://github.com/tensorflow/tensorflow/commit/69da028a7f9f5662fba7fae1fb109f4eb81c19f7,2024-02-08 17:46:30,No
https://github.com/tensorflow/tensorflow/commit/06e915ff90544ff47a71f874b07c533fff9d5faf,2024-02-08 17:01:38,No
https://github.com/tensorflow/tensorflow/commit/7ed3c00bb4bdbff7c29f42796237a17f6090db0c,2024-02-08 12:46:00,No
https://github.com/tensorflow/tensorflow/commit/c510c1b8b1ef5be1d65971f5b9e21e61becd0bb3,2024-02-08 07:11:31,No
https://github.com/tensorflow/tensorflow/commit/fc24a5a3b3b79cb6eec10d39990d4eea3412b45b,2024-02-06 14:44:09,No
https://github.com/tensorflow/tensorflow/commit/66d401491c7bd9380d9c87a21b4a0cb40fbad14a,2024-02-06 10:23:06,No
https://github.com/tensorflow/tensorflow/commit/ad4ef2768ef5a74e828d65b30bca7c21ea41a132,2024-02-05 18:08:14,Yes
https://github.com/tensorflow/tensorflow/commit/06b89ed1bdf606adb21d66664ca7ab5eaffdd58f,2024-02-05 09:44:09,No
https://github.com/tensorflow/tensorflow/commit/74054d82edbc261e26b8fc5fbc3e9263a1f3f05e,2024-02-05 03:21:35,No
https://github.com/tensorflow/tensorflow/commit/9d40bdb5ab979cde627c992aa71f0890fc0f10c4,2024-02-04 21:07:30,No
https://github.com/tensorflow/tensorflow/commit/1a111956cf968b4875ed334cb8a69b4cc4d6b866,2024-02-04 16:32:52,No
https://github.com/tensorflow/tensorflow/commit/94d932cdc14ef1b5beea35976445eee697986f0d,2024-02-02 17:55:51,No
https://github.com/tensorflow/tensorflow/commit/489530fd5960057afb7f6b2182e792daf937f21d,2024-02-02 13:07:48,No
https://github.com/tensorflow/tensorflow/commit/c3ee31d2b91f85c4a6f2a002fed080a17d421a6f,2024-02-02 09:39:52,No
https://github.com/tensorflow/tensorflow/commit/b82cc65d46f85f9d97ef001282d3b1dbf5844bf1,2024-02-02 06:44:44,No
https://github.com/tensorflow/tensorflow/commit/877236294cf5aa0aa980bf470713e4d62d35dbbc,2024-02-01 02:46:34,No
https://github.com/tensorflow/tensorflow/commit/a2383e62036c7a4036a10755a8de54855e9ac9a5,2024-02-01 01:53:26,Yes
https://github.com/tensorflow/tensorflow/commit/51d85bf47fdd54575e0335ebbd965baaa8e5967d,2024-01-31 20:24:34,No
https://github.com/tensorflow/tensorflow/commit/238630e74c9c1b6d078914dd7f4b044993eb010c,2024-01-31 07:46:31,No
https://github.com/tensorflow/tensorflow/commit/ccd87da12ae6cc02c72b683935b748fa0aefb7ce,2024-01-30 20:23:02,Yes
https://github.com/tensorflow/tensorflow/commit/d4fc6f9cad02c96a69dff07d5daa0cd04929aeb0,2024-01-29 20:18:36,No
https://github.com/tensorflow/tensorflow/commit/b36fdcb1f097dea08c4d02bb8a12188f3980cb1c,2024-01-29 19:08:16,No
https://github.com/tensorflow/tensorflow/commit/0f6a36a5bff991fe03e297534bdb43b3db3f3001,2024-01-26 19:40:34,No
https://github.com/tensorflow/tensorflow/commit/8da7c617e365411a598526bd25986688927c6047,2024-01-26 12:59:24,No
https://github.com/tensorflow/tensorflow/commit/d5862d423742ec26c46737d4526eca3b8b8a0d9b,2024-01-26 09:54:39,Yes
https://github.com/tensorflow/tensorflow/commit/db386203e2b8d13e2809c068e0e2008fa2873170,2024-01-26 08:25:51,No
https://github.com/tensorflow/tensorflow/commit/d3b04b8d84c4124c5fc311b59afc1434b3eb1963,2024-01-26 02:23:34,No
https://github.com/tensorflow/tensorflow/commit/1a1a381b5be7701843c3f1e34aa1846ae2a1d0ce,2024-01-25 13:27:28,Yes
https://github.com/tensorflow/tensorflow/commit/d8f607a6e0a485c0888291762596a84c5dbb3760,2024-01-25 11:44:22,No
https://github.com/tensorflow/tensorflow/commit/d16420402f39d695fba88b5ad3a0dcf53734d47b,2024-01-25 08:55:42,No
https://github.com/tensorflow/tensorflow/commit/9718fed7b9aba244359b3d38c2a1dc20e50428bd,2024-01-24 20:18:37,Yes
https://github.com/tensorflow/tensorflow/commit/1b10d533a773aacc4dcb2d0add2adf7c743e8396,2024-01-24 19:48:48,No
https://github.com/tensorflow/tensorflow/commit/6172674b1f4633aaa943d29f5dee12a9ea996b1b,2024-01-24 13:48:53,No
https://github.com/tensorflow/tensorflow/commit/6f6c70a3add1c96adcafe58a527eb7eec2dc6fae,2024-01-24 09:32:47,Yes
https://github.com/tensorflow/tensorflow/commit/62163c54c55e82a6c1ed17ed78370f96c3675875,2024-01-24 09:04:23,No
https://github.com/tensorflow/tensorflow/commit/e7f1e9465258d6231489134d740344e2b2e3e557,2024-01-24 07:21:42,Yes
https://github.com/tensorflow/tensorflow/commit/5cc3ec51f529ecad5215442f722be56e30b5a740,2024-01-24 06:37:46,No
https://github.com/tensorflow/tensorflow/commit/36500617e893f0c4e73e83888f522d12c3ed6088,2024-01-23 18:37:14,No
https://github.com/tensorflow/tensorflow/commit/285f3989d3c1912769145fde65c882cf0818c464,2024-01-23 17:22:43,No
https://github.com/tensorflow/tensorflow/commit/0db6100b0b011cc2d4a59dc88cccac5f36f1cb50,2024-01-23 16:56:13,Yes
https://github.com/tensorflow/tensorflow/commit/707005b656645d06c928c1a44bb96dcb20700497,2024-01-23 15:28:53,No
https://github.com/tensorflow/tensorflow/commit/24db4f6013aca0b6c98d97b2a3dc130c8bbb9901,2024-01-23 13:49:05,Yes
https://github.com/tensorflow/tensorflow/commit/42a8b4017e28cdba3c6c7f3f41e10f3491e297b6,2024-01-23 13:30:24,No
https://github.com/tensorflow/tensorflow/commit/978e5aaea3821c122e266650a8d691feb593a31e,2024-01-23 11:10:47,No
https://github.com/tensorflow/tensorflow/commit/ba39c91f2a788636a84f042389e456b5c1918c35,2024-01-23 11:01:45,No
https://github.com/tensorflow/tensorflow/commit/0ce4b3b2bb431418b9c12b02deb760661e803c42,2024-01-23 10:21:22,Yes
https://github.com/tensorflow/tensorflow/commit/254f993c51ea8c503082b66777bdffb43199509d,2024-01-22 15:56:27,No
https://github.com/tensorflow/tensorflow/commit/d85bd0a9a8402cfe2e675e7dd534081ee5971e58,2024-01-22 08:41:45,No
https://github.com/tensorflow/tensorflow/commit/c0a3117d09daf89717441cb6b302439486732500,2024-01-22 06:55:32,No
https://github.com/tensorflow/tensorflow/commit/d91b8c6657c8def07490459a5d6dbc972538a85d,2024-01-21 14:41:16,No
https://github.com/tensorflow/tensorflow/commit/4aa9e0ad4e58a9036ee19e87141da025a18b0b1c,2024-01-19 18:59:03,Yes
https://github.com/tensorflow/tensorflow/commit/38d657afc11470a8a61ee7619f08a180f74a199a,2024-01-19 16:53:35,No
https://github.com/tensorflow/tensorflow/commit/0b195d733f3040ba760cff818b3a7adf1d0da512,2024-01-19 14:16:12,No
https://github.com/tensorflow/tensorflow/commit/2e21a7b4d64115ece59e9d0bf1dde8204f3348c2,2024-01-19 14:07:48,No
https://github.com/tensorflow/tensorflow/commit/79e3ea16739f9e4f0eec2822e09e398c5dd87e3a,2024-01-19 05:43:50,No
https://github.com/tensorflow/tensorflow/commit/4d7c8cc5739e6af080b13babb718f29753f0f73e,2024-01-19 05:35:34,No
https://github.com/tensorflow/tensorflow/commit/58441cf1baf6c721134be5a2ac87b643b6c71081,2024-01-18 16:44:39,No
https://github.com/tensorflow/tensorflow/commit/eb53ea3258b1e1d998474e073b75f9e9dc9ad6e4,2024-01-18 16:14:32,No
https://github.com/tensorflow/tensorflow/commit/70b2702091d8842d0ca853d5d1cd8d1ad2c3a983,2024-01-17 07:18:09,No
https://github.com/tensorflow/tensorflow/commit/ada23dfcb82cb0ebb30af388fb57bfc038caa74d,2024-01-16 20:32:23,No
https://github.com/tensorflow/tensorflow/commit/db3261cbce902876ef438b2b3e27b96ea0d3f9ad,2024-01-15 13:53:05,No
https://github.com/tensorflow/tensorflow/commit/4138437cac1651a534c9fa246398878cba979d00,2024-01-15 06:48:04,No
https://github.com/tensorflow/tensorflow/commit/98fb4f6e48627cf30cd747848505b7eae28f1ded,2024-01-15 06:11:08,Yes
https://github.com/tensorflow/tensorflow/commit/42a3e76a69981ae3011ef9a37e9ff726fe7fbaf8,2024-01-15 05:41:25,No
https://github.com/tensorflow/tensorflow/commit/d8c14bce83f01036028dbb0e349f6eb9538713f4,2024-01-15 03:00:00,No
https://github.com/tensorflow/tensorflow/commit/603a7254cf645c73b50682517973c33a6fe78d85,2024-01-15 02:43:48,No
https://github.com/tensorflow/tensorflow/commit/798b2ebda0cc6f12f1ca6460611f760149771a11,2024-01-12 19:40:23,No
https://github.com/tensorflow/tensorflow/commit/98b74424fc078c2c82b3bc6f4ecc010bf9bf93ba,2024-01-12 15:25:02,No
https://github.com/tensorflow/tensorflow/commit/691e204f92402d366c22328809fa9a4ced117f49,2024-01-11 16:25:27,No
https://github.com/tensorflow/tensorflow/commit/035c672099d787aed744f57477ea08e3fd0218f0,2024-01-11 12:49:35,No
https://github.com/tensorflow/tensorflow/commit/4be885d05ede2efde3fb3ff2f4d7dd06ef162127,2024-01-11 10:59:57,No
https://github.com/tensorflow/tensorflow/commit/55395fab20ee4fcee58f581fb1f79b04a3733b40,2024-01-11 03:56:37,No
https://github.com/tensorflow/tensorflow/commit/73950c0c01f7a543aabfafccb16aeb8d2b9fe133,2024-01-10 19:31:58,No
https://github.com/tensorflow/tensorflow/commit/2719b0fbb0ca47db002bf7cf374df10e6ff2bfe7,2024-01-10 18:20:56,No
https://github.com/tensorflow/tensorflow/commit/a099073ecfe5864df11679c3927d7bbe3150c8e3,2024-01-10 17:26:49,No
https://github.com/tensorflow/tensorflow/commit/71af215f4ed19707309bea5dcc34adc2e489b5b5,2024-01-10 16:48:21,No
https://github.com/tensorflow/tensorflow/commit/6e501b2347bf73877aad74b6227195c1425f565e,2024-01-10 07:29:38,No
https://github.com/tensorflow/tensorflow/commit/b05b16e432538eee630d51c5aae9eaf9887283ff,2024-01-10 02:39:51,no
https://github.com/tensorflow/tensorflow/commit/8497a251a1a288d3f51ff4698bddcbf6e9a7b5b1,2024-01-09 19:34:23,No
https://github.com/tensorflow/tensorflow/commit/f4e3029e2fdbddcad6a64c8c39617b3b784950c8,2024-01-09 18:48:06,No
https://github.com/tensorflow/tensorflow/commit/7494487575eecff08ddbffc12e038661876ee835,2024-01-08 21:57:48,No
https://github.com/tensorflow/tensorflow/commit/788486f6c3c5ae651cf0cb409c5d85286d2f61ce,2024-01-08 12:15:22,Yes
https://github.com/tensorflow/tensorflow/commit/adb0d424d4c2312f39def8360db82e01c0c1e073,2024-01-08 08:57:42,No
https://github.com/tensorflow/tensorflow/commit/89334fb15c688e7dbd81878745755db01579ea70,2024-01-05 05:07:14,No
https://github.com/tensorflow/tensorflow/commit/bb9b9f32bd08bc5660343cdc09f4b467d7297e3c,2024-01-04 20:05:02,No
https://github.com/tensorflow/tensorflow/commit/b3241d38b5ee66d996f2efd172fb7f9a97596c7e,2024-01-04 11:50:30,no
https://github.com/tensorflow/tensorflow/commit/1e406f7f9b6ffd333b3850a8e647b11532439824,2024-01-03 21:44:01,No
https://github.com/tensorflow/tensorflow/commit/b7e107eaa6dffb649d055d893a1fce734ee50d55,2024-01-03 11:27:12,No
https://github.com/tensorflow/tensorflow/commit/86b08fc6d076fb333f68d07cbba72775d5e6d49d,2024-01-03 10:53:45,No
https://github.com/tensorflow/tensorflow/commit/dff13c0733ee67dcf524afd1dd504d72a5c86111,2024-01-03 05:03:40,No
https://github.com/tensorflow/tensorflow/commit/cd93d80b50aaf728bb3af862134a9c4b6661e284,2024-01-02 16:56:17,No
https://github.com/tensorflow/tensorflow/commit/81eb80487fcdf94b4d1999d4c6ba72dc3163ca06,2024-01-02 13:03:58,no
https://github.com/tensorflow/tensorflow/commit/a3b980f89b5f744dd88b2167058c93de45614bae,2024-01-02 08:30:47,No
https://github.com/tensorflow/tensorflow/commit/5a45f59b0dd51dba0c04b9ba7e97cca09c47847d,2023-12-29 17:06:30,No
https://github.com/tensorflow/tensorflow/commit/fe22631a2516bcac1a91fb7f4b000a150e142be8,2023-12-25 20:15:24,Yes
https://github.com/tensorflow/tensorflow/commit/1078f395f211cb1799b927ca8a111f4d2fa1a672,2023-12-21 14:27:19,No
https://github.com/tensorflow/tensorflow/commit/8e4c0f2f36e9f0d035d1378530f6a826583e181a,2023-12-21 07:40:42,No
https://github.com/tensorflow/tensorflow/commit/402c433176fd1b0363c5abb9e90b00868cf913b0,2023-12-19 14:55:49,No
https://github.com/tensorflow/tensorflow/commit/b7d00954dbc663c1032c2dc22dff02e80e86771d,2023-12-19 14:15:49,No
https://github.com/tensorflow/tensorflow/commit/aa9fd8992a7e0f79f5bef59087746efb6506851e,2023-12-19 14:07:28,No
https://github.com/tensorflow/tensorflow/commit/ccf8b15e46e288449fede7e82d55bd981c30d28b,2023-12-19 11:51:53,No
https://github.com/tensorflow/tensorflow/commit/f8724949b05eb88d29255237cbbba00127cb3256,2023-12-19 08:47:41,No
https://github.com/tensorflow/tensorflow/commit/0c6070da407a1740e0f0eb4952ada200aed8fc49,2023-12-19 07:05:11,No
https://github.com/tensorflow/tensorflow/commit/8c46d57af9505d552b27dcdb7d042d4e312bf637,2023-12-15 15:39:16,No
https://github.com/tensorflow/tensorflow/commit/76d916c4708a3e5af37f0d88eb316de33b3b5708,2023-12-15 09:48:45,No
https://github.com/tensorflow/tensorflow/commit/d8d2ba8a80ceeca7bacdeab84b04dbc66cf6f4dc,2023-12-14 17:08:02,No
https://github.com/tensorflow/tensorflow/commit/308e7fb72a8614ef93cbb2edc9520827c347e1a9,2023-12-14 07:18:40,Yes
https://github.com/tensorflow/tensorflow/commit/f9d5441060594ee8b1da1346466b520616a713f6,2023-12-13 01:10:34,no
https://github.com/tensorflow/tensorflow/commit/f3819de491f740984b2975294bed0e642c66c802,2023-12-12 19:51:32,Yes
https://github.com/tensorflow/tensorflow/commit/70b96696977c2f31a4b66aedc97353712430359e,2023-12-12 15:13:07,No
https://github.com/tensorflow/tensorflow/commit/c1e286b0c61cf12f25e1405b9d0df541d27d118d,2023-12-11 17:51:32,no
https://github.com/tensorflow/tensorflow/commit/f6bcd9050de60acf09e839b73eb368679c5449ef,2023-12-10 20:37:15,No
https://github.com/tensorflow/tensorflow/commit/63ac9595d422824428c41637587606453266dedb,2023-12-08 19:44:11,No
https://github.com/tensorflow/tensorflow/commit/5ad49f0d049e8ef546844a2b5f1a1fd920ec1c5f,2023-12-08 17:34:12,Yes
https://github.com/tensorflow/tensorflow/commit/6c472f6632c4864da749e7a4aee8c001a905287f,2023-12-08 16:36:13,No
https://github.com/tensorflow/tensorflow/commit/03e79733843b4678b803389d0297c82825a20659,2023-12-08 05:55:05,No
https://github.com/tensorflow/tensorflow/commit/aa3692791a661713b6df0b8219f96ccd31a37c81,2023-12-07 15:47:41,No
https://github.com/tensorflow/tensorflow/commit/0c18e47a779beab776375836860551e73df478df,2023-12-07 06:41:59,No
https://github.com/tensorflow/tensorflow/commit/b59abe629e614d9cacf1169c0cbdc9070f23dd48,2023-12-06 22:11:12,No
https://github.com/tensorflow/tensorflow/commit/d6c357f785a29fbe5e6fce4bfa715c955f6d77e9,2023-12-06 13:13:43,no
https://github.com/tensorflow/tensorflow/commit/e2735f3d281bce423976e6f8c6ad28441ad4e7cc,2023-12-06 08:28:33,No
https://github.com/tensorflow/tensorflow/commit/bf6b44836f2f84f712c2d6417d50c709e225d24e,2023-12-05 02:56:32,No
https://github.com/tensorflow/tensorflow/commit/b1ec78d1f01f5fd484f65156bf8ac2ccdd826875,2023-12-05 02:09:31,No
https://github.com/tensorflow/tensorflow/commit/147708254e68177bcb431939ce5758f18caf1306,2023-12-04 14:56:28,No
https://github.com/tensorflow/tensorflow/commit/659c9ad359c7b2acc4829abaffb3863767d3cd42,2023-12-04 13:33:13,no
https://github.com/tensorflow/tensorflow/commit/7d6546aa26340e1aa7a64805064d68c1cd5eaf4a,2023-12-01 15:36:10,no
https://github.com/tensorflow/tensorflow/commit/85a5052bb80dab0deb648ce60445b16695d5ebc0,2023-12-01 15:16:37,Yes
https://github.com/tensorflow/tensorflow/commit/564bedf6ce927ef16dff72b6c0b6f17dfe08afe8,2023-12-01 08:24:54,No
https://github.com/tensorflow/tensorflow/commit/20c05898b344c0fe17fab13cc355b1e94e3864ec,2023-11-30 16:33:31,No
https://github.com/tensorflow/tensorflow/commit/57b50130e34035192a8a45ad74a98520e7255cd2,2023-11-30 13:47:07,no
https://github.com/tensorflow/tensorflow/commit/7ce56ce029ef6536677109c96018521d3d3bc87c,2023-11-30 07:23:52,No
https://github.com/tensorflow/tensorflow/commit/5759fac45ae353892c558928d85f0710fb3cfc2c,2023-11-29 19:00:28,no
https://github.com/tensorflow/tensorflow/commit/9da5526ee0e967a829c730f9851f7d83871a1dde,2023-11-29 18:19:42,No
https://github.com/tensorflow/tensorflow/commit/755370ccb4c06e51f2cc3fac6bc6dcbdf65f4b9f,2023-11-29 13:16:42,No
https://github.com/tensorflow/tensorflow/commit/34c440cc2e011f8a75f14b4cc1cb04f990a8348f,2023-11-29 09:41:27,No
https://github.com/tensorflow/tensorflow/commit/e1dbfeba8acb1df8f42dfa6f76262f5cb23e1fa1,2023-11-28 23:24:49,No
https://github.com/tensorflow/tensorflow/commit/f0240adedd95a24380545fbf44d5ed5cb93c5b49,2023-11-28 23:07:47,No
https://github.com/tensorflow/tensorflow/commit/247f77e44784f9254d2bd304372a71510a0849fc,2023-11-28 12:40:54,No
https://github.com/tensorflow/tensorflow/commit/ee10e3d87270153265f78c061bcbdfc0a34f0201,2023-11-28 12:34:14,no
https://github.com/tensorflow/tensorflow/commit/1f5111710d31cec6ab819eb8ed0f0332a8ac0835,2023-11-27 23:14:12,No
https://github.com/tensorflow/tensorflow/commit/17e9908e2549fe2c024a4ecf0533f835f586a0ce,2023-11-27 22:28:37,no
https://github.com/tensorflow/tensorflow/commit/b8494a08185e0ea1021e4859d862dfaff654c16b,2023-11-27 18:05:56,No
https://github.com/tensorflow/tensorflow/commit/50299228e5df92b486548ee1cb856e79de69ad43,2023-11-27 18:00:31,No
https://github.com/tensorflow/tensorflow/commit/dc9ba8cd2226aac23360f9f7cac105618b1cb8c9,2023-11-27 17:19:33,No
https://github.com/tensorflow/tensorflow/commit/53c0900fdbb023ef48d582be01633083d98cadf4,2023-11-27 16:34:40,No
https://github.com/tensorflow/tensorflow/commit/131efc28a7f07bc27103a453a8fd88d57329e07f,2023-11-27 15:05:43,No
https://github.com/tensorflow/tensorflow/commit/d1ad87b61c28834a48d84d709f21aeedbd9c6521,2023-11-27 10:54:13,No
https://github.com/tensorflow/tensorflow/commit/e4914abb5ff8ffb7bb08b589cc1c1cc08e9aadd9,2023-11-24 10:11:48,No
https://github.com/tensorflow/tensorflow/commit/c7e6871736d594e8296aecf769fa835d8ccab3f1,2023-11-23 05:26:44,No
https://github.com/tensorflow/tensorflow/commit/b487f0246c5804978f86f0a6bf2add1b911af23c,2023-11-23 03:30:00,No
https://github.com/tensorflow/tensorflow/commit/985383ebfd658d2ea67e75d06244d5c67ca41c8b,2023-11-22 22:32:20,no
https://github.com/tensorflow/tensorflow/commit/4b4e10413f1f0caecf05ae8ac622a3ead4d73406,2023-11-22 16:36:00,Yes
https://github.com/tensorflow/tensorflow/commit/2d963d224d460759c411d3b5abaff061d4f97c6a,2023-11-22 14:38:56,no
https://github.com/tensorflow/tensorflow/commit/b560dacf64819f32091eaefef84b31b8467a9111,2023-11-22 09:20:36,No
https://github.com/tensorflow/tensorflow/commit/d61965a79e4c62a65a6413b838109bab947a9307,2023-11-21 18:14:55,No
https://github.com/tensorflow/tensorflow/commit/b4d34dd3f57d4186cd4f0823afc91338ef1f0faa,2023-11-21 12:57:30,No
https://github.com/tensorflow/tensorflow/commit/352a52874cb9a74d9065c7656ee06d1af36d2ccc,2023-11-20 18:07:30,No
https://github.com/tensorflow/tensorflow/commit/1cfc5badc4ec119b4cc2b5cfe8fa8b3c104256a8,2023-11-20 16:52:50,no
https://github.com/tensorflow/tensorflow/commit/a933bca2bd8766f236054b37db807a6f54bf5d52,2023-11-20 14:27:19,No
https://github.com/tensorflow/tensorflow/commit/020171654eee781714aad7a53bf1d73ec562963d,2023-11-20 06:54:53,No
https://github.com/tensorflow/tensorflow/commit/6589436d0000cdb5885e360e2151c0d30a1044a1,2023-11-20 04:47:16,No
https://github.com/tensorflow/tensorflow/commit/7500dfc73f2cfbeb0a3a76c005cbf0402b5cc0c7,2023-11-17 13:12:15,No
https://github.com/tensorflow/tensorflow/commit/36b005ff53e4ed4626e17927e2327b8edddf0541,2023-11-17 11:07:36,No
https://github.com/tensorflow/tensorflow/commit/ac012e26d4331919335d4bceb8abe22b68ed5434,2023-11-17 05:07:13,No
https://github.com/tensorflow/tensorflow/commit/f54b6e2359b5b5df9b2c5531d72fedd16023b74e,2023-11-15 19:33:17,No
https://github.com/tensorflow/tensorflow/commit/a6bf104fad37bcf4c6fcfb2e08c541473f886513,2023-11-14 20:25:44,no
https://github.com/tensorflow/tensorflow/commit/5e48d6e144f1b5523d3c84452974dc5cfec7d8bf,2023-11-14 17:54:21,No
https://github.com/tensorflow/tensorflow/commit/f8bd1ae461266720087224fdfa009b6aaf79803b,2023-11-14 08:58:45,no
https://github.com/tensorflow/tensorflow/commit/f25c22bc494573699c05ee7c38b6154da8c8fc62,2023-11-13 16:26:44,no
https://github.com/tensorflow/tensorflow/commit/25a4795128272e67c8ff38b175fd57ee413788ca,2023-11-10 09:02:21,no
https://github.com/tensorflow/tensorflow/commit/c6a273aa9b909046c15c60de7fcecef387a96189,2023-11-10 08:15:06,No
https://github.com/tensorflow/tensorflow/commit/7e054a2afcffd9e9934d9803a2c0d965974aa577,2023-11-09 18:39:23,No
https://github.com/tensorflow/tensorflow/commit/fdb6a156163aadd760d0a6c9b384f9247316d47a,2023-11-09 18:34:10,Yes
https://github.com/tensorflow/tensorflow/commit/345c804855499efcb35e08cf76f04a47480ac5f5,2023-11-09 15:32:44,No
https://github.com/tensorflow/tensorflow/commit/0200fb83552c4d8cdf3d457b1679e84aa4573b94,2023-11-09 14:35:58,No
https://github.com/tensorflow/tensorflow/commit/901b6bf71f7ab41a8d572a2c552e84494d869aac,2023-11-09 12:51:16,no
https://github.com/tensorflow/tensorflow/commit/9cef9ef00a4b8eb0dbcfce802bd8c06ea29a0baf,2023-11-08 21:13:40,No
https://github.com/tensorflow/tensorflow/commit/99658a3724f6910e1afbaa1d5d69c1b1c971cfbd,2023-11-08 20:44:30,No
https://github.com/tensorflow/tensorflow/commit/ea43e6c27cd1bdccf9daa05ff04a0008defe1a32,2023-11-08 15:13:59,No
https://github.com/tensorflow/tensorflow/commit/66c40ffc528852495c3ca6244e6dd4a8159d0aee,2023-11-08 03:42:18,No
https://github.com/tensorflow/tensorflow/commit/1dcfe25e1ab43a18f8dd3a48634fec5e96075d72,2023-11-07 17:55:39,No
https://github.com/tensorflow/tensorflow/commit/32441bc8946a964b1b45c0a0c4ad0f0809badc9c,2023-11-07 10:20:12,no
https://github.com/tensorflow/tensorflow/commit/a76a87f7ad9fbfc9f5495f4bd82c98a450d92784,2023-11-07 06:25:32,No
https://github.com/tensorflow/tensorflow/commit/14b0d574be4726e3c8c6f6f369cedb72e6036aea,2023-11-03 16:23:12,Yes
https://github.com/tensorflow/tensorflow/commit/20d54796563631c23c27548b321487e8b0c982a9,2023-11-03 13:34:02,Yes
https://github.com/tensorflow/tensorflow/commit/6efcbe292ce424f2bd834db3d126fa3c1f073353,2023-11-02 17:28:54,No
https://github.com/tensorflow/tensorflow/commit/7e49357b9ebb225708fd75a29c261bb43f63e2a0,2023-11-02 14:38:51,No
https://github.com/tensorflow/tensorflow/commit/c339b3034f94e8197d9b7519fb53e4dd44916f16,2023-11-01 15:54:25,No
https://github.com/tensorflow/tensorflow/commit/81ff894c113a5912ba52078ac27e36d06831112e,2023-11-01 07:43:01,Yes
https://github.com/tensorflow/tensorflow/commit/169b8a59c1da6a6d35bbe137f28554e56eb76a01,2023-10-31 17:17:46,No
https://github.com/tensorflow/tensorflow/commit/e44f8a08051baa58bde9130a844a1b82a8179526,2023-10-31 15:18:59,no
https://github.com/tensorflow/tensorflow/commit/1707ed9b9b0cc5cb02df22a06718c9c738825d39,2023-10-26 22:00:50,No
https://github.com/tensorflow/tensorflow/commit/d3ffd32e33f129c2cce47d20adede1c3430cc865,2023-10-26 18:01:27,Yes
https://github.com/tensorflow/tensorflow/commit/2f09461a1163fc0b81d50c0d81c0c8050b0eb683,2023-10-26 11:48:42,No
https://github.com/tensorflow/tensorflow/commit/5bbc6ed4ca05c5ff904bd2c80538036e380d5c9e,2023-10-26 08:33:43,No
https://github.com/tensorflow/tensorflow/commit/d66c44a37e1b9c01862a02da5cec5dc8e7f89a12,2023-10-25 23:59:11,No
https://github.com/tensorflow/tensorflow/commit/4a0d00f6e171a5fa63d353a68340a0e2a2d1edc1,2023-10-25 16:07:44,No
https://github.com/tensorflow/tensorflow/commit/284a121b9eedbdf6543ef06422b823df424bf35b,2023-10-24 14:49:18,No
https://github.com/tensorflow/tensorflow/commit/1db75cd948996b2ce2e56f75fcbdda1eaa6aa6e0,2023-10-19 17:44:23,No
https://github.com/tensorflow/tensorflow/commit/00ad8bd78fb20b2e0103f01a00546e793b10d0d2,2023-10-19 14:28:25,No
https://github.com/tensorflow/tensorflow/commit/ae709a6f0780160d9451fa1b81cc25aef2a5d2aa,2023-10-19 09:37:32,No
https://github.com/tensorflow/tensorflow/commit/fa5904b5eb47acbdb098d814e689871a9dc6fd72,2023-10-18 09:08:45,No
https://github.com/tensorflow/tensorflow/commit/4152512974b489c989c7937249e68cebf897d012,2023-10-17 15:57:04,Yes
https://github.com/tensorflow/tensorflow/commit/99dbde1e9e643425adf4099922cbb8b06e1e127b,2023-10-16 17:13:13,No
https://github.com/tensorflow/tensorflow/commit/7793f575e8efb345e4dd673137a5f4ff0c55f583,2023-10-16 06:01:11,No
https://github.com/tensorflow/tensorflow/commit/c8b5e2b0d9d91ff199a5eeb30ec2f5d33a5d92c6,2023-10-14 16:07:05,No
https://github.com/tensorflow/tensorflow/commit/893aa7518fe3175739ac1ba70d7355a0b091115c,2023-10-13 16:12:05,no
https://github.com/tensorflow/tensorflow/commit/b5953b857b7e8f4f0eb6e67ac7c3c40c9d4ddae3,2023-10-13 04:16:41,No
https://github.com/tensorflow/tensorflow/commit/86aa7ef960146497a436ffb0bc3369706f930a40,2023-10-12 20:53:05,No
https://github.com/tensorflow/tensorflow/commit/cb7e91648889efd1c09c65707dc6108c47672bc6,2023-10-12 20:14:21,No
https://github.com/tensorflow/tensorflow/commit/b46b4bcc44b7d496b23f7bb5326bc88df32364ab,2023-10-12 18:57:47,No
https://github.com/tensorflow/tensorflow/commit/807c635d82e9dae1072390dd360aecd6733d1b85,2023-10-12 15:20:49,No
https://github.com/tensorflow/tensorflow/commit/9cb9b9931b6297d700a337b2b62aa98d2d6d7820,2023-10-12 15:08:16,no
https://github.com/tensorflow/tensorflow/commit/ff9c88d37e6dc19f7c6772159a42d25107ba3a9e,2023-10-12 14:34:58,No
https://github.com/tensorflow/tensorflow/commit/3d0abfedac5c85796b3517c7fb61b0e3ba30b837,2023-10-12 08:23:00,No
https://github.com/tensorflow/tensorflow/commit/bd7efa358aa86de30372238d8c345492acddbaaa,2023-10-11 16:40:41,no
https://github.com/tensorflow/tensorflow/commit/95585e9d25942d4015ec04f7eced82c40536a1b7,2023-10-11 11:06:51,No
https://github.com/tensorflow/tensorflow/commit/8a5d02a320d042490a3e2d471aa1e5ef3d5e0d79,2023-10-11 09:19:35,No
https://github.com/tensorflow/tensorflow/commit/0aecf379b7bbdbe93be91643825f0ae94171d509,2023-10-11 05:52:47,No
https://github.com/tensorflow/tensorflow/commit/bfc08694e04476ffa2b36e72decb85f9306b2a5e,2023-10-10 13:16:34,no
https://github.com/tensorflow/tensorflow/commit/f80d8e3941cc880013e0141168669d04a0429635,2023-10-10 12:52:37,No
https://github.com/tensorflow/tensorflow/commit/9101aa36a498f39f179e640f1201a2a37691e19d,2023-10-10 01:49:05,No
https://github.com/tensorflow/tensorflow/commit/3cccb1ba0e80fd62cb644bd87baeec86141568be,2023-10-09 13:31:13,No
https://github.com/tensorflow/tensorflow/commit/36c59c42bda0cbe771718ffef3a1301743c74d4d,2023-10-05 19:51:11,No
https://github.com/tensorflow/tensorflow/commit/fae6dd87b5f8f2058fa33c4523d5717b4caa7a41,2023-10-05 18:10:14,No
https://github.com/tensorflow/tensorflow/commit/7f7980ce451d7e623c6f18d753bf3e345d0b224a,2023-10-04 15:43:06,No
https://github.com/tensorflow/tensorflow/commit/f3ac9cb0cce336c388695e76d27a188af05df6a5,2023-10-04 15:09:55,No
https://github.com/tensorflow/tensorflow/commit/7fcb746bc98b8b10042aca8c415e6619e981ac61,2023-10-04 13:03:19,No
https://github.com/tensorflow/tensorflow/commit/db6c71f6c7c7160674c25eca628a02242e830188,2023-10-03 22:29:26,Yes
https://github.com/tensorflow/tensorflow/commit/b321e8c40df25382c09824afa2571ea162670aba,2023-10-03 14:52:12,no
https://github.com/tensorflow/tensorflow/commit/929ed5d15494349577ed70b65f289272f53e4673,2023-10-02 22:01:00,Yes
https://github.com/tensorflow/tensorflow/commit/44aaffee483e90a1e60a9e263952a8dec40ceb98,2023-10-02 18:20:38,No
https://github.com/tensorflow/tensorflow/commit/ad39c958186235fa84e6574ec74ab0ae333d9bd7,2023-10-01 10:39:45,No
https://github.com/tensorflow/tensorflow/commit/15e8ebf798d02f3ea489f467bb94b3ec3befedcd,2023-09-29 16:07:22,No
https://github.com/tensorflow/tensorflow/commit/63feaf321165e1e2795f43e3834c007364921df6,2023-09-29 07:53:21,No
https://github.com/tensorflow/tensorflow/commit/8597a45659de0f0776535adc42769f91ce1000a6,2023-09-28 20:17:53,No
https://github.com/tensorflow/tensorflow/commit/9e524f09bb697bdf5e6cdf3f1b52841f98bc4247,2023-09-27 08:43:43,Yes
https://github.com/tensorflow/tensorflow/commit/0b86e66216e547c8dd5c825457ecbd54b40c8ffe,2023-09-27 04:28:30,No
https://github.com/tensorflow/tensorflow/commit/7dbcb2cd968a7b53848f9a7b1ed4f465436ddb9f,2023-09-27 02:30:51,No
https://github.com/tensorflow/tensorflow/commit/8d745464c2ad6d9a1f0198586e07a12ef82c468f,2023-09-26 17:59:12,No
https://github.com/tensorflow/tensorflow/commit/e77f4b676cb98ccf0a252d6fd869cd1a978aa434,2023-09-26 14:45:41,No
https://github.com/tensorflow/tensorflow/commit/c2ae731c249b9ad452304a505929a7de8faf12a8,2023-09-26 05:21:07,No
https://github.com/tensorflow/tensorflow/commit/450dec35448a73b3fcb5d4f82108d5fdcb3f59b4,2023-09-25 19:10:37,Yes
https://github.com/tensorflow/tensorflow/commit/422d09c0badb4bc56fb554a8a50e7e7346a2c972,2023-09-22 07:51:41,No
https://github.com/tensorflow/tensorflow/commit/fb01efc24a76eb53e808737ee882888489bdf3f9,2023-09-21 17:42:00,yes
https://github.com/tensorflow/tensorflow/commit/e6da72d8c1c7969e409488b843fe66cdf85e341f,2023-09-20 21:01:10,No
https://github.com/tensorflow/tensorflow/commit/fea0c082192a4063faf3b2f54a48b52cbb602487,2023-09-20 05:56:12,yes
https://github.com/tensorflow/tensorflow/commit/917c9e33a40cf07725f86700ab3960681a98180c,2023-09-20 02:06:27,Yes
