https://github.com/pytorch/pytorch/commit/fc135454ca656aaef9c31f67e8b9508a683251af,2024-01-24 13:45:10
https://github.com/pytorch/pytorch/commit/12662f4d955ba276cabb48a5ffa749127afdb4ef,2024-01-24 05:14:20
https://github.com/pytorch/pytorch/commit/63ee35c4e0c0b91fa39f44f0ef1b5582a51e5674,2024-01-05 14:15:05
https://github.com/pytorch/pytorch/commit/7553c495147f3e21a1e27d392d277906a47768e7,2023-12-12 13:02:05
https://github.com/pytorch/pytorch/commit/5de0dff7ea2f0857f2682ce4c1e6ad70779a76a6,2023-12-05 11:27:56
https://github.com/pytorch/pytorch/commit/6b39cf863f460ae23073514374b2950a562a5cbc,2023-09-25 14:21:18
https://github.com/pytorch/pytorch/commit/2872f788aabc094d5011580f71bdf1b31554bac3,2023-09-23 03:07:22
https://github.com/pytorch/pytorch/commit/871b5caae76185cff141c522b3133e7543c8dabf,2023-09-18 20:10:51
https://github.com/pytorch/pytorch/commit/0156eeb56488dc203180bd19645f3c26e5a50f42,2023-08-24 12:00:29
https://github.com/pytorch/pytorch/commit/77e369b363c1e908bfe1c554de615307661df93d,2023-08-02 23:34:04
